/*
SQLyog Enterprise v12.09 (64 bit)
MySQL - 5.7.32 : Database - springboot_travel
*********************************************************************
*/

/*!40101 SET NAMES utf8 */;

/*!40101 SET SQL_MODE=''*/;

/*!40014 SET @OLD_UNIQUE_CHECKS=@@UNIQUE_CHECKS, UNIQUE_CHECKS=0 */;
/*!40014 SET @OLD_FOREIGN_KEY_CHECKS=@@FOREIGN_KEY_CHECKS, FOREIGN_KEY_CHECKS=0 */;
/*!40101 SET @OLD_SQL_MODE=@@SQL_MODE, SQL_MODE='NO_AUTO_VALUE_ON_ZERO' */;
/*!40111 SET @OLD_SQL_NOTES=@@SQL_NOTES, SQL_NOTES=0 */;
CREATE DATABASE /*!32312 IF NOT EXISTS*/`springboot_travel` /*!40100 DEFAULT CHARACTER SET utf8mb4 */;

USE `springboot_travel`;

/*Table structure for table `t_cart` */

DROP TABLE IF EXISTS `t_cart`;

CREATE TABLE `t_cart` (
  `cart_id` int(11) NOT NULL AUTO_INCREMENT COMMENT '购物车表主键',
  `user_id` int(11) NOT NULL COMMENT '用户id',
  `checked` tinyint(1) DEFAULT '0' COMMENT '是否选中，1-选中，0-未选中',
  `goods_id` int(11) NOT NULL DEFAULT '1' COMMENT '商品id',
  `goods_num` int(11) DEFAULT '0' COMMENT '商品数量',
  `create_time` timestamp NULL DEFAULT CURRENT_TIMESTAMP ON UPDATE CURRENT_TIMESTAMP,
  `update_time` timestamp NULL DEFAULT CURRENT_TIMESTAMP ON UPDATE CURRENT_TIMESTAMP,
  PRIMARY KEY (`cart_id`)
) ENGINE=InnoDB AUTO_INCREMENT=5 DEFAULT CHARSET=utf8mb4 COLLATE=utf8mb4_unicode_ci;

/*Data for the table `t_cart` */

insert  into `t_cart`(`cart_id`,`user_id`,`checked`,`goods_id`,`goods_num`,`create_time`,`update_time`) values (3,2,1,2230075,2,'2022-01-07 17:51:02','2022-01-07 17:51:02'),(4,2,1,2517172,3,'2022-01-10 17:53:38','2022-01-10 17:53:38');

/*Table structure for table `t_category` */

DROP TABLE IF EXISTS `t_category`;

CREATE TABLE `t_category` (
  `cid` int(11) NOT NULL AUTO_INCREMENT COMMENT '分类id',
  `name` varchar(128) CHARACTER SET utf8 NOT NULL COMMENT '分类名',
  PRIMARY KEY (`cid`)
) ENGINE=InnoDB AUTO_INCREMENT=7 DEFAULT CHARSET=utf8mb4 COLLATE=utf8mb4_unicode_ci;

/*Data for the table `t_category` */

insert  into `t_category`(`cid`,`name`) values (1,'国内游'),(2,'港澳台'),(3,'东南亚'),(4,'欧美游'),(5,'日韩游'),(6,'跟团游');

/*Table structure for table `t_comment` */

DROP TABLE IF EXISTS `t_comment`;

CREATE TABLE `t_comment` (
  `comment_id` int(11) NOT NULL AUTO_INCREMENT COMMENT '评论表主键',
  `route_id` int(11) DEFAULT NULL COMMENT '路线id',
  `content` text COMMENT '评论内容',
  `user_id` int(11) NOT NULL COMMENT '用户id',
  PRIMARY KEY (`comment_id`),
  KEY `route_id` (`route_id`),
  KEY `user_id` (`user_id`),
  CONSTRAINT `t_comment_ibfk_1` FOREIGN KEY (`route_id`) REFERENCES `t_route` (`id`),
  CONSTRAINT `t_comment_ibfk_2` FOREIGN KEY (`user_id`) REFERENCES `t_user` (`user_id`)
) ENGINE=InnoDB DEFAULT CHARSET=utf8;

/*Data for the table `t_comment` */

/*Table structure for table `t_favorite` */

DROP TABLE IF EXISTS `t_favorite`;

CREATE TABLE `t_favorite` (
  `user_id` int(11) NOT NULL COMMENT '用户id',
  `route_id` int(11) NOT NULL COMMENT '旅游路线id',
  `create_time` timestamp NULL DEFAULT CURRENT_TIMESTAMP COMMENT '创建时间',
  PRIMARY KEY (`route_id`,`user_id`),
  KEY `user_id` (`user_id`),
  CONSTRAINT `t_favorite_ibfk_1` FOREIGN KEY (`user_id`) REFERENCES `t_user` (`user_id`),
  CONSTRAINT `t_favorite_ibfk_2` FOREIGN KEY (`route_id`) REFERENCES `t_route` (`id`)
) ENGINE=InnoDB DEFAULT CHARSET=utf8;

/*Data for the table `t_favorite` */

/*Table structure for table `t_message` */

DROP TABLE IF EXISTS `t_message`;

CREATE TABLE `t_message` (
  `id` int(11) NOT NULL AUTO_INCREMENT,
  `user_id` int(11) DEFAULT NULL COMMENT '用户id',
  `content` varchar(512) COLLATE utf8mb4_unicode_ci DEFAULT NULL COMMENT '留言内容',
  `counts` int(11) DEFAULT '0' COMMENT '点赞数',
  `parent_id` int(11) DEFAULT '-1' COMMENT '父留言id',
  `create_time` timestamp NOT NULL DEFAULT CURRENT_TIMESTAMP ON UPDATE CURRENT_TIMESTAMP,
  PRIMARY KEY (`id`)
) ENGINE=InnoDB AUTO_INCREMENT=7 DEFAULT CHARSET=utf8mb4 COLLATE=utf8mb4_unicode_ci;

/*Data for the table `t_message` */

insert  into `t_message`(`id`,`user_id`,`content`,`counts`,`parent_id`,`create_time`) values (1,2,'我好喜欢西藏游...',7,-1,'2022-01-11 11:17:39'),(2,2,'希望多推荐一下海岛游玩攻略',4,-1,'2022-01-11 11:18:45'),(3,2,'自驾游云南的有一起的小伙伴吗，速速联系我15999996666',88,-1,'2022-01-11 11:18:52'),(4,1,'好的我会尽快收集海岛攻略尽快让您出发享受旅行',23,2,'2022-01-11 11:19:56'),(5,1,'现在国外疫情严重，希望您优先选择国内海岛游，健康第一',333,2,'2022-01-11 11:24:29'),(6,4,'<h1 id=\"f53oa\">标题1</h1><p>hahaha</p><p>??<br/></p>',1,-1,'2022-01-11 17:19:49');

/*Table structure for table `t_perm` */

DROP TABLE IF EXISTS `t_perm`;

CREATE TABLE `t_perm` (
  `perm_id` int(11) NOT NULL AUTO_INCREMENT,
  `name` varchar(128) COLLATE utf8mb4_unicode_ci DEFAULT NULL COMMENT '权限字符串',
  PRIMARY KEY (`perm_id`)
) ENGINE=InnoDB AUTO_INCREMENT=17 DEFAULT CHARSET=utf8mb4 COLLATE=utf8mb4_unicode_ci;

/*Data for the table `t_perm` */

insert  into `t_perm`(`perm_id`,`name`) values (1,'user:*'),(2,'user:add'),(3,'user:delete'),(4,'user:update'),(5,'user:get'),(6,'seller:*'),(7,'seller:add'),(8,'seller:update'),(9,'seller:get'),(10,'seller:delete'),(11,'route:*'),(12,'route:add'),(13,'route:update'),(14,'route:get'),(15,'route:delete'),(16,'*:*');

/*Table structure for table `t_role` */

DROP TABLE IF EXISTS `t_role`;

CREATE TABLE `t_role` (
  `role_id` int(11) NOT NULL AUTO_INCREMENT,
  `name` varchar(128) COLLATE utf8mb4_unicode_ci NOT NULL COMMENT '角色名',
  `name_zh` varchar(128) COLLATE utf8mb4_unicode_ci DEFAULT NULL COMMENT '角色中文名',
  PRIMARY KEY (`role_id`)
) ENGINE=InnoDB AUTO_INCREMENT=9 DEFAULT CHARSET=utf8mb4 COLLATE=utf8mb4_unicode_ci;

/*Data for the table `t_role` */

insert  into `t_role`(`role_id`,`name`,`name_zh`) values (1,'admin','超级管理员'),(2,'vip1','会员1'),(3,'vip2','会员2'),(4,'vip3','会员3'),(5,'customer','普通用户'),(6,'guest','游客'),(7,'userManager','用户管理员'),(8,'routeManager','路线管理员');

/*Table structure for table `t_role_perm` */

DROP TABLE IF EXISTS `t_role_perm`;

CREATE TABLE `t_role_perm` (
  `id` int(11) NOT NULL AUTO_INCREMENT,
  `role_id` int(11) DEFAULT NULL,
  `perm_id` int(11) DEFAULT NULL,
  PRIMARY KEY (`id`)
) ENGINE=InnoDB AUTO_INCREMENT=12 DEFAULT CHARSET=utf8mb4 COLLATE=utf8mb4_unicode_ci;

/*Data for the table `t_role_perm` */

insert  into `t_role_perm`(`id`,`role_id`,`perm_id`) values (1,1,1),(2,1,6),(3,1,11),(4,2,1),(5,3,6),(6,4,11),(7,5,14),(8,5,9),(9,6,14),(10,7,1),(11,8,11);

/*Table structure for table `t_route` */

DROP TABLE IF EXISTS `t_route`;

CREATE TABLE `t_route` (
  `id` int(11) NOT NULL AUTO_INCREMENT COMMENT '旅游路线id',
  `title` varchar(512) CHARACTER SET utf8 NOT NULL COMMENT '线路名称',
  `route_photo` text CHARACTER SET utf8 COMMENT '路线轮播图',
  `price` int(11) DEFAULT NULL COMMENT '价格',
  `introduction` text CHARACTER SET utf8 COMMENT '路线简介',
  `flag` tinyint(1) DEFAULT '1' COMMENT '0-没有上架，1-上架',
  `counts` int(11) DEFAULT NULL COMMENT '收藏',
  `location` varchar(128) COLLATE utf8mb4_unicode_ci DEFAULT NULL COMMENT '地名，如北京，成都',
  `category_id` int(11) DEFAULT NULL COMMENT '分类category_id',
  `seller_id` int(11) DEFAULT NULL COMMENT '店铺id',
  `publish_time` timestamp NULL DEFAULT CURRENT_TIMESTAMP COMMENT '上架时间',
  PRIMARY KEY (`id`),
  KEY `seller_id` (`seller_id`),
  KEY `categroy_id` (`category_id`)
) ENGINE=InnoDB AUTO_INCREMENT=9315252 DEFAULT CHARSET=utf8mb4 COLLATE=utf8mb4_unicode_ci;

/*Data for the table `t_route` */

insert  into `t_route`(`id`,`title`,`route_photo`,`price`,`introduction`,`flag`,`counts`,`location`,`category_id`,`seller_id`,`publish_time`) values (2161388,'【0购物0自费·纯玩】泰国曼谷+芭提雅+沙美岛6日（国际五钻+海边泳池+大皇宫+网红火车夜市+杜拉拉水上市场+MAX泰拳+无购物无自费团)','http://sales.mafengwo.net/mfs/s13/M00/2F/D0/wKgEaVzaLieAH_TuAAJHAKX41Ow303.gif,http://sales.mafengwo.net/mfs/s13/M00/C2/0A/wKgEaVziwOuAG4yKAADDL9PlXnI72.jpeg,http://sales.mafengwo.net/mfs/s14/M00/11/41/wKgE2l0LO4eAM77wAAJCz16s4-015.jpeg,http://sales.mafengwo.net/mfs/s13/M00/17/18/wKgEaVxkt-KAba_wAAyjFK_SZM010.jpeg,http://sales.mafengwo.net/mfs/s13/M00/85/4F/wKgEaVyxaHSAcperAAF5Iz4ZugM10.jpeg,http://sales.mafengwo.net/mfs/s15/M00/85/99/CoUBGV39h7WAUWM5AADVTbqOqD495.jpeg',4199,NULL,0,23,'曼谷',6,51392,'2022-01-05 09:51:50'),(2199990,'寓教于乐 美国西部初体验13日尽享亲子时光定制(圣地亚哥海洋世界与魔鬼鱼互动+送受伤小动物回归野外+喂食触摸海豚+洛杉矶观鲸+海湾大桥舰队巡航)','http://sales.mafengwo.net/mfs/s11/M00/EB/1D/wKgBEFpMUR6AbSNZAA3wbphZqiE637.png,http://sales.mafengwo.net/mfs/s10/M00/62/8F/wKgBZ1mNRbSAIQfXAACxQeeRrT030.jpeg,http://sales.mafengwo.net/mfs/s10/M00/62/9B/wKgBZ1mNRbaAHW_yAAGAShVa7VI84.jpeg,http://sales.mafengwo.net/mfs/s10/M00/62/A8/wKgBZ1mNRbiAS9-RAAFSG1-QchU71.jpeg',30999,NULL,0,39,'美国',4,52292,'2022-01-04 20:31:17'),(2227920,'疫情结束就出发-阳光加州+冬日黄石16天自驾定制之旅（咨询解锁1号公路网红新地标+马里布奇妙酒庄动物园亲子之旅+洛杉矶网红秋千打卡+第一时间住进黄石+大峡谷羚羊谷时尚大片拍不够）','http://sales.mafengwo.net/mfs/s13/M00/7E/D4/wKgEaVzAARKAZwJoAAKm9UW5WaU83.jpeg,http://sales.mafengwo.net/mfs/s13/M00/05/E5/wKgEaV2IbUOAd1WbAAp-SPKFg6M395.png,http://sales.mafengwo.net/mfs/s12/M00/C7/3C/wKgED1vhVyGAN9ASAAB9nz4_QNE91.jpeg,http://sales.mafengwo.net/mfs/s12/M00/C7/25/wKgED1vhVw-AACYMAAKXkizydTQ97.jpeg,http://sales.mafengwo.net/mfs/s9/M00/1A/10/wKgBs12IcmCAFBTVABFRp735u8894.jpeg,http://sales.mafengwo.net/mfs/s12/M00/C7/33/wKgED1vhVxqAP3YtAABQ80M27_k86.jpeg',16200,NULL,0,594,'美国',4,2896,'2022-01-04 20:28:38'),(2230075,'海南三亚5日家庭亲子游私家定制团 （ 嗨玩蜈支洲岛+穿越呀诺达热带雨林+连住一线高级海景房+中西自助早）','http://sales.mafengwo.net/mfs/s11/M00/19/F0/wKgBEFqiQfyAC0fmAAC5H2qqeEE61.jpeg,http://sales.mafengwo.net/mfs/s10/M00/93/04/wKgBZ1nDaH-ATrxKAASrjzYBW10712.png,http://sales.mafengwo.net/mfs/s10/M00/C0/1C/wKgBZ1nEigCAKMCHABlDcnicYiQ17.jpeg,http://sales.mafengwo.net/mfs/s11/M00/42/18/wKgBEFsy44yASUMzAAHjPp0nfkI68.jpeg,http://sales.mafengwo.net/mfs/s10/M00/62/9E/wKgBZ1nPEyyAL6_uAAdEwAuzpn044.jpeg',2899,NULL,1,154,'',1,54551,'2022-01-04 17:01:19'),(2230337,'芬兰冰岛12日极地探索定制(走进北极圈以北邂逅圣诞老人+神秘蓝冰洞探险+入住小木屋夜观震撼极光+探寻神秘魔力欧若拉+户外摩托和雪橇冒险+和当地人一起畅玩冰雪天地)','http://sales.mafengwo.net/mfs/s2/M00/24/21/wKgIDFo7NhaAfBW2AA8jr1Zsuxk583.png,http://sales.mafengwo.net/mfs/s2/M00/24/27/wKgIDFo7NhyAVtdeAAz8dQJ3jf0017.png,http://sales.mafengwo.net/mfs/s3/M00/15/16/wKgIDVo7Nh-ADdmmAAzUgUFr3cE122.png,http://sales.mafengwo.net/mfs/s3/M00/15/19/wKgIDVo7NiKADG3xAAOdzcacwQU895.png,http://sales.mafengwo.net/mfs/s4/M00/12/4F/wKgIDlo7NiWAW183AAOVUL3mW00215.png',33990,NULL,0,210,'芬兰',4,52292,'2022-01-04 20:41:09'),(2252777,'疫情结束带娃去旅行~夏威夷9日亲子度假跳岛定制之旅（雪山观星看日出+《侏罗纪公园》取景地古兰尼牧场+探寻波利尼亚文化+观火山熔岩奇景+热带鱼共舞恐龙湾浮潜）','http://sales.mafengwo.net/mfs/s13/M00/FC/3C/wKgEaVyz6-yAe9J-AAerk6W5LxE345.png,http://sales.mafengwo.net/mfs/s13/M00/FB/B8/wKgEaVyz64-AGI84AAGTL0dLUTM78.jpeg,http://sales.mafengwo.net/mfs/s13/M00/FB/5D/wKgEaVyz61eAai_8AAGJOxGP0CI30.jpeg,http://sales.mafengwo.net/mfs/s13/M00/FB/7C/wKgEaVyz62mAOJJpAAD0YA7ENZg66.jpeg,http://sales.mafengwo.net/mfs/s13/M00/FB/A0/wKgEaVyz64SALPW9AAHl5pRS49Q52.jpeg,http://sales.mafengwo.net/mfs/s14/M00/69/E1/wKgE2l0Z2VWAPxA4AAFOGHBeSfU51.jpeg',9850,NULL,0,169,'美国',4,2896,'2022-01-04 20:29:32'),(2287835,'年底特惠·三亚必玩·专属轻奢5日定制游（海边/海景/国际品牌多酒店可选+呆呆岛浮潜+游艇出海+亚特兰蒂斯水世界+畅玩蜈支洲岛海底潜水+全海景玻璃栈道+出海捕鱼）','http://sales.mafengwo.net/mfs/s12/M00/89/64/wKgED1v2R4SAANX8AACJLBnCHI052.jpeg,http://sales.mafengwo.net/mfs/s12/M00/89/6D/wKgED1v2R4uAEkjxAAJbjEQXpNA09.jpeg,http://sales.mafengwo.net/mfs/s11/M00/DC/66/wKgBEFsHlZGAcCFJAAluJ0X6UFk32.jpeg,http://sales.mafengwo.net/mfs/s12/M00/89/69/wKgED1v2R4mAC7F2AACjRwwyJpg28.jpeg,http://sales.mafengwo.net/mfs/s12/M00/98/42/wKgED1v2UemASsWuAAGOmTeHA7w98.jpeg,http://sales.mafengwo.net/mfs/s11/M00/E8/18/wKgBEFrhJgaAQM2nAAKPdc6X86o64.jpeg',2380,NULL,0,3587,'三亚',1,3144,'2022-01-04 16:25:07'),(2295490,'1对1服务·三亚5日专属主题定制游（游艇出海+呆呆岛+天空翱翔滑翔伞+直升机体验+亚特兰蒂斯酒店+国际品牌多酒店可选+海底餐厅+帆船体验+生猛海鲜大餐）','http://sales.mafengwo.net/mfs/s13/M00/17/A2/wKgEaVzGx_mABslUAARwyB5yKf896.jpeg,http://sales.mafengwo.net/mfs/s10/M00/32/5A/wKgBZ1nNwsWALffLAAcPNi5Tcs8068.png,http://sales.mafengwo.net/mfs/s13/M00/F7/02/wKgEaVyF-c-AFfzkAAvPgwEECrA24.jpeg,http://sales.mafengwo.net/mfs/s13/M00/17/C5/wKgEaVzGyAmATzCSAAT5JR3mBDM87.jpeg,http://sales.mafengwo.net/mfs/s13/M00/70/DB/wKgEaVy-3NWAbd_aAAMIGT8ru6o85.jpeg,http://sales.mafengwo.net/mfs/s13/M00/17/F6/wKgEaVzGyC6AVbNDAAVqjdUeyRo37.jpeg',2150,NULL,0,791,'三亚',1,3144,'2022-01-04 16:20:45'),(2333535,'春节早定优惠·马尔代夫温馨家庭游6天亲子定制游（儿童免费吃住+丰富的亲子活动+专属儿童俱乐部+贴心儿童看护服务+儿童游泳池）','http://sales.mafengwo.net/mfs/s11/M00/C8/47/wKgBEFqnbqKAWZSGAAKWIWsKP6c65.jpeg,http://sales.mafengwo.net/mfs/s14/M00/31/00/wKgE2l1A8PmAfiwkAAfU4pP42wY62.jpeg,http://sales.mafengwo.net/mfs/s14/M00/32/2F/wKgE2l1A8W6ATgIZAAgl7zHEDi490.jpeg,http://sales.mafengwo.net/mfs/s14/M00/32/B5/wKgE2l1A8aSANeTUAAXQlCZr2BM47.jpeg,http://sales.mafengwo.net/mfs/s14/M00/39/51/wKgE2l1A9BaAaWgYAAqXx2lCVu413.jpeg',11680,NULL,0,776,'马尔代夫',3,58445,'2022-01-04 20:03:06'),(2345332,'马尔代夫6日浪漫蜜月/婚礼定制旅行（可定制春节亲子游+尊享浪漫蜜月+专属婚礼策划+唯美婚纱摄影+惊喜的蜜月赠送+超高私密性）','http://sales.mafengwo.net/mfs/s13/M00/A7/BA/wKgEaV2hqgOABpekAARZoQ3bYQQ57.jpeg,http://sales.mafengwo.net/mfs/s10/M00/DB/DE/wKgBZ1o6Bi6ANTnOAAKdXuAI4kI86.jpeg,http://sales.mafengwo.net/mfs/s11/M00/8D/15/wKgBEFpXNrWADkKSAAOQNYwezCw36.jpeg,http://sales.mafengwo.net/mfs/s11/M00/7F/E5/wKgBEFrgYCGARYS9AAJhoW7ngZs69.jpeg,http://sales.mafengwo.net/mfs/s11/M00/80/BB/wKgBEFrgYOeAIyPTAAKrbASDvak19.jpeg',11888,NULL,0,3337,'马尔代夫',3,58445,'2022-01-04 20:02:15'),(2352635,'四川全景定制4日游（九寨沟/黄龙/毕棚沟/达古冰川/稻城/稻城亚丁/成都  成都美食路线+达古冰川+黑水彩林+九寨沟黄龙3日游+深度游玩九寨沟+九寨沟旅游+成都/九寨沟包车+九寨沟/成都旅游）','http://sales.mafengwo.net/mfs/s16/M00/A7/76/CoUBUmFMS8-AFEDBAAx6a0p4H_A59.jpeg,http://sales.mafengwo.net/mfs/s10/M00/C2/03/wKgBZ1oySmCAAk2hAAR7oLLQVx079.jpeg,http://sales.mafengwo.net/mfs/s12/M00/1D/6D/wKgED1vLA_KAf8VzAARUejXGnDo21.jpeg,http://sales.mafengwo.net/mfs/s18/M00/EB/C5/CoUBYGBS7DCAVKhnAAjwz4h1S_Q16.jpeg,http://sales.mafengwo.net/mfs/s18/M00/EE/78/CoUBYGBS7bWAP8ipAAZvm6sMK8E40.jpeg',999,NULL,0,5992,'成都',1,1853,'2022-01-04 17:06:52'),(2404717,'【春暖花开·不聚众就选小团】三亚全景定制5日游(亚特兰蒂斯水族馆+畅玩蜈支洲潜水滑翔伞+生猛海鲜大餐+呆呆岛旅拍+游艇出海浪一浪+私密无边泳池+四大主题游任选）','http://sales.mafengwo.net/mfs/s18/M00/F7/FB/CoUBYGBcKKiAOsdnAAMAHAZ2GEA01.jpeg,http://sales.mafengwo.net/mfs/s12/M00/38/78/wKgED1vuPZ2ACckxAACNUZ64UnQ56.jpeg,http://sales.mafengwo.net/mfs/s12/M00/3C/C3/wKgED1vuP-2AYkcsAAP2yts5WAo05.jpeg,http://sales.mafengwo.net/mfs/s12/M00/A9/61/wKgED1vtXhOALwIRAATHWEjwJ7A55.jpeg,http://sales.mafengwo.net/mfs/s12/M00/A7/0F/wKgED1vujN-APAOdAAVmKQzK1qg97.jpeg',2499,NULL,0,1652,'三亚',1,1853,'2022-01-04 16:57:38'),(2414143,'希腊意大利12日蜜月定制（打卡网红蓝顶教堂+重走《罗马假日》+爱琴海赏日落+探访意式风情小镇+天堂海滩享受日光浴+雅典艺术节感受希腊文明）','http://sales.mafengwo.net/mfs/s13/M00/EE/D8/wKgEaVya34iAYhb4ADujc78BawU366.gif,http://sales.mafengwo.net/mfs/s11/M00/4A/FF/wKgBEFqg8BSAICG4AASWteVcnqM73.jpeg,http://sales.mafengwo.net/mfs/s11/M00/4B/7F/wKgBEFqg8LmALoKnAAZz2wsKbd039.jpeg,http://sales.mafengwo.net/mfs/s11/M00/4B/A5/wKgBEFqg8N6AA5oOAAcE-ADz4Zw94.jpeg,http://sales.mafengwo.net/mfs/s11/M00/4B/AF/wKgBEFqg8OeAAwHXAATRgb08yIE58.jpeg,http://sales.mafengwo.net/mfs/s11/M00/4B/BB/wKgBEFqg8PCAa64VAASkzm1DYvw52.jpeg',19800,NULL,0,281,'希腊',4,54257,'2022-01-04 20:35:54'),(2419713,'芬兰+丹麦+瑞典+挪威+冰岛北欧五国童话之旅12日定制游（嗨玩圣诞老人村+体验蓝湖温泉+打卡黄金圈+抓捕帝王蟹）','http://sales.mafengwo.net/mfs/s13/M00/31/46/wKgEaVysGeaAOENVAAjbYVYGq1k474.gif,http://sales.mafengwo.net/mfs/s11/M00/16/2D/wKgBEFqnn_WAAvCYABWzn169nAQ57.jpeg,http://sales.mafengwo.net/mfs/s11/M00/16/33/wKgBEFqnn_mATeUeABk3Gepkl6Q64.jpeg,http://sales.mafengwo.net/mfs/s13/M00/0F/41/wKgEaVysW0qADYJSAASwnjpPYP443.jpeg',26960,NULL,0,127,'冰岛',4,54257,'2022-01-04 20:39:56'),(2421320,'日本东京大阪京都奈良7天6晚亲子家庭定制游（畅玩东京迪士尼乐园+大阪环球影城+花见小路和服美拍+京都古寺神社祈福+宇治抹茶手工体验+奈良萌鹿亲密互动+心斋桥/道顿崛美食扫货）','http://sales.mafengwo.net/mfs/s14/M00/57/7C/wKgE2l1vTuyAA3jzAD4vIOQBJiQ61.jpeg,http://sales.mafengwo.net/mfs/s12/M00/BA/22/wKgED1v_l0yAN2ccAAHvjn3g_xM54.jpeg,http://sales.mafengwo.net/mfs/s12/M00/1D/4F/wKgED1xG2NGAWD2AACCMqnE_OWQ85.jpeg,http://sales.mafengwo.net/mfs/s12/M00/1D/77/wKgED1xG2OWAXzCIAAHKa_tJ4Pc17.jpeg,http://sales.mafengwo.net/mfs/s13/M00/DF/87/wKgEaVzGrJKAGaCLABA0vyuw7QI35.jpeg',8880,NULL,0,916,'日本',5,53729,'2022-01-05 09:40:10'),(2434419,'法意瑞16日定制（《妻子的浪漫旅行》同款玩法+米开朗基罗广场看日落+塞纳河游船+埃菲尔铁塔浪漫晚餐+乘坐山口列车）','http://sales.mafengwo.net/mfs/s13/M00/99/87/wKgEaVxs796AYv_NABBtt7FKkpk19.jpeg,http://sales.mafengwo.net/mfs/s13/M00/0A/50/wKgEaVxtJvqAeAptABLLPFGa8VM26.jpeg,http://sales.mafengwo.net/mfs/s13/M00/0C/1D/wKgEaVxtKB2AR0pqABJXshz6rt472.jpeg,http://sales.mafengwo.net/mfs/s13/M00/0C/9E/wKgEaVxtKF6AF_YXAAFpf4SdMTc75.jpeg',19980,NULL,0,434,'意大利',4,54257,'2022-01-04 20:33:03'),(2436525,'迪拜6日半自助游（纯玩无购物+EK豪华航空+畅玩维迪水上乐园+升级酒店套餐可选+赠送沙漠冲沙+国际五星级酒店自助午餐）','http://sales.mafengwo.net/mfs/s10/M00/C6/CF/wKgBZ1lm0QeAZKJ7ABrkdXHHxz415.jpeg,http://sales.mafengwo.net/mfs/s13/M00/54/54/wKgEaVzauNGAT68BAAOeW_UMWAw90.jpeg,http://sales.mafengwo.net/mfs/s12/M00/4F/E1/wKgED1wPemeAR5ETAAUvElPlYMo28.jpeg,http://sales.mafengwo.net/mfs/s11/M00/ED/DA/wKgBEFpMVIaAF3cVAATuKcs8T3k16.jpeg,http://sales.mafengwo.net/mfs/s10/M00/C9/90/wKgBZ1opBnuADmeOAAFgs3jiayc84.jpeg,http://sales.mafengwo.net/mfs/s12/M00/06/C0/wKgED1vRk7KAYk-kAAJj-FuIqtw11.jpeg',6999,NULL,0,34,'迪拜',6,51908,'2022-01-05 09:52:27'),(2436618,'日本北海道8天7晚亲子赏枫定制游（打卡紫色薰衣草花海+洞爷湖花火大会+体验札幌夏日祭庆典+旭川动物园亲子互动+浪漫小樽情书巡礼+洞爷湖火山温泉体验）','http://sales.mafengwo.net/mfs/s11/M00/32/8C/wKgBEFrDNuuAFA30AAZormXCNUE95.jpeg,http://sales.mafengwo.net/mfs/s11/M00/CD/BC/wKgBEFswf2eASC5cAAyiHvWpztQ07.jpeg,http://sales.mafengwo.net/mfs/s12/M00/8A/60/wKgED1vYAiOARusbAAFXJEWNpMA58.jpeg,http://sales.mafengwo.net/mfs/s12/M00/BA/B9/wKgED1vNjdSAePU2AArcR6gW-Ok68.jpeg,http://sales.mafengwo.net/mfs/s11/M00/56/09/wKgBEFtkNJqAWBTyAAU69dS5_KM67.jpeg',14880,NULL,0,370,'北海道',5,53729,'2022-01-05 09:42:13'),(2471618,'地道玩法~伦敦曼城爱丁堡11日定制（哈利波特取景地+泰晤士游船+踏访曼城足球场+感受世界著名大学魅力）','http://sales.mafengwo.net/mfs/s10/M00/2C/7F/wKgBZ1lciTyALKh3ABpbrto_0Qg03.jpeg,http://sales.mafengwo.net/mfs/s11/M00/C3/68/wKgBEFrPHJ-ACewKADLsz-WosbQ21.jpeg,http://sales.mafengwo.net/mfs/s11/M00/76/43/wKgBEFqeKvKAfGzeAEfGiV0PVio70.jpeg,http://sales.mafengwo.net/mfs/s11/M00/BC/72/wKgBEFrVl6eAGjprABTnnzw90-s57.jpeg,http://sales.mafengwo.net/mfs/s11/M00/BC/7C/wKgBEFrVl6yARlllACwNf9-E8ls91.jpeg,http://sales.mafengwo.net/mfs/s11/M00/C3/7C/wKgBEFrPHK-AdWH8ADsLJCvP2LY35.jpeg',21890,NULL,0,121,'英国',4,54257,'2022-01-04 20:45:59'),(2514019,'三亚5日多主题专属定制游（亚特兰蒂斯+直升飞机体验+豪华帆船游艇出海+企业会议团建outing+蜈支洲岛+网红秋千观海+全海景玻璃栈道+远海潜水+24h旅行服务+临海独栋别墅）','http://sales.mafengwo.net/mfs/s10/M00/6D/4F/wKgBZ1lsT5iAUqmkABfhhSUeqZw554.gif,http://sales.mafengwo.net/mfs/s11/M00/3A/EC/wKgBEFtNVHyAeZfTAAZhIJ3W8CA90.jpeg,http://sales.mafengwo.net/mfs/s11/M00/10/5A/wKgBEFr8A5-AaiDUAAD9iqdcPQA70.jpeg,http://sales.mafengwo.net/mfs/s11/M00/9F/F1/wKgBEFrYC4uATpz_AACKGQzGtRE94.jpeg,http://sales.mafengwo.net/mfs/s14/M00/6C/EB/wKgE2l0MVr-ANbaRAAnIk6PYkl0212.png,http://sales.mafengwo.net/mfs/s14/M00/82/76/wKgE2lz83FKAax1jABuulWI3BS8192.png',1299,NULL,0,220,'三亚',1,3287,'2022-01-04 16:21:34'),(2516032,'【成都过大年】四川全景定制5日游（退改无忧/天数自定义/九寨沟/黄龙/达古冰川/毕棚沟/三星堆/四姑娘山/峨眉乐山/都江堰青城山/熊猫基地/四川成都九寨沟周边游·四川九寨沟旅游 成都到九寨沟景区 九寨沟包车旅游 ）','http://sales.mafengwo.net/mfs/s18/M00/06/85/CoUBYGB-dNWAMRVHAAamdUg5KTo09.jpeg,http://sales.mafengwo.net/mfs/s11/M00/00/F4/wKgBEFpmnRWAJnEnAAS3ggDSn4031.jpeg,http://sales.mafengwo.net/mfs/s10/M00/82/CC/wKgBZ1xjtiqALGm5AALA7PKAo0820.jpeg,http://sales.mafengwo.net/mfs/s12/M00/69/53/wKgED1xju_KAUw2aAAwyeaQp_G8534.png,http://sales.mafengwo.net/mfs/s13/M00/59/8D/wKgEaVyU66-AYAWBAAUC59bvH5g25.jpeg,http://sales.mafengwo.net/mfs/s12/M00/81/F8/wKgED1vtOZKAYJqFAAMnl7q3Vw805.jpeg',1280,NULL,0,3050,'四川',1,70750,'2022-01-04 17:06:10'),(2517172,'私家定制团/成都+九寨沟+-黄龙+四姑娘山+墨石公园+丹巴藏寨+稻城亚丁+海螺沟9天8晚全景环线游（一单一团+四川全景大环线+亚丁景区深度游）','http://sales.mafengwo.net/mfs/s11/M00/F7/F5/wKgBEFsieDaAVM_nAAIDQpwDk9I49.jpeg,http://sales.mafengwo.net/mfs/s11/M00/48/04/wKgBEFsXmfqAEmCGAAFKBPDELLY15.jpeg,http://sales.mafengwo.net/mfs/s11/M00/48/09/wKgBEFsXmf2AYbQ3AAM01q-oc9k95.jpeg,http://sales.mafengwo.net/mfs/s11/M00/47/FD/wKgBEFsXmfWAZDudAAKE3d2h8Vg51.jpeg,http://sales.mafengwo.net/mfs/s11/M00/F8/00/wKgBEFsieECAKsUCAALpI-_XWF840.jpeg,http://sales.mafengwo.net/mfs/s18/M00/28/00/CoUBYGA_MfWAXic6AAQ0IUKcnzg40.jpeg',3880,NULL,1,548,'',1,70750,'2022-01-04 17:13:04'),(2526438,'泰幸福-普吉情侣6日蜜月定制游（蜜月岛帆船日落游+皇帝岛拖钓游+经典泰式SPA+西蒙人妖秀VIP）','http://sales.mafengwo.net/mfs/s11/M00/C9/DC/wKgBEFtoDN6AVELXAAaPIhVvGqU73.jpeg,http://sales.mafengwo.net/mfs/s11/M00/71/1D/wKgBEFtf-xWACx6oAAKpEc5TFis42.jpeg,http://sales.mafengwo.net/mfs/s11/M00/CA/86/wKgBEFtoDSaAVXtNAADGB9d3ofA31.jpeg,http://sales.mafengwo.net/mfs/s10/M00/47/5A/wKgBZ1ovazmATqFdAAXeTbfTiV806.jpeg,http://sales.mafengwo.net/mfs/s10/M00/56/74/wKgBZ1k-HKqAEQKEAAdk0KqpSMk92.jpeg,http://sales.mafengwo.net/mfs/s11/M00/75/25/wKgBEFtf_aCAHOuyAANuevXlELU35.jpeg',5188,NULL,0,15,'泰国',3,52214,'2022-01-04 19:58:46'),(2527093,'三亚西沙群岛长乐公主号5天4晚游（畅玩两大岛屿-粉色全富岛-七色海银屿岛+纯玩无购物+含三亚豪华海景酒店入住晚+赠送三亚市区VIP专车接送3趟+父母放心游）','http://sales.mafengwo.net/mfs/s12/M00/D5/1A/wKgED12NaoeAHIKoAAFNRR3nFSs36.jpeg,http://sales.mafengwo.net/mfs/s11/M00/89/1E/wKgBEFsHbyiAPaycAALzMHc5WVQ17.jpeg,http://sales.mafengwo.net/mfs/s11/M00/89/35/wKgBEFsHbzGAbmtIAAcEbXBe__w74.jpeg,http://sales.mafengwo.net/mfs/s11/M00/89/56/wKgBEFsHb0GAGItPAADfE6zlMA423.jpeg,http://sales.mafengwo.net/mfs/s11/M00/D1/BF/wKgBEFqzZ7uAPXEyAAGuM_ddJCg59.jpeg,http://sales.mafengwo.net/mfs/s11/M00/E7/4C/wKgBEFr5JjSAa3siAACULHW1V5w94.jpeg',5480,NULL,1,185,'',1,52700,'2022-01-04 16:56:53'),(2527857,'【非你莫鼠 下单立减】普吉斯米兰双岛7日定制游探寻微笑国度的蓝色海洋 （海景泳池套房+网红悬崖餐厅+双体帆船赏日落+玫瑰下午茶+夜市美食+海滩火把秀）','http://sales.mafengwo.net/mfs/s12/M00/A6/88/wKgED1v2WzaAL5IwAA4s6eKryCI203.gif,http://sales.mafengwo.net/mfs/s12/M00/A3/73/wKgED1v2WSeAH8xzAA_VxddTGh8534.png,http://sales.mafengwo.net/mfs/s13/M00/34/6E/wKgEaVyGHcmAaxakAApBqqDbW3044.jpeg,http://sales.mafengwo.net/mfs/s13/M00/34/73/wKgEaVyGHcyANMQIAAeu9AeIZP867.jpeg',5988,NULL,0,344,'泰国',3,52214,'2022-01-04 19:56:42'),(2533927,'疫情结束就出发-日本东京大阪京都奈良7日经典定制（上野公园赏樱+岚山小火车赏景+电影动漫取景地+日本特色温泉+大阪蟹道乐美食+与奈良小鹿互动+新干线体验+打卡地标性建筑）','http://sales.mafengwo.net/mfs/s15/M00/40/C0/CoUBGV3SB1uAV7_CAAROS4WCTWg79.jpeg,http://sales.mafengwo.net/mfs/s12/M00/26/47/wKgED1vZgaSAaUjXAAUZtZiW09I489.gif,http://sales.mafengwo.net/mfs/s13/M00/C1/89/wKgEaVy1OiqAS5UWAAHWXRslYSs67.jpeg,http://sales.mafengwo.net/mfs/s10/M00/BB/5B/wKgBZ1jTPlSAciFbAAR-6UM3p6047.jpeg,http://sales.mafengwo.net/mfs/s13/M00/CC/56/wKgEaVy1O_CAMe49AAHFIJLDxGk02.jpeg,http://sales.mafengwo.net/mfs/s13/M00/CA/0F/wKgEaVy1O5SAVrWwAALxyMUIK9Y926.png',7880,NULL,0,209,'日本',5,2896,'2022-01-05 09:32:33'),(2550650,'私家定制团·色达+稻城亚丁+四姑娘山+海螺沟7天6晚大环线游（游迹川西·住1晚亚丁景区·赏高原星空+丹巴进康定出+商务车系随心选+车载防高反血氧仪+可单独定制）','http://sales.mafengwo.net/mfs/s12/M00/4E/FC/wKgED1uXm3CANDGIABUdAKQsrSQ20.jpeg,http://sales.mafengwo.net/mfs/s10/M00/32/2C/wKgBZ1i9EZeAPfrpACZra_eJ27c73.jpeg,http://sales.mafengwo.net/mfs/s10/M00/0C/92/wKgBZ1jYorSAGAnpAAQA02GUtsA80.jpeg,http://sales.mafengwo.net/mfs/s11/M00/48/04/wKgBEFsXmfqAEmCGAAFKBPDELLY15.jpeg,http://sales.mafengwo.net/mfs/s11/M00/35/B6/wKgBEFsxzt6AP6N_AAhBUtsqE8Q54.jpeg',2880,NULL,1,1114,'',1,70750,'2022-01-04 17:11:09'),(2551292,'马尔代夫JA玛娜法鲁岛6日旅拍定制(专业旅拍+婚纱摄影+入住高人气六星岛屿+110平日出水上别墅+畅游私人无边泳池)','http://sales.mafengwo.net/mfs/s11/M00/CA/C0/wKgBEFsZMVOAZNiSAAmQkSWXMA0992.png,http://sales.mafengwo.net/mfs/s11/M00/CA/C5/wKgBEFsZMVqADOtcAAqdtohyI5U042.png,http://sales.mafengwo.net/mfs/s11/M00/CA/CF/wKgBEFsZMWaAM3APAAgbmZ5Xii4998.png',20360,NULL,0,8,'马尔代夫',3,52292,'2022-01-04 20:06:39'),(2583645,'相约浪漫樱花季 日本8天7晚春季主题定制旅行(小众赏樱休闲漫游+和服美拍点亮朋友圈+穿越岚电樱花隧道+涩谷SKY俯瞰梦幻东京+温泉物语放松体验+新宿商圈自由漫步+环球影城/迪士尼乐园尽情嗨玩+亲手体验抹茶/和果子制作+入住纯日式和风町屋）','http://sales.mafengwo.net/mfs/s15/M00/24/E7/CoUBGV4kEH2ARm4xAED10zJ75s037.jpeg,http://sales.mafengwo.net/mfs/s15/M00/25/94/CoUBGV4kEMKAC38JAC-h8QeX-Ec01.jpeg,http://sales.mafengwo.net/mfs/s15/M00/27/EB/CoUBGV4kEbuAPso-ADJtaQJ2FRY22.jpeg,http://sales.mafengwo.net/mfs/s15/M00/29/CD/CoUBGV4kEjmAXWAWAAHv6eUQau029.jpeg,http://sales.mafengwo.net/mfs/s15/M00/29/DF/CoUBGV4kEj-AE9O9AALzgUZAWQ068.jpeg',8900,NULL,0,879,'日本',5,57953,'2022-01-05 09:43:17'),(2616115,'蜜月圣地·马尔代夫+迪拜8天浪漫蜜月双国定制游（马代迪拜双国奢华酒店+迪拜探秘海王中的海底世界+马代惊喜蜜月赠送+登迪拜塔+越野车狂野冲沙）','http://sales.mafengwo.net/mfs/s13/M00/F3/3D/wKgEaVzBc2eAaKB0AA2vMYOChsw15.jpeg,http://sales.mafengwo.net/mfs/s13/M00/F5/2B/wKgEaVzBc9WAYq68AAJGeABuLgQ18.jpeg,http://sales.mafengwo.net/mfs/s13/M00/F5/4A/wKgEaVzBc9mAONuTAAtgFcxxqLQ91.jpeg,http://sales.mafengwo.net/mfs/s13/M00/F3/F9/wKgEaVzBc5mAPrLVAAnbPtypazk94.jpeg',12888,NULL,0,184,'马尔代夫',3,58445,'2022-01-04 20:03:56'),(2617585,'给你特别的陪伴  澳门珠海联游5日特色定制游（珠海长隆双园嗨玩+威尼斯人度假村+新濠影汇水舞间+澳门塔观光+体验地道澳门生活）','http://sales.mafengwo.net/mfs/s16/M00/26/11/CoUBUl6yb6uARiG-AAkdkaAaxFw90.jpeg,http://sales.mafengwo.net/mfs/s16/M00/26/4D/CoUBUl6yb9eAXWM_AAQN5l3kaTk11.jpeg,http://sales.mafengwo.net/mfs/s16/M00/26/D2/CoUBUl6ycDCAMgKcAAnLtr0-qF471.jpeg',1399,NULL,0,94,'澳门',2,57383,'2022-01-04 19:51:40'),(2638051,'芬兰挪威冰岛12日极光之旅（邂逅欧若拉+入住网红极光玻璃屋+蓝冰洞探秘+走进圣诞老人村+体验破冰船+捕捞帝王蟹+乘坐哈士奇/驯鹿雪橇+冰川徒步+丝浮拉浮潜+《星际穿越》取景地）','http://sales.mafengwo.net/mfs/s15/M00/75/89/CoUBGV4dH6-AZ7gKAC-TllVToXc298.gif,http://sales.mafengwo.net/mfs/s15/M00/DD/F7/CoUBGV2pXN6AU9wOADsUVc4fJeo88.jpeg,http://sales.mafengwo.net/mfs/s15/M00/78/87/CoUBGV4dIN2AY__TAAcPH7G4LoY56.jpeg,http://sales.mafengwo.net/mfs/s15/M00/78/A8/CoUBGV4dIOiAbuxdAAMdB5apHBM86.jpeg,http://sales.mafengwo.net/mfs/s15/M00/78/B3/CoUBGV4dIO2AHdRLAAevoaZ7EVQ04.jpeg',32800,NULL,0,1188,'芬兰',4,54257,'2022-01-04 20:37:29'),(2662665,'日本白川乡童话村落合掌村名古屋7日深度定制游（世界遗产童话村白川乡五箇山合掌造集落+古韵日本高山阵屋+穿梭于江湖风情的街头体验东茶屋街）','http://sales.mafengwo.net/mfs/s16/M00/1D/00/CoUBUl8j0PGAIobXAAFmzWaA_fc34.jpeg,http://sales.mafengwo.net/mfs/s16/M00/1D/0E/CoUBUl8j0PeAZEFSAAE2cWDbm_I95.jpeg,http://sales.mafengwo.net/mfs/s16/M00/1D/16/CoUBUl8j0PuAXQB8AADxIu7dPps31.jpeg,http://sales.mafengwo.net/mfs/s16/M00/1D/1F/CoUBUl8j0P-AH00GAAD0LsmGM6U97.jpeg',7500,NULL,1,129,'日本',5,56243,'2022-01-05 09:36:45'),(2667131,'圣地西沙-三亚+西沙群岛自由行定制5天（西沙群岛探秘+听海的故事+餐餐全含+火车头海鲜市场+摄影天堂）','http://sales.mafengwo.net/mfs/s11/M00/78/82/wKgBEFr84oeAUZAnAA8R5hfmdQg775.gif,http://sales.mafengwo.net/mfs/s12/M00/E8/47/wKgED1u8bXuACQTtAATjIIL_JxU87.jpeg,http://sales.mafengwo.net/mfs/s12/M00/E8/54/wKgED1u8bX-AJZzsAANRJuXgiyg26.jpeg,http://sales.mafengwo.net/mfs/s12/M00/E8/5B/wKgED1u8bYKALIqYAAMr9iAheuU04.jpeg,http://sales.mafengwo.net/mfs/s12/M00/E8/63/wKgED1u8bYWAdnNmAAK2eb_74f068.jpeg,http://sales.mafengwo.net/mfs/s12/M00/E8/6B/wKgED1u8bYiAVsquAAHLLtJS73s85.jpeg',5280,NULL,0,158,'海南',1,63018,'2022-01-04 17:01:52'),(2706819,'疫情结束就出发-法瑞意14日潮玩法尽享浪漫之旅（瑞士网红滑梯过山车够胆够畅快+《中餐厅》童话小镇科尔马清新一刻+巴黎铁塔多角度摆拍定格+格林德瓦梦幻山坡制霸朋友圈＋少女峰浓郁芝士锅释放味蕾＋威尼斯彩虹岛坠入缤纷世界＋身临蜘蛛侠实景穿梭佛罗','http://sales.mafengwo.net/mfs/s14/M00/C1/C2/wKgE2l1ssFOAWjxTABYR68xikT0235.gif,http://sales.mafengwo.net/mfs/s13/M00/DA/7E/wKgEaVzGqhWAJ73DAALKCdjB0eY94.jpeg,http://sales.mafengwo.net/mfs/s13/M00/DA/71/wKgEaVzGqgyABD3kAADEFwIk2k475.jpeg,http://sales.mafengwo.net/mfs/s13/M00/DE/40/wKgEaVzGq_aAIE4iAAJQ09C-qqI89.jpeg,http://sales.mafengwo.net/mfs/s13/M00/EE/BA/wKgEaVxmNQuAT6nHAAIwstj207Q21.jpeg,http://sales.mafengwo.net/mfs/s13/M00/DC/5B/wKgEaVzGqwWAZpO8AASqaw7AWR075.jpeg',15600,NULL,0,529,'法国',4,2896,'2022-01-04 20:34:47'),(2707217,'【满5000减300】放肆普吉 漫享好时光 普吉岛6日5晚泡酒店进行定制行（连住4晚高奢海景房+无需证件的海底深潜+徒手海钓亲手获美味+多样水上游戏玩到爽+网红无边泳池凹造型+靠近自然餐厅品泰式味道）','http://sales.mafengwo.net/mfs/s4/M00/1C/01/wKgIDlo8iyqAYCpOABhOAUSECRo473.gif,http://sales.mafengwo.net/mfs/s15/M00/4C/4D/CoUBGV2oPiGAIBwfAAIxIDPmxD855.jpeg,http://sales.mafengwo.net/mfs/s14/M00/D0/B4/wKgE2l0MjuCALkPlAAMt4V0H4Ak48.jpeg,http://sales.mafengwo.net/mfs/s11/M00/68/54/wKgBEFq3TKaAbtVEAAnD2kucMtY26.jpeg',5999,NULL,0,414,'普吉岛',3,76090,'2022-01-04 19:56:11'),(2715700,'丹麦挪威芬兰瑞典14日一路向北全境定制(高山观景火车游峡湾+卑尔根峡湾游船+和小美人鱼合影+岩石教堂听钢琴曲+沉迷欧登塞童话之地+波尔沃古城打卡红房子)','http://sales.mafengwo.net/mfs/s12/M00/F5/77/wKgED1uWLEaALMzgAAn9RE3rCYs759.png,http://sales.mafengwo.net/mfs/s12/M00/EA/FE/wKgED1uWJY6ALsLyAAJKE9EC8MQ06.jpeg,http://sales.mafengwo.net/mfs/s12/M00/EB/04/wKgED1uWJZKAXfrBAANs3Wc_J8089.jpeg,http://sales.mafengwo.net/mfs/s12/M00/AA/AA/wKgED1uTa9mAT6BaAAKWlD5KIt484.jpeg,http://sales.mafengwo.net/mfs/s12/M00/8E/58/wKgED1uTSfiADYcDAAMhApJafLM98.jpeg',40280,NULL,0,5,'芬兰',4,52292,'2022-01-04 20:40:33'),(2724998,'果冻海里潜个水~普吉+斯米兰7日定制（4号9号双岛潜水+硬汉山地越野+特别美食攻略+花样玩转普吉岛）','http://sales.mafengwo.net/mfs/s10/M00/90/AB/wKgBZ1mtJN6AaND4ABZXHyePOaI697.gif,http://sales.mafengwo.net/mfs/s12/M00/CB/9B/wKgED1ugptqAUFavAADEF0o3-p847.jpeg,http://sales.mafengwo.net/mfs/s12/M00/BD/B7/wKgED1ugnyiAHOCAAAe-svkrQ9485.jpeg,http://sales.mafengwo.net/mfs/s12/M00/EB/A1/wKgED1uSR_iAEKlUAAH9xFMgJTw66.jpeg',5888,NULL,0,45,'普吉岛',3,76090,'2022-01-04 19:57:31'),(2736819,'走进斯里兰卡+马尔代夫8天双岛轻奢之旅（花一国钱畅玩两国+狮子岩观日落+千与千寻原版海上小火车+大象孤儿院+马代一岛一酒店+休闲度假潜水）','http://sales.mafengwo.net/mfs/s12/M00/12/34/wKgED1ukwgaAUCotAAqSf89y45A68.jpeg,http://sales.mafengwo.net/mfs/s12/M00/12/4E/wKgED1ukwhGAP0yKAAf1Apyp3ek38.jpeg,http://sales.mafengwo.net/mfs/s12/M00/12/54/wKgED1ukwhOABInrAAaguPypqUw12.jpeg,http://sales.mafengwo.net/mfs/s12/M00/12/59/wKgED1ukwhaAGvgVAAu97vg8yNE84.jpeg,http://sales.mafengwo.net/mfs/s12/M00/12/5E/wKgED1ukwhiAWEMIAAfaojnmAeM39.jpeg,http://sales.mafengwo.net/mfs/s12/M00/12/62/wKgED1ukwhmAWwsgAAeETIZG3gc50.jpeg',10800,NULL,0,4,'斯里兰卡',3,57860,'2022-01-04 20:05:27'),(2744190,'圣地巡礼-北爱尔兰贝尔法斯特11日《权利的游戏》追随定制(行走巨人之路+追随冰与火之歌的黑暗树篱+走进守夜人所在地黑城堡)','http://sales.mafengwo.net/mfs/s12/M00/46/69/wKgED1usplOAWPyGAA1y8N6UX1o984.png,http://sales.mafengwo.net/mfs/s12/M00/46/A1/wKgED1uspl6ALgt7AAMNDbE0VlA06.jpeg,http://sales.mafengwo.net/mfs/s12/M00/40/46/wKgED1uspSWAEetLAAIiSm_C2cw30.jpeg,http://sales.mafengwo.net/mfs/s12/M00/99/E2/wKgED1uu8GSAd7hOAAoQZmcS0o0792.png',27980,NULL,0,24,'北爱尔兰',4,52292,'2022-01-05 09:06:29'),(2749368,'早鸟预售~英国深度纵览12日定制之旅（哈利波特取景地+漫步温莎城堡+解密天空岛+伦敦眼拍网红照+打卡英式下午茶）','http://sales.mafengwo.net/mfs/s12/M00/79/F3/wKgED1w-_W6AGkZtAB4FdaAPATc609.gif,http://sales.mafengwo.net/mfs/s7/M00/D0/E4/wKgB6lUBZu2AdpxvACRecctjR8884.jpeg,http://sales.mafengwo.net/mfs/s12/M00/7A/ED/wKgED1w-_beAbjo6ABFTf2RcZoI78.jpeg,http://sales.mafengwo.net/mfs/s12/M00/7B/00/wKgED1w-_b2AbWVnAAS2pPXuRr0008.png,http://sales.mafengwo.net/mfs/s12/M00/7B/1D/wKgED1w-_caAe4k-AATazXmHXhg79.jpeg',15800,NULL,0,237,'英国',4,2896,'2022-01-04 20:46:50'),(2773659,'芬兰9日深度追光之旅（解锁追极光的N种方式+入住网红玻璃屋酒店+破冰船体验+冰火两重天的地道桑拿浴+邂逅林中精灵+越野滑雪+美术馆感受艺术熏陶）','http://sales.mafengwo.net/mfs/s10/M00/58/88/wKgBZ1nIoDSAT7CAAAr-S8Zj4vM50.jpeg,http://sales.mafengwo.net/mfs/s12/M00/0B/4C/wKgED1vFpf6AFA_GAAH28EBfZQw33.jpeg,http://sales.mafengwo.net/mfs/s12/M00/0B/65/wKgED1vFpgeAHm3DAAB1DCT7g0k78.jpeg,http://sales.mafengwo.net/mfs/s12/M00/0B/6F/wKgED1vFpguAdZ1UAAFXlEH2rdE87.jpeg,http://sales.mafengwo.net/mfs/s12/M00/0B/7A/wKgED1vFpg6AMMUEAAC0HKGO5II15.jpeg,http://sales.mafengwo.net/mfs/s12/M00/0B/83/wKgED1vFphKAZPhFAACVHUPqIOk64.jpeg',29999,NULL,0,23,'赫尔辛基',4,54257,'2022-01-04 20:39:19'),(2777507,'芬兰挪威冰岛丹麦瑞典12天10晚高品质游（迈进童话芬兰圣诞老人村+一睹挪威四大宏伟峡湾+重温《权力游戏》冰岛经典景点+自驾老鹰之路大西洋之路+五国体验市区游玩）','http://sales.mafengwo.net/mfs/s13/M00/25/0B/wKgEaVyYpyKAepmCABDtHS4bgAk06.jpeg,http://sales.mafengwo.net/mfs/s13/M00/24/E6/wKgEaVyYpwmARjJUABLbeKCBZ6Y15.jpeg,http://sales.mafengwo.net/mfs/s13/M00/24/F7/wKgEaVyYpxWADh-NAA9LWjzP5tQ66.jpeg,http://sales.mafengwo.net/mfs/s13/M00/24/FB/wKgEaVyYpxiAC_PpAAttiaewvJk35.jpeg,http://sales.mafengwo.net/mfs/s13/M00/25/04/wKgEaVyYpx2AP4VdABCEjgsl04Y35.jpeg',28900,NULL,0,380,'芬兰',4,53729,'2022-01-04 20:38:18'),(2785098,'梦回卡通天堂 前往二次元的旅车 日本寒假6天动漫主题定制行（造访宫崎骏的美学世界+牵手大雄哆啦A梦跳回神奇口袋+镰仓高校挥手忆青春+找到小王子的玫瑰花+秋叶原二次元之家）','http://sales.mafengwo.net/mfs/s13/M00/C3/EF/wKgEaVzD8ZeAaY_tAACMxVXaqKI80.jpeg,http://sales.mafengwo.net/mfs/s12/M00/72/D7/wKgED1vWyvmABM3nAADvuA-2H-g22.jpeg,http://sales.mafengwo.net/mfs/s13/M00/58/6F/wKgEaVzGXJ2AJc8zABhQieadQYY729.png,http://sales.mafengwo.net/mfs/s11/M00/FD/4E/wKgBEFs7qY-APTPjAAbQ7puNYoc25.jpeg',9688,NULL,1,66,'东京',5,76090,'2022-01-05 09:35:48'),(2785219,'古都枫味 邂逅橙色浪漫 日本关西7日枫叶季定制行（秋日限定琉璃光院+京都穿和服赏古都枫味+岚山小火车走枫叶路+奈良与小鹿嬉戏+大阪清凉散步银杏大道+秋季枫叶限定美食吃不停+环球影城畅玩秋日乐园）','http://sales.mafengwo.net/mfs/s14/M00/D0/BB/wKgE2l1bZi-AGhJ1ABey0GPZV7w97.jpeg,http://sales.mafengwo.net/mfs/s13/M00/A0/AC/wKgEaVy0TvCAJbExAAH9KMWxDPU00.jpeg,http://sales.mafengwo.net/mfs/s15/M00/28/38/CoUBGV3d6MSAJwLVAETiS0AFcas57.jpeg,http://sales.mafengwo.net/mfs/s13/M00/66/A2/wKgEaVylnWaAd7l8AAHA1S0kTEM04.jpeg,http://sales.mafengwo.net/mfs/s14/M00/D1/18/wKgE2l1bZkiAWU7XACHi49Xownw66.jpeg',8699,NULL,1,59,'日本',5,76090,'2022-01-05 09:45:48'),(2798805,'318国道探秘川藏线+滇藏线+反走川藏 稻城亚丁/色达/林芝拉萨10日定制游(海螺沟+理塘+然乌湖+米堆冰川+拉萨巴松措+羊湖 深入藏家谈笑人生+不走回头路多景点出行+品尝本土美食+成都免费接机服）','http://sales.mafengwo.net/mfs/s16/M00/97/AD/CoUBUl8Zb7uAXac2AAZRE6OUZaU07.jpeg,http://sales.mafengwo.net/mfs/s13/M00/AC/96/wKgEaVxzadCAUQqUAAfsL5srDIQ70.jpeg,http://sales.mafengwo.net/mfs/s13/M00/AC/9B/wKgEaVxzadOAWddtAAkJMSlR7hI65.jpeg,http://sales.mafengwo.net/mfs/s13/M00/AC/9E/wKgEaVxzadWACPnZAAUneo28hfg79.jpeg,http://sales.mafengwo.net/mfs/s13/M00/AC/A2/wKgEaVxzadeAXpwCAAQ0TGorZ_E93.jpeg',2780,NULL,0,461,'拉萨',1,2762,'2022-01-04 17:14:04'),(2826502,'海南三亚5日私人定制游（一家一团·蜜月/家庭/亲友多主题定制游+住顶流网红亚特兰蒂斯酒店+专车出游+热门线路豪华私人游艇出海+直升机巡海+摩托艇体验+蜈支洲岛+森林公园+24小时专车接送机+）','http://sales.mafengwo.net/mfs/s18/M00/31/2A/CoUBYGDDGsaANsg5AAL9OTtjijA01.jpeg,http://sales.mafengwo.net/mfs/s11/M00/A5/8A/wKgBEFs0VjCAT8ZqAALPHoOI3kg18.jpeg,http://sales.mafengwo.net/mfs/s12/M00/97/2E/wKgED1uV5OmAC76qAAOvIbIMK5I63.jpeg,http://sales.mafengwo.net/mfs/s12/M00/C5/F8/wKgED1vIBjOAGyl2AAI1V9paPbw39.jpeg,http://sales.mafengwo.net/mfs/s12/M00/76/98/wKgED1vZC6mAKe2lAAWnL9z8qkQ17.jpeg',1966,NULL,1,138,'三亚',1,50639,'2022-01-04 16:19:14'),(2837152,'三亚+西沙群岛圆梦之旅6日定制（西沙群岛+升旗仪式+玻璃海+海景酒店+七色沙滩）','http://sales.mafengwo.net/mfs/s12/M00/09/1C/wKgED1uOLhiAeFN7AAcT1kCoux475.jpeg,http://sales.mafengwo.net/mfs/s11/M00/04/D3/wKgBEFrEd0SAIKNEAADPxwigXy490.jpeg,http://sales.mafengwo.net/mfs/s12/M00/F7/13/wKgED1uOJB-ALn7GAANZvOr2KO881.jpeg,http://sales.mafengwo.net/mfs/s11/M00/6C/DC/wKgBEFpcEkKAfu6vAAGIMuZYJgg47.jpeg',4680,NULL,1,299,'三亚',1,3144,'2022-01-04 16:25:39'),(2847830,'圣地巡礼-曼谷芭提雅清迈普吉斯米双岛四城10日定制旅游（浪漫夜游湄南河+趣味杜拉拉市场+泰囧实拍布帕兰寺+魅丽007岛+回忆里的小城故事+私享美食）','http://sales.mafengwo.net/mfs/s10/M00/9F/B7/wKgBZ1iiXVCACeU0AAOfzu6gXds72.jpeg,http://sales.mafengwo.net/mfs/s12/M00/EA/21/wKgED1v_sa6AAPG1ACjCCZPbLi088.jpeg,http://sales.mafengwo.net/mfs/s12/M00/EA/35/wKgED1v_sbmAGyCcAAXuF8WMgAU48.jpeg',7699,NULL,0,24,'曼谷',3,52214,'2022-01-04 19:59:47'),(2848517,'亲子总动员·三亚5天4晚带娃旅行（分界洲看海豚+亚特兰蒂斯水世界+千古情彩色动物园+跨年狂欢活动+丰富的亲子活动+专属儿童俱乐部+沙滩玩水浪花朵朵）','http://sales.mafengwo.net/mfs/s12/M00/A9/5D/wKgED1vtXg-AEr3xAARNLV-ZkDQ71.jpeg,http://sales.mafengwo.net/mfs/s12/M00/3C/C3/wKgED1vuP-2AYkcsAAP2yts5WAo05.jpeg,http://sales.mafengwo.net/mfs/s12/M00/3C/CE/wKgED1vuP_GAay9JAAYLike55Gw05.jpeg,http://sales.mafengwo.net/mfs/s12/M00/3C/E1/wKgED1vuP_uAW2dlAAS2nna0M1o13.jpeg,http://sales.mafengwo.net/mfs/s12/M00/17/62/wKgED1vzdbiAJT6eAAPSeQyTy8c33.jpeg',2880,NULL,0,212,'三亚',1,1853,'2022-01-04 16:59:33'),(2874802,'给你特别的陪伴 澳门3日纯玩定制游（全程高档型酒店住宿体验+大三巴牌坊地标打卡+水舞间独特汇演+威尼斯人异国风情+澳门塔置身云端+官也街美食吃不停）','http://sales.mafengwo.net/mfs/s12/M00/58/C1/wKgED1wBBmCAGALDAA1DYzaxbBw927.gif,http://sales.mafengwo.net/mfs/s16/M00/26/11/CoUBUl6yb6uARiG-AAkdkaAaxFw90.jpeg,http://sales.mafengwo.net/mfs/s16/M00/26/4D/CoUBUl6yb9eAXWM_AAQN5l3kaTk11.jpeg',1399,NULL,0,28,'澳门',2,57383,'2022-01-04 19:53:22'),(2880543,'时尚之都购物天堂 香港+澳门珠海3日欢乐亲子定制游（带你体验迪士尼好莱坞酒店+夜游太平山鸟瞰维港夜景+见证香港电影璀璨历史+穿越港珠澳大桥+优质酒店随心住）','http://sales.mafengwo.net/mfs/s12/M00/A8/CF/wKgED1wGM16APmV6AAnGZtKlhkY671.gif,http://sales.mafengwo.net/mfs/s16/M00/AD/5B/CoUBUl6zvyaALzykAAxBPhQpRUI16.jpeg,http://sales.mafengwo.net/mfs/s16/M00/58/AB/CoUBUl6yinCAR8LpAA4NHDEq0K490.jpeg,http://sales.mafengwo.net/mfs/s16/M00/28/84/CoUBUl6ycReASQJfAAi9yW1OLRU65.jpeg',1899,NULL,0,50,'香港',1,57383,'2022-01-04 16:02:58'),(2975456,'【防疫情专选 疫情可退】私家定制团·三亚5日情侣/闺蜜/亲子游 三亚攻略（包车纯玩+网红一线海边酒店多湾区可选+蜈支洲岛一整天+亚特兰蒂斯水世界+三亚千古情等 多款必玩体验任选）','http://sales.mafengwo.net/mfs/s12/M00/4F/0C/wKgED1w5uk-Ad1mPAEdWqzUNTUY781.gif,http://sales.mafengwo.net/mfs/s13/M00/9D/38/wKgEaVzbcgeALZKgAAQzVyeWQfQ43.jpeg,http://sales.mafengwo.net/mfs/s13/M00/6F/78/wKgEaVyAxsWANfYKAAQ4Ho4vQ4882.jpeg,http://sales.mafengwo.net/mfs/s13/M00/6F/81/wKgEaVyAxsuACBFPAAKBBZg_5eI71.jpeg,http://sales.mafengwo.net/mfs/s13/M00/6E/F3/wKgEaVyAxnOAczNEAAQd2AmWk_Y16.jpeg,http://sales.mafengwo.net/mfs/s16/M00/BC/62/CoUBUl7ZqbWAKDz9AAODGkLrbdY38.jpeg',920,NULL,1,1145,'',1,75049,'2022-01-04 16:54:15'),(2977953,'早春赏花之旅-西欧三国荷兰+比利时+法国12日定制之旅（荷兰库肯霍夫探寻郁金香+卢浮宫拜访蒙娜丽莎+巴黎调制专属香水+蓝铃花森林邂逅精灵+哈尔的移动城堡喂鹿+盗梦空间打卡取景地+星光运河夜游）','http://sales.mafengwo.net/mfs/s15/M00/93/39/CoUBGV4lHaOAOahvAAXDAEd5Qv8833.gif,http://sales.mafengwo.net/mfs/s15/M00/7E/25/CoUBGV4lFBaAd5YfAAE9RoLb4hA32.jpeg,http://sales.mafengwo.net/mfs/s15/M00/7A/58/CoUBGV4lEnuAZpEsAAELIkkwvIg53.jpeg,http://sales.mafengwo.net/mfs/s15/M00/43/F0/CoUBGV4ldoyAFCJTAAaGbyBHxd058.jpeg,http://sales.mafengwo.net/mfs/s15/M00/7A/31/CoUBGV4lEm-ABfF5AAESr3cG5UM62.jpeg,http://sales.mafengwo.net/mfs/s15/M00/7A/4A/CoUBGV4lEniAX6GQAAOHKf_bvDQ20.jpeg',13680,NULL,0,37,'荷兰',4,2896,'2022-01-04 20:43:54'),(2982171,'【防疫情专选 疫情可退】私家定制团·三亚4日情侣/闺蜜/亲子游 三亚攻略（包车纯玩+网红一线海边酒店可选+蜈支洲岛+亚特兰蒂斯水世界+三亚千古情等 多款必玩体验任选）','http://sales.mafengwo.net/mfs/s10/M00/45/65/wKgBZ1xOt5CATeBaAE4iu99SGDY370.gif,http://sales.mafengwo.net/mfs/s11/M00/F9/A8/wKgBEFtoL22AWtuJAAGSSHvALro39.jpeg,http://sales.mafengwo.net/mfs/s13/M00/7D/0E/wKgEaVyAzlGAD4DyAAZyMslrfbE41.jpeg,http://sales.mafengwo.net/mfs/s13/M00/60/35/wKgEaVx6TwmAGEDYAAqry-7zSVA70.jpeg,http://sales.mafengwo.net/mfs/s13/M00/71/30/wKgEaVyAx86AThhAAAdt4BMYpL049.jpeg,http://sales.mafengwo.net/mfs/s12/M00/4C/60/wKgED1uZ7juAFEnGAAKUZ3E_nPM54.jpeg',850,NULL,1,163,'',1,75049,'2022-01-04 17:00:42'),(5113697,'【防疫情专选 疫情可退】私家团·三亚3日情侣/闺蜜/亲子游 （包车纯玩+一线海景酒店可选+蜈支洲一整天+亚特兰蒂斯水世界+三亚千古情+多款必玩体验任选 三亚攻略）','http://sales.mafengwo.net/mfs/s13/M00/7F/20/wKgEaVx6ZFGABdeUAAN9xTjzMNE03.jpeg,http://sales.mafengwo.net/mfs/s13/M00/6F/27/wKgEaVyAxouAcQJ7AAS9Ub9VBNk69.jpeg,http://sales.mafengwo.net/mfs/s13/M00/6E/FE/wKgEaVyAxnmAXsnsAAS_YsPJcAI80.jpeg,http://sales.mafengwo.net/mfs/s13/M00/60/35/wKgEaVx6TwmAGEDYAAqry-7zSVA70.jpeg,http://sales.mafengwo.net/mfs/s13/M00/93/16/wKgEaVyA2R2AOqxRAARxwPXKAmU40.jpeg,http://sales.mafengwo.net/mfs/s12/M00/4C/60/wKgED1uZ7juAFEnGAAKUZ3E_nPM54.jpeg',530,NULL,1,301,'',1,75049,'2022-01-04 16:55:21'),(5134815,'北海道之温泉王国  总有一地适合你  日本北海道札幌小樽登别洞爷湖7日游（定山溪体验美泉定山+洞爷湖温泉+登别温泉百货公司+小樽朝里川温泉+千岁支笏湖温泉+拉面共和国+阿寒湖层云峡温泉）','http://sales.mafengwo.net/mfs/s15/M00/EE/C7/CoUBGV3KlVeAfVjXAApuaW9FExQ123.gif,http://sales.mafengwo.net/mfs/s15/M00/2C/BD/CoUBGV2pc1CAcapfAAC_Ddb4KO470.jpeg,http://sales.mafengwo.net/mfs/s15/M00/2C/BA/CoUBGV2pc0-AT61HAAEn0CWXDI464.jpeg,http://sales.mafengwo.net/mfs/s15/M00/F2/19/CoUBGV26w2WAPM0IAADzqIOAMXY91.jpeg,http://sales.mafengwo.net/mfs/s15/M00/F2/27/CoUBGV26w22AKNesAAC9GXZ1LfU16.jpeg,http://sales.mafengwo.net/mfs/s15/M00/2C/B7/CoUBGV2pc06APA5mAACVVDJvzEA41.jpeg',7999,NULL,1,195,'日本',5,1252,'2022-01-05 09:43:58'),(5188689,'轻奢之城 小资在曼普 曼谷+普吉岛8日7晚定制行（酷炫游艇看普吉的蓝+骑象感受男友力+网红秋千上荡出仙气飘飘+泰式传统市场喂饱你的好奇心+双双离岛和普吉更近一步+和身边的人赏浪漫的落日）','http://sales.mafengwo.net/mfs/s12/M00/E0/9C/wKgED1wKHq-AVtasAAJPX3hntkg45.jpeg,http://sales.mafengwo.net/mfs/s13/M00/87/DC/wKgEaVyA00uAZtdXAAELCsXW37c30.jpeg,http://sales.mafengwo.net/mfs/s12/M00/EF/FF/wKgED1vRhMmAFMwzAAEZcWrsn5838.jpeg,http://sales.mafengwo.net/mfs/s14/M00/B9/CD/wKgE2l0Mg7aAMaerADDrlorek9Y96.jpeg',6999,NULL,0,3,'泰国',3,76090,'2022-01-04 19:58:14'),(5222131,'圣地巡礼-日本东京大阪京都动漫二次元8日定制游（巡礼海贼王主题乐园+秋叶原体验二次元之酷+畅游迪士尼+灌篮高手取景地+三鹰吉卜力美术馆）','http://sales.mafengwo.net/mfs/s13/M00/5A/8D/wKgEaVyQksGAAT36AAIKm3pHraM23.jpeg,http://sales.mafengwo.net/mfs/s13/M00/5A/D8/wKgEaVyQkvSAFX48AAP86HoT83U33.jpeg,http://sales.mafengwo.net/mfs/s13/M00/5A/DE/wKgEaVyQkviAFMevAALyuUatrdU04.jpeg,http://sales.mafengwo.net/mfs/s13/M00/5A/E2/wKgEaVyQkvuAY3MGAAHE0roU9mc82.jpeg',8999,NULL,1,42,'日本',5,56243,'2022-01-05 09:31:04'),(5381049,'【天数自定义】四川全景5日轻奢定制 九寨沟/稻城亚丁/川藏线/成都/黄龙/稻城亚丁/色达/墨石公园/达瓦更扎/达古冰川/毕棚沟/川西/稻城亚丁/成都/九寨沟（毕业旅行 企业团建 亲子游 滑雪温泉 品尝藏系美食 车载防高反血氧仪）','http://sales.mafengwo.net/mfs/s18/M00/30/30/CoUBYGFRKwSABrdKADIYhb2GXUY228.gif,http://sales.mafengwo.net/mfs/s17/M00/CC/D0/CoUBXl-qSEqADy9fAAY4WbMJkug99.jpeg,http://sales.mafengwo.net/mfs/s17/M00/90/14/CoUBXl90GLOADgMZAAQ-6KfuV4421.jpeg,http://sales.mafengwo.net/mfs/s18/M00/CA/FA/CoUBYGBz7TuAOzdMAARyPoUruWA36.jpeg,http://sales.mafengwo.net/mfs/s16/M00/F3/C1/CoUBUmFSixWAQSzSAA7cC_xW11A92.jpeg,http://sales.mafengwo.net/img/b7/ca/907be2564c8699d03b05641693eff43a.jpeg',988,NULL,0,612,'稻城',1,51233,'2022-01-04 17:10:11'),(5421962,'【0购物0自费·纯玩】泰国曼谷+芭提雅+沙美岛6日（国际五钻+海边泳池+大皇宫+网红火车夜市+杜拉拉水上市场+MAX泰拳+无购物无自费团)','http://sales.mafengwo.net/mfs/s13/M00/2F/D0/wKgEaVzaLieAH_TuAAJHAKX41Ow303.gif,http://sales.mafengwo.net/mfs/s13/M00/C2/0A/wKgEaVziwOuAG4yKAADDL9PlXnI72.jpeg,http://sales.mafengwo.net/mfs/s14/M00/11/41/wKgE2l0LO4eAM77wAAJCz16s4-015.jpeg,http://sales.mafengwo.net/mfs/s13/M00/17/18/wKgEaVxkt-KAba_wAAyjFK_SZM010.jpeg,http://sales.mafengwo.net/mfs/s13/M00/85/4F/wKgEaVyxaHSAcperAAF5Iz4ZugM10.jpeg,http://sales.mafengwo.net/mfs/s15/M00/85/99/CoUBGV39h7WAUWM5AADVTbqOqD495.jpeg',4199,NULL,0,23,'曼谷',6,51392,'2022-01-05 09:58:52'),(5499261,'全新来袭 法国意大利西班牙马耳他地中海邮轮荣耀号9日艺术文化之旅(各式房型任选+拥抱那不勒斯奇幻夜景+普罗旺斯小镇等你)','http://sales.mafengwo.net/mfs/s13/M00/B2/33/wKgEaVy1kI2AEyL2AAIhlgwQC9c83.jpeg,http://sales.mafengwo.net/mfs/s13/M00/AF/EB/wKgEaVy1j8SACHSdABp1nA8QI-E196.png,http://sales.mafengwo.net/mfs/s13/M00/AF/F0/wKgEaVy1j8aAbjlYAAUXAPR77es04.jpeg,http://sales.mafengwo.net/mfs/s13/M00/AF/FE/wKgEaVy1j82AX5CsAA6z6MWWJbI501.png,http://sales.mafengwo.net/mfs/s13/M00/B2/75/wKgEaVy1kKiAVeYgAAFjaK_qXS856.jpeg',21800,NULL,0,6,'意大利',4,52292,'2022-01-04 20:36:32'),(5509997,'318川藏南线/稻城亚丁/色达/然乌湖/南迦巴瓦峰/林芝/拉萨10日游（318自驾川藏线穿藏装旅拍+望高原星空+赠送24小时接机服务+随车配备制氧机+四川成都出发藏拉萨+川藏线）','http://sales.mafengwo.net/mfs/s16/M00/7B/43/CoUBUl7M-w2AZxwcAA_Q0FhxNLI91.jpeg,http://sales.mafengwo.net/mfs/s15/M00/0B/97/CoUBGV3tvQmAByzXAAM16zV1a8s03.jpeg,http://sales.mafengwo.net/mfs/s16/M00/FD/E3/CoUBUl8IGTyAU9nbAAtHWovf39A42.jpeg,http://sales.mafengwo.net/mfs/s13/M00/7C/88/wKgEaVy2lCGAVQvgAAZHp2t3tkQ06.jpeg,http://sales.mafengwo.net/mfs/s13/M00/75/C4/wKgEaVy2kqKAAiyYAAQ_H-la1nw23.jpeg,http://sales.mafengwo.net/mfs/s13/M00/99/30/wKgEaVy2moGAHMHmAAhj2Gi_xYw79.jpeg',2800,NULL,0,288,'拉萨',1,56048,'2022-01-04 17:15:55'),(5516424,'色达+四姑娘山+五明佛学院+甲居藏寨4日环线(咨询收藏有礼+望高原星空/观天葬+赠送24H接机服务+川西小环线)','http://sales.mafengwo.net/mfs/s13/M00/B3/9A/wKgEaVy0UaqANC_oAAa2hhvDUlc27.jpeg,http://sales.mafengwo.net/mfs/s13/M00/99/57/wKgEaVy0Tf2AFTKiAAXobsVvK7014.jpeg,http://sales.mafengwo.net/mfs/s13/M00/99/79/wKgEaVy0TgKAduzLAAZ1ccseU2s86.jpeg,http://sales.mafengwo.net/mfs/s13/M00/01/09/wKgEaVy27f-AcBUxAAirCvAPCVE30.jpeg,http://sales.mafengwo.net/mfs/s13/M00/B8/75/wKgEaVy0UlSAd03qAAfexkT9gt098.jpeg,http://sales.mafengwo.net/mfs/s16/M00/99/AA/CoUBUl5-6yiADcfcAATfB94Hatg03.jpeg',3980,NULL,1,263,'',1,56048,'2022-01-04 17:09:15'),(5518017,'【超千人好评-头等舱座椅】新疆南疆胡杨林8天游（豪华西域风情酒店-西域风情特色餐-经典景点全含-免费接送-天山神秘大峡谷-博斯腾湖-吐鲁番）','http://sales.mafengwo.net/mfs/s13/M00/7E/E7/wKgEaVzZUCiAIQ2kAAGQBg6g-3E86.jpeg,http://sales.mafengwo.net/mfs/s16/M00/EF/5D/CoUBUl58m8WAGlvyAAQrKCWV7uI53.jpeg,http://sales.mafengwo.net/mfs/s16/M00/EF/F7/CoUBUl58nDGASVVrAAKHmYG8vhk97.jpeg,http://sales.mafengwo.net/mfs/s16/M00/F0/0A/CoUBUl58nEuAKVroAAJWKl5Daps53.jpeg,http://sales.mafengwo.net/mfs/s16/M00/F0/A6/CoUBUl58nMeAVlZRAADe45ZCDPY74.jpeg,http://sales.mafengwo.net/mfs/s18/M00/90/21/CoUBYGC1yAyAHhIDAACn8z8vtvQ44.jpeg',7750,NULL,0,411,'乌鲁木齐',6,73393,'2022-01-05 10:02:23'),(5549951,'【秋日慢赏】多伦多加东五城环线自驾租车8日游 自由行定制 /嗨翻 蒙特利尔国际爵士音乐节/金斯顿千岛湖/蒙特利尔圣母大教堂/魁北克老城区/丽都运河（乘坐雾中少女号游船+美酒美食盛宴+现场音乐+街头表演+5分钟从美国走到加拿大）','http://sales.mafengwo.net/mfs/s13/M00/E3/F1/wKgEaVzAJMeARAJzAAUMU-urXHA86.jpeg,http://sales.mafengwo.net/mfs/s13/M00/79/0E/wKgEaVy9csuAC1TRAAF6IM9o-EE50.jpeg,http://sales.mafengwo.net/mfs/s13/M00/79/12/wKgEaVy9cs2AUG2MAAIWnug_ugc41.jpeg,http://sales.mafengwo.net/mfs/s13/M00/79/13/wKgEaVy9cs-AfOeLAAIMQ967WaU94.jpeg,http://sales.mafengwo.net/mfs/s13/M00/79/16/wKgEaVy9ctCAZBhPAAHyN2HEw_I34.jpeg,http://sales.mafengwo.net/mfs/s13/M00/E3/10/wKgEaVzAJFqAEISHAAPww_uU2uw85.jpeg',18900,NULL,0,19,'加拿大',4,52715,'2022-01-04 20:27:48'),(5573564,'【深度纯玩·豪华住宿】轻奢北京5日懒慢游（探秘故宫·品特色餐·爬长城·观升旗·瞻仰清华北大·天坛祈福·口碑导游·航班自选·24h接送）','http://sales.mafengwo.net/mfs/s15/M00/36/57/CoUBGV393vGAMjU_AAClL52KPS887.jpeg,http://sales.mafengwo.net/mfs/s14/M00/68/9D/wKgE2l0wHdeAK7krAADR1zQqv7s01.jpeg,http://sales.mafengwo.net/mfs/s14/M00/95/E0/wKgE2l14j_6AObbBAAaxq6DH_oE36.jpeg,http://sales.mafengwo.net/mfs/s14/M00/7A/F2/wKgE2l13VfmAfTNwAADc0bY0J7w66.jpeg,http://sales.mafengwo.net/mfs/s14/M00/6F/75/wKgE2l13UguAJuosAAHiBxnKiAU23.jpeg,http://sales.mafengwo.net/mfs/s14/M00/97/92/wKgE2l14kMyAPozxAAGqsbsq8ZQ54.jpeg',2320,NULL,1,376,'北京',6,73393,'2022-01-05 09:55:07'),(5703713,'318川藏南线+北线+滇藏线10天定制游 天数自定义 川藏线+色达+稻城亚丁+海螺沟+拉萨+梅里雪山+理塘+然乌湖+米堆冰川+巴松措+羊湖+317川藏北线+西藏（1人发车 西藏自驾游 美摄之旅）','http://sales.mafengwo.net/mfs/s16/M00/94/42/CoUBUmAOfw-AaG4dAEJZBHUfkTU440.gif,http://sales.mafengwo.net/mfs/s13/M00/9A/2D/wKgEaV2cDuKAJFoUAAt8wN2yVXo76.jpeg,http://sales.mafengwo.net/mfs/s16/M00/C5/86/CoUBUl8OzCGAJ4VOAAVwDOMcHLM03.jpeg,http://sales.mafengwo.net/mfs/s16/M00/AA/EE/CoUBUl8OumKANfugAAp9rrJgAio62.jpeg,http://sales.mafengwo.net/mfs/s16/M00/AA/E6/CoUBUl8OulyAFzKTAAapT7TUPwo57.jpeg,http://sales.mafengwo.net/mfs/s16/M00/82/C9/CoUBUl7DfRmAfV9IAAqfUQ_Izqs66.jpeg',2888,NULL,0,470,'四川',1,51233,'2022-01-04 17:08:27'),(5727351,'玩转美西经典三城10日定制游（洛杉矶网红景点打卡+畅玩好莱坞电影主题乐园环球影城+探访世界十大摄影地点之一的羚羊彩穴）','http://sales.mafengwo.net/mfs/s12/M00/36/46/wKgED1v-PliAOIEAAAIor9GTu-M80.jpeg,http://sales.mafengwo.net/mfs/s13/M00/C2/AA/wKgEaVywMaiAclh5AAIbgPwr3U095.jpeg,http://sales.mafengwo.net/mfs/s13/M00/FE/FC/wKgEaVzRXsWAYgh6AAB0Z-0JMSc03.jpeg,http://sales.mafengwo.net/mfs/s12/M00/88/73/wKgED1uklfqAcWkVAADc1GLorc860.jpeg,http://sales.mafengwo.net/mfs/s13/M00/3E/D5/wKgEaVzRLWGAPCPhAAEVYvzeoUE34.jpeg,http://sales.mafengwo.net/mfs/s13/M00/FC/42/wKgEaVzRXamAMAfUAAI7Xhqq6O471.jpeg',13999,NULL,0,8,'美国',4,52214,'2022-01-04 20:30:11'),(5762165,'日本四国艺术之旅--高松/濑户内海国际艺术祭4晚5日巡游定制行(文艺者+艺术祭+环岛骑行+海岛温泉体验)','http://sales.mafengwo.net/mfs/s13/M00/DB/D9/wKgEaVzTogeAQVc4AAEf9FSBCMg61.jpeg,http://sales.mafengwo.net/mfs/s12/M00/5F/BE/wKgED1vTBN6ATbamAADyRBQQJ2438.jpeg,http://sales.mafengwo.net/mfs/s13/M00/DB/F2/wKgEaVzTohGAMWC1AADfTJ87n0829.jpeg,http://sales.mafengwo.net/mfs/s13/M00/DB/FA/wKgEaVzTohaAX9b8AACLUgmgqTQ83.jpeg,http://sales.mafengwo.net/mfs/s13/M00/DC/0F/wKgEaVzToh-AezjhAACdEHydKCA11.jpeg',11000,NULL,1,30,'日本',5,57953,'2022-01-05 09:46:28'),(5845155,'香港直飞文莱+沙巴6天5晚跟团游（两国联游+马穆迪+马努干岛双岛出海+龙尾湾合家欢一日游）','http://sales.mafengwo.net/mfs/s13/M00/F5/36/wKgEaVzdKJ2AZevaAAEKk-HxWOM95.jpeg,http://sales.mafengwo.net/mfs/s11/M00/09/46/wKgBEFpUlxSAWOz8AAJCywl8Yhg77.jpeg,http://sales.mafengwo.net/mfs/s13/M00/F6/93/wKgEaVzdKMeAViN0AAC8cJ3fP3E34.jpeg,http://sales.mafengwo.net/mfs/s13/M00/F6/BE/wKgEaVzdKMyAaL0HAAJKpmC8qIw03.jpeg,http://sales.mafengwo.net/mfs/s11/M00/95/96/wKgBEFpy2wCAKztpAACUYQUIj3M19.jpeg,http://sales.mafengwo.net/mfs/s13/M00/F7/F4/wKgEaVzdKO-AXAJPAADb9BCtPSA73.jpeg',6188,NULL,0,13,'沙巴',6,51392,'2022-01-05 10:04:54'),(5902224,'北疆大环线·喀纳斯+伊犁9天8晚双飞精品跟团游（那拉提大草原+赛里木湖+独库公路+五彩滩+观鱼台+禾木村+魔鬼城+卧龙湾+神仙湾+新疆）','http://sales.mafengwo.net/mfs/s10/M00/BD/34/wKgBZ1ztAAyABkNuAA2Kc8f_6SI47.jpeg,http://sales.mafengwo.net/mfs/s18/M00/22/30/CoUBYGB_z5mAeCz7AASXfDP6meg78.jpeg,http://sales.mafengwo.net/mfs/s18/M00/22/36/CoUBYGB_z5yAZ84tAABzXDttk3Q75.jpeg,http://sales.mafengwo.net/mfs/s18/M00/22/3C/CoUBYGB_z6CAYrwgAAMhE48_FQ858.jpeg,http://sales.mafengwo.net/mfs/s18/M00/81/B3/CoUBYGA3XRKAKBVqAAJsQIW7VlY33.jpeg,http://sales.mafengwo.net/mfs/s18/M00/22/51/CoUBYGB_z6yAMr1fAARXcu7742Q23.jpeg',12000,NULL,0,12,'阿勒泰',6,2875,'2022-01-05 09:50:32'),(5968041,'宿务+苏米龙岛6日+世界潜水圣地苏米龙岛+深潜猎奇沙丁鱼风暴+专车私导+海洋生物保护区一岛一酒店+10米鲸鲨伴游+专业教练指导深潜+荒野求生蹦谷+丛林瀑布SPA','http://sales.mafengwo.net/mfs/s11/M00/FB/00/wKgBEFzs6laAEX33AACqmaEFGbA88.jpeg,http://sales.mafengwo.net/mfs/s11/M00/FB/19/wKgBEFzs6mSAMyOxAAJrHt7BiS004.jpeg,http://sales.mafengwo.net/mfs/s12/M00/34/DA/wKgED1zs6m2Af0S-AAFzK350oqA95.jpeg,http://sales.mafengwo.net/mfs/s12/M00/34/DD/wKgED1zs6nCAT7KgAAFB61zGpgs09.jpeg,http://sales.mafengwo.net/mfs/s12/M00/34/E2/wKgED1zs6nWAV2uTAAJZXzFTCKY73.jpeg,http://sales.mafengwo.net/mfs/s10/M00/B6/31/wKgBZ1zs6oKAVuH5AAIixx6tCO853.jpeg',12900,NULL,0,5,'宿雾',3,79819,'2022-01-04 20:11:28'),(5968521,'菲律宾长滩岛6日【1号码头林德7公里白沙滩+瑞享私家沙滩】世界十大醉人夕阳+直升机环岛+世界潜水胜地珊瑚花园浮潜+浪漫贝壳沙滩+跳岛游+海底漫步+浪漫日落风帆','http://sales.mafengwo.net/mfs/s12/M00/8D/FA/wKgED1v2SrKAaawdAAHiZ9QsyrE88.jpeg,http://sales.mafengwo.net/mfs/s12/M00/37/41/wKgED1zs7t2AJkraAAFpoQWbwSw86.jpeg,http://sales.mafengwo.net/mfs/s11/M00/FD/35/wKgBEFzs7uGAbWkIAAC0FbaZ0gE38.jpeg,http://sales.mafengwo.net/mfs/s11/M00/FD/38/wKgBEFzs7uSAfPblAAFqB3J40Qo76.jpeg,http://sales.mafengwo.net/mfs/s12/M00/37/4D/wKgED1zs7uuAAWsWAAJnATZjLI041.jpeg,http://sales.mafengwo.net/mfs/s12/M00/0D/49/wKgED1uZxY6AMR7OAADKnojhu4833.jpeg',12500,NULL,1,23,'长滩岛',3,79819,'2022-01-04 20:09:52'),(5972263,'菲律宾巴拉望8天+险世界沉船潜水圣地+中文教练指导深潜+ 一岛一酒店·私享海洋保护区+亚洲八大日落景观酒店+螃蟹船跳岛+梦幻潜水+环礁 泻湖巡游+露天火山温泉','http://sales.mafengwo.net/mfs/s1/M00/1E/F6/wKgIC1zt4FWAEiWBAAEW5q_PIQo00.jpeg,http://sales.mafengwo.net/mfs/s4/M00/85/38/wKgIDlzt4FuAN1z5AAGAU8v84GI90.jpeg,http://sales.mafengwo.net/mfs/s3/M00/E5/AE/wKgIDVzt4GmAK4u-AAHy_uJX1Nw27.jpeg,http://sales.mafengwo.net/mfs/s3/M00/E5/B4/wKgIDVzt4HCAY8v-AAFp5F_Fc_E63.jpeg,http://sales.mafengwo.net/mfs/s4/M00/85/53/wKgIDlzt4HWAaom2AAHxliM2uDg70.jpeg,http://sales.mafengwo.net/mfs/s4/M00/85/59/wKgIDlzt4HyAX_j0AAJi0odVDyk60.jpeg',14800,NULL,0,12,'巴拉望',3,79819,'2022-01-04 20:09:20'),(5972745,'菲律宾杜马盖地7日+全球五大潜水度假村+城堡COCO+世界十大潜水圣地APO岛自由潜+出海观鲸豚+锡基霍尔岛私藏 果冻海悬崖跳水+牛奶瀑布+百年魔法树鱼疗','http://sales.mafengwo.net/mfs/s10/M00/06/42/wKgBZ1zt5fWAO9-fAAFLpZy-df447.jpeg,http://sales.mafengwo.net/mfs/s10/M00/06/47/wKgBZ1zt5fmAcAeMAAGG3y9CPcY58.jpeg,http://sales.mafengwo.net/mfs/s10/M00/06/4B/wKgBZ1zt5f2Afl20AAFfXA2hh-c32.jpeg,http://sales.mafengwo.net/mfs/s10/M00/06/51/wKgBZ1zt5gCAOq9qAACcJZcl4JI55.jpeg,http://sales.mafengwo.net/mfs/s10/M00/06/66/wKgBZ1zt5gqAT2CuAAKo9OptphU91.jpeg,http://sales.mafengwo.net/mfs/s10/M00/06/85/wKgBZ1zt5h-AJt9XAADZVbI3bkg51.jpeg',14900,NULL,0,9,'菲律宾',3,79819,'2022-01-04 20:08:46'),(5973132,'菲律宾长滩岛7日+香格里拉+S1白沙滩·天后同款·探索酒店+专业中文教练指导 珊瑚花园深潜+拍摄水下大片+直升机环岛+落日风帆巡游+体验飞鱼+摩托艇+香蕉船','http://sales.mafengwo.net/mfs/s12/M00/86/5B/wKgED1zt6-eAbC_NAADFIBXdchc47.jpeg,http://sales.mafengwo.net/mfs/s12/M00/86/63/wKgED1zt6-yAVUJGAAGIXor1Sfg10.jpeg,http://sales.mafengwo.net/mfs/s12/M00/86/66/wKgED1zt6-6AOuSZAAD0QVzdwIM92.jpeg,http://sales.mafengwo.net/mfs/s12/M00/86/6C/wKgED1zt6_GAY68XAAJS1WfihhE59.jpeg,http://sales.mafengwo.net/mfs/s12/M00/86/73/wKgED1zt6_SASOpOAAGDVwuSpVE57.jpeg,http://sales.mafengwo.net/mfs/s12/M00/86/7C/wKgED1zt6_mAWOz1AAF1b195ZAs26.jpeg',14900,NULL,0,17,'菲律宾',3,79819,'2022-01-04 20:10:54'),(6043280,'【2-6人越野/商务车】稻城亚丁+墨石公园5天4晚（理塘+折多山+新都桥+香格里拉镇+千户藏寨+赠瓶装氧气+四川成都川西纯玩旅游跟团）','http://sales.mafengwo.net/mfs/s18/M00/C3/CC/CoUBYGBB5E-AUCAxAAcKU7u9RFo98.jpeg,http://sales.mafengwo.net/mfs/s13/M00/C7/6D/wKgEaVx8wmWASAUsAA1U3m-20x802.jpeg,http://sales.mafengwo.net/mfs/s13/M00/14/01/wKgEaVyhv7yAXAiPAAyK14SYQR883.jpeg,http://sales.mafengwo.net/mfs/s13/M00/E7/3E/wKgEaVyF7SuATGFJABbS-u_IFlo17.jpeg,http://sales.mafengwo.net/mfs/s16/M00/0F/70/CoUBUl7PJsyAa9W8ABqeZrzNUes98.jpeg,http://sales.mafengwo.net/mfs/s13/M00/29/FC/wKgEaVzBgQCACj0mAA2ZCgWb__c98.jpeg',1880,NULL,1,335,'甘孜',6,84613,'2022-01-05 09:56:09'),(6056784,'寓教与乐 大悟于心 安达曼海的明珠/普吉岛幸福亲子6日定制游（大象营/海豚馆亲子体验+五星住宿私享卡塔海滩日落美景+大小皇帝岛出海+畅玩幻多奇乐园+体验ATV越野四驱摩托车）','http://sales.mafengwo.net/mfs/s12/M00/1F/C2/wKgED1z42WKAQr59AAuGxbvUOdw339.png,http://sales.mafengwo.net/mfs/s12/M00/1F/DC/wKgED1z42WmAZTV_AAKLN-3qkfw48.jpeg,http://sales.mafengwo.net/mfs/s12/M00/1F/F5/wKgED1z42XCAQ67BAADOa-xCUGU61.jpeg,http://sales.mafengwo.net/mfs/s12/M00/20/00/wKgED1z42XSAUG2zAAHdN3FiUc801.jpeg,http://sales.mafengwo.net/mfs/s12/M00/20/FC/wKgED1z42dCAS1cyAAmXHdaqYqI51.jpeg,http://sales.mafengwo.net/mfs/s12/M00/1E/B5/wKgED1z42OKAQBZZAArlHclBmlY018.png',5680,NULL,0,3,'泰国',3,57953,'2022-01-04 20:01:10'),(6094618,'致亲春 去泰国放肆  毕业旅行之普吉岛狂欢6日定制游（每天睡到自然醒+热带风暴水上乐园一嗨到底+全程夜市美食海鲜享不停+人妖秀/ATV/骑大象/从林飞跃/射击让你嗨到步行+更有SPA体验放松身心）','http://sales.mafengwo.net/mfs/s14/M00/19/DA/wKgE2l0A2TWABQB_AACfuaQ54yI97.jpeg,http://sales.mafengwo.net/mfs/s11/M00/25/7C/wKgBEFrj9FmADNnhAAEOmICbCb054.jpeg,http://sales.mafengwo.net/mfs/s14/M00/15/B6/wKgE2l0A11yAWiKtAADsvNVk6eQ22.jpeg,http://sales.mafengwo.net/mfs/s14/M00/15/C0/wKgE2l0A11-AQgSYAAUq3UJqr3Y064.png,http://sales.mafengwo.net/mfs/s14/M00/15/CA/wKgE2l0A12KAJC20AAEqLOhZEe817.jpeg,http://sales.mafengwo.net/mfs/s14/M00/15/D5/wKgE2l0A12aAPOUpAAJd-YZon-A97.jpeg',5280,NULL,0,4,'泰国',3,57953,'2022-01-04 19:59:28'),(6160280,'【菲长假期 休闲畅玩】—菲律宾长滩6日休闲漫游定制旅行（每天睡到自然醒+水牛岛出海浮潜/跳崖/海钓+直升机/香蕉船/摩托艇/深潜/摇曳伞水上项目欢畅体验+海鲜市场美味探索+打卡网红餐厅+更多精彩一起遇见！）','http://sales.mafengwo.net/mfs/s14/M00/29/54/wKgE2l0KGmuAP7ZgAABakK0oqjo05.jpeg,http://sales.mafengwo.net/mfs/s14/M00/29/59/wKgE2l0KGm-AbrPaAAIBrOvkfms70.jpeg,http://sales.mafengwo.net/mfs/s14/M00/29/5F/wKgE2l0KGnOAcQjtAAVZqqi9bGI479.png,http://sales.mafengwo.net/mfs/s14/M00/29/63/wKgE2l0KGnaAVP-uAAm2J8hvYTg773.png,http://sales.mafengwo.net/mfs/s14/M00/29/67/wKgE2l0KGnmARqQxAAEgPQBsJv401.jpeg',5280,NULL,0,59,'菲律宾',3,57953,'2022-01-04 20:08:13'),(6351471,'日本东京大阪奈良富士山纯玩6天5晚纯玩半自助游（伏见稻荷大社和服旅拍+奈良喂食小鹿+忍野八海+富士山下温泉泡汤+网红二三年坂+清水寺求佛）','http://sales.mafengwo.net/mfs/s14/M00/07/10/wKgE2l0nCEKAJ5z2AAamQARoTdc67.jpeg,http://sales.mafengwo.net/mfs/s14/M00/CC/50/wKgE2l0hm-KAGwn7AAg0AV7l4j834.jpeg,http://sales.mafengwo.net/mfs/s14/M00/19/17/wKgE2l0nDxCAAjvZAAb8NkdpG1I68.jpeg,http://sales.mafengwo.net/mfs/s14/M00/19/37/wKgE2l0nDx6AObIQAAU0BBKDinc42.jpeg,http://sales.mafengwo.net/mfs/s14/M00/19/22/wKgE2l0nDxSAdR_NAAZoAsehCos49.jpeg,http://sales.mafengwo.net/mfs/s14/M00/06/F1/wKgE2l0nCDWAAH7oAAZJSQCWRHs53.jpeg',8800,NULL,0,74,'日本',6,50576,'2022-01-05 09:53:23'),(6479597,'带着萌娃玩转英国 —英伦范儿/伦敦+科茨沃尔德乡村+巴斯+温莎8天7晚深度亲子定制游','http://sales.mafengwo.net/mfs/s12/M00/32/24/wKgED1wF3SOAGiJrAAFSLjAN5Xg54.jpeg,http://sales.mafengwo.net/mfs/s14/M00/36/00/wKgE2l0y6QqAZhvgAAPRS1G9KNM479.png,http://sales.mafengwo.net/mfs/s14/M00/36/08/wKgE2l0y6Q2AXHvhAAEq2evwAfc91.jpeg,http://sales.mafengwo.net/mfs/s14/M00/36/56/wKgE2l0y6S6AGM_qABmz_PtQk4I54.jpeg,http://sales.mafengwo.net/mfs/s14/M00/38/48/wKgE2l0y6gOAHYXdAATy_ul4Rfc78.jpeg',16800,NULL,0,17,'英国',4,57953,'2022-01-05 09:07:23'),(6494773,'心系一片海 深圳惠州6日定制游（寻找中国版小马代/三角洲岛+惠州双月湾观景台+小星山浮潜和海钓+海龟保护区+深圳东部华侨城+free sky云际观光层+欢乐海岸+探秘美食圣地）','http://sales.mafengwo.net/mfs/s14/M00/B9/C8/wKgE2l0sL1SAfrDWAAcWpeZdGdo13.jpeg,http://sales.mafengwo.net/mfs/s9/M00/B8/5D/wKgBs1fsupGAdzLKAAUtwyLGFqo68.jpeg,http://sales.mafengwo.net/mfs/s9/M00/C8/A6/wKgBs1dayxaAXtetAAcI6aFLtB021.jpeg',1099,NULL,1,11,'深圳',1,57383,'2022-01-04 16:17:23'),(6611724,'最炫亲子游 畅玩双长隆 广州珠海澳门8日定制游（广州长隆野生动物世界+珠海长隆海洋王国+海洋王国烟火秀+泮溪酒家+广州塔+大三巴牌坊+官也街+威尼斯人度假村+巴黎人+新濠影汇+优质酒店随心住）','http://sales.mafengwo.net/mfs/s16/M00/F6/26/CoUBUl7xywCAKsk9AAFD2T-X5yM98.jpeg,http://sales.mafengwo.net/mfs/s15/M00/34/F1/CoUBGV4VeJeAOIXhAAGvHG9g9zs28.jpeg,http://sales.mafengwo.net/mfs/s16/M00/F8/0E/CoUBUl7xy7eAQjKfAALjEVrUX-E69.jpeg,http://sales.mafengwo.net/mfs/s16/M00/F6/4C/CoUBUl7xyw6AQw2xAADfR0cwHkM87.jpeg,http://sales.mafengwo.net/mfs/s14/M00/3A/AB/wKgE2l14YW-AS_ShAAGfdPA0kqM98.jpeg',1399,NULL,0,10,'广州',2,57383,'2022-01-04 19:52:00'),(6612145,'畅享两大亲子乐园 珠海澳门香港6日高端定制游（香港迪士尼乐园+珠海长隆海洋王国+乘直升机赏港珠澳大桥+夏日东澳岛南沙湾+品尝新鲜地道海鲜+打卡澳门人力车+澳门巴黎铁塔+威尼斯人度假村）','http://sales.mafengwo.net/mfs/s15/M00/6C/3B/CoUBGV3OVY-AVgKAAAHFr8SkE6011.jpeg,http://sales.mafengwo.net/mfs/s14/M00/C0/BE/wKgE2l1vfRmALZi5AAG4NN6-sZM081.jpg,http://sales.mafengwo.net/mfs/s16/M00/58/BB/CoUBUl6yinuACK31AA-Ly2e1qqQ52.jpeg,http://sales.mafengwo.net/mfs/s16/M00/AD/5B/CoUBUl6zvyaALzykAAxBPhQpRUI16.jpeg',1199,NULL,0,8,'澳门',2,57383,'2022-01-04 19:50:49'),(6654643,'畅玩冲绳温馨家庭亲子6天5晚定制旅行（带娃美丽水族馆/儿童王国/植物乐园+万座毛赏绝美海景+国际通/OUTLETS自由购物+青洞超人气潜水体验）','http://sales.mafengwo.net/mfs/s12/M00/5F/0A/wKgED1wF_F-AFAboAAfGpA1uKa025.jpeg,http://sales.mafengwo.net/mfs/s12/M00/C2/F0/wKgED1v5J7qAaU8WAAQRUUJqp8A55.jpeg,http://sales.mafengwo.net/mfs/s12/M00/C2/F9/wKgED1v5J8GAI1f9AALtQx5Qq6E04.jpeg,http://sales.mafengwo.net/mfs/s12/M00/5F/0E/wKgED1wF_GaARh2OAACsuSb5cXk94.jpeg,http://sales.mafengwo.net/mfs/s12/M00/5F/90/wKgED1wF_O2Adx-DAAkqO7WEwPY12.jpeg',7500,NULL,0,2,'日本',5,57953,'2022-01-05 09:37:25'),(6675622,'斯里兰卡+马尔代夫9天蜜月游【六星奥瑞格+罗莱夏朵成员酒店+世界潜水圣地马尔代夫+360度海景水屋】全程专车司导+安缦下午茶+日落海滨火车+六星级海岛无限次潜水','http://sales.mafengwo.net/mfs/s14/M00/18/C9/wKgE2l1TuiuASyTqAAEwz53hg4g97.jpeg,http://sales.mafengwo.net/mfs/s14/M00/18/D9/wKgE2l1TujCAA4PiAAJsCUo-FbI05.jpeg,http://sales.mafengwo.net/mfs/s14/M00/18/E5/wKgE2l1TujSAX6UCAAFdernBBwI46.jpeg,http://sales.mafengwo.net/mfs/s14/M00/18/EA/wKgE2l1TujaARevDAADSlsJwbX419.jpeg,http://sales.mafengwo.net/mfs/s14/M00/18/F4/wKgE2l1TujqACUTMAAG6B7TGJ2I97.jpeg,http://sales.mafengwo.net/mfs/s14/M00/19/02/wKgE2l1TukCASY1YAADx4whd5do85.jpeg',33800,NULL,0,4,'马尔代夫',3,79819,'2022-01-04 20:06:00'),(6728665,'日本九州赏枫叶6日【御宿·皇家汤泡旅馆+黑川幽谷之汤山水木+天皇私人温泉疗养地】御船山观光酒店+阿苏火山千年矿物热泉+小众私藏赏枫名所+夜枫灯光秀+匠心解读百年瓷都','http://sales.mafengwo.net/mfs/s14/M00/72/26/wKgE2l1dBaOAFRwlAAGTKY4w9gc80.jpeg,http://sales.mafengwo.net/mfs/s14/M00/72/36/wKgE2l1dBaeAYLhkAAFpdIveyEI24.jpeg,http://sales.mafengwo.net/mfs/s14/M00/72/3C/wKgE2l1dBamAKeX7AAEyHD63Y1Y35.jpeg,http://sales.mafengwo.net/mfs/s13/M00/23/A2/wKgEaVzk9dSAFwVFAAMoXmVxmxg30.jpeg,http://sales.mafengwo.net/mfs/s14/M00/72/53/wKgE2l1dBa-AZ6fKAAIPFOIhNpk57.jpeg,http://sales.mafengwo.net/mfs/s14/M00/72/60/wKgE2l1dBbKAXNAqAAEHN0h0rJg07.jpeg',16800,NULL,0,56,'九州',5,79819,'2022-01-05 09:44:29'),(6891781,'牛背山+达古冰川+毕棚沟+鹧鸪山3日定制游（打卡华美无边温泉+鹧鸪山耍雪+米亚罗红叶节+贡嘎云海）','http://sales.mafengwo.net/mfs/s16/M00/E3/50/CoUBUl_Ifu6AIK_6AA-pqXjReyI44.jpeg,http://sales.mafengwo.net/mfs/s16/M00/BE/AD/CoUBUl_W1WGABHusAAIgZ37yEKA76.jpeg,http://sales.mafengwo.net/mfs/s16/M00/04/4A/CoUBUl_DHqiAWM_DAAGgWJg74N001.jpeg,http://sales.mafengwo.net/mfs/s15/M00/D7/1B/CoUBGV3vFs6AE6UZAAHenV7ojJo31.jpeg,http://sales.mafengwo.net/mfs/s15/M00/06/2B/CoUBGV2pFleAP1EtAAOhBu08Sfk87.jpeg,http://sales.mafengwo.net/mfs/s16/M00/FB/0D/CoUBUmFCpmGADrosAALL2CADgWc21.jpeg',1980,NULL,0,171,'黑水',1,56048,'2022-01-04 17:05:28'),(7009189,'马尔代夫7天【水飞库达度七星私人岛一价全包·300平海洋别墅】浮潜沙滩双A+无人梦幻岛+畅游芙拉瓦丽岛+私人潜水管家指导深潜  鲨鱼潜+追魔鬼鱼海豚 渔猎+夜光浮潜','http://sales.mafengwo.net/mfs/s11/M00/3C/A4/wKgBEF2Npy6AQU0WAAC3kjQnTyQ42.jpeg,http://sales.mafengwo.net/mfs/s11/M00/3C/95/wKgBEF2NpyiAUAWVAAD4ffIN8ZE76.jpeg,http://sales.mafengwo.net/mfs/s11/M00/3C/B2/wKgBEF2NpzWAeXONAADBdbTbg4c93.jpeg,http://sales.mafengwo.net/mfs/s11/M00/3C/BC/wKgBEF2NpziAQ5DWAADznXM11wY66.jpeg,http://sales.mafengwo.net/mfs/s11/M00/3C/C2/wKgBEF2NpzqAapNYAADWOTL2bHU63.jpeg,http://sales.mafengwo.net/mfs/s10/M00/1D/4F/wKgBZ12Np0GAV-AWAAChsN01wKo83.jpeg',43180,NULL,0,19,'马尔代夫',3,79819,'2022-01-04 20:04:27'),(7024151,'泰国曼谷+清迈+普吉13天12晚定制游（网红打卡+小众玩法+饕餮美食+海景酒店+独栋别墅+摄影）','http://sales.mafengwo.net/mfs/s13/M00/56/C2/wKgEaV2JyLCAGupNAAUfKW1EXGM96.jpeg,http://sales.mafengwo.net/mfs/s14/M00/71/9B/wKgE2l2JyLaADCRQAAMW4tTqahw21.jpeg,http://sales.mafengwo.net/mfs/s14/M00/2A/33/wKgE2l0S7qaAdRQVAAUohm_YdDU49.jpeg,http://sales.mafengwo.net/mfs/s12/M00/56/7F/wKgED1v2GPuAbRtvAAROwUubXY066.jpeg',6966,NULL,0,8,'泰国',3,1326,'2022-01-04 20:00:42'),(7156910,'【一价全含】肯尼亚10日游（蒙巴萨白沙滩度假/住树顶+蒙内铁路/升内飞+内罗毕/马赛马拉草原/奈瓦沙湖/阿布戴尔+多自助餐/含百兽宴）','http://sales.mafengwo.net/mfs/s15/M00/A1/0C/CoUBGV2tKjCAFssBAAW-BtxcMoI42.jpeg,http://sales.mafengwo.net/mfs/s15/M00/A1/2B/CoUBGV2tKj6AARpiAABembAYnyw90.jpeg,http://sales.mafengwo.net/mfs/s14/M00/78/A3/wKgE2l1bl1aAVwCtAA9IM7jpYVo91.jpeg,http://sales.mafengwo.net/mfs/s15/M00/A1/EF/CoUBGV2tKn2AcpGMAACM5lctp5g01.jpeg,http://sales.mafengwo.net/mfs/s14/M00/74/E3/wKgE2l1bllyAZI3gAAKnyFe1v1U36.jpeg,http://sales.mafengwo.net/mfs/s14/M00/71/08/wKgE2l1blVmATv_9AAGor3g2VDM11.jpeg',22999,NULL,0,23,'内罗毕',6,51908,'2022-01-05 09:57:45'),(7209982,'半懒主义·长春+长白山5日自由度假套餐（首尾住5星凯悦嘉轩/与万达度假区酒店间门对门直通车往返+每日不限时滑雪+汉拿山室内外温泉+接送机站）','http://sales.mafengwo.net/img/c6/56/4e8964a8b1ffb9cafae0dede554dc1f3.jpeg,http://sales.mafengwo.net/mfs/s17/M00/AB/63/CoUBXl_eTj6AdAesAENbbwLs-II34.jpeg,http://sales.mafengwo.net/img/fd/d6/0fdfa7002261bb381a86a8f032fc8b59.jpeg,http://sales.mafengwo.net/img/fb/19/6fe4c6abd52a35baf4b09452b3311305.jpeg,http://sales.mafengwo.net/img/ac/e2/719a29c1e3be11e240b61b1efbbf089f.jpeg,http://sales.mafengwo.net/img/bb/04/cdfa6805cc9db1173269a037df0b6cbe.jpeg',1698,NULL,1,2,'万达长白山滑雪度假区',6,51908,'2022-01-05 10:06:00'),(7220781,'宿务＋薄荷8日跳岛探险定制游（山涧溯溪+追海豚观鲸鲨+滑板观萤火虫）','http://sales.mafengwo.net/mfs/s12/M00/3A/B0/wKgED1xJSMeAW6raAAVhvhNvsS865.jpeg,http://sales.mafengwo.net/mfs/s15/M00/C9/40/CoUBGV22XvSAU5rsAAHdYv30yg481.jpeg,http://sales.mafengwo.net/mfs/s15/M00/C9/5B/CoUBGV22XvmAGTB9AAYMHb7CCTs884.png,http://sales.mafengwo.net/mfs/s12/M00/2C/45/wKgED1vf1_eAXDlwACMjXUKRvG8413.png',6880,NULL,0,5,'宿雾',3,3189,'2022-01-04 20:10:20'),(7368824,'一价全含 马尔代夫七星华尔道夫岛 7天+百年奢华酒店品牌 Stella Maris 私密海洋别墅 2晚沙滩泳池别墅+2晚水上泳池别墅+私属珊瑚礁+树顶餐厅 岩洞餐厅','http://sales.mafengwo.net/mfs/s15/M00/A3/A3/CoUBGV3NArSAcTmTAAbHLiik9eI21.jpeg,http://sales.mafengwo.net/mfs/s15/M00/A3/B0/CoUBGV3NAreASEmkAAJR98f4Kjw82.jpeg,http://sales.mafengwo.net/mfs/s15/M00/A3/C2/CoUBGV3NAryANRUnAAJmhlkVT4w95.jpeg,http://sales.mafengwo.net/mfs/s15/M00/A3/CF/CoUBGV3NAr-AAKNRAAFHppFqEBw58.jpeg,http://sales.mafengwo.net/mfs/s15/M00/A4/25/CoUBGV3NAteAK3U3AAK0FYKgIIQ77.jpeg,http://sales.mafengwo.net/mfs/s15/M00/A6/63/CoUBGV3NA6-AaeG0AALYPCGTijI42.jpeg',28560,NULL,0,0,'马尔代夫',3,79819,'2022-01-04 20:04:47'),(7388210,'日本北海道7日+非诚勿扰同款·鹤雅别莊·露天私汤+星野旭川 网走+自然爱好者的朝圣地+破冰船探秘知床国家公园+网红流冰徒步+阿寒湖国立公园冰钓+火山口湖探险','http://sales.mafengwo.net/mfs/s15/M00/91/D9/CoUBGV3OZzOAMDyvAACoKSE4GT018.jpeg,http://sales.mafengwo.net/mfs/s15/M00/91/DF/CoUBGV3OZzWATz5zAAExY9rg9gA21.jpeg,http://sales.mafengwo.net/mfs/s15/M00/91/E4/CoUBGV3OZziAC9QVAAEYMxSw3KM36.jpeg,http://sales.mafengwo.net/mfs/s15/M00/91/EE/CoUBGV3OZzqABimdAAEuB1bYyvs43.jpeg,http://sales.mafengwo.net/mfs/s15/M00/91/F6/CoUBGV3OZz6APxcoAADaJ61TCdw32.jpeg,http://sales.mafengwo.net/mfs/s15/M00/92/02/CoUBGV3OZ0OALh0rAADAo5y4utA90.jpeg',26500,NULL,0,45,'北海道',5,79819,'2022-01-05 09:41:07'),(7422849,'欧洲浪漫之旅 法国意大利10日定制蜜月游（许愿池甜蜜许愿+爱墙相约一生+罗马假日同款场景+塞纳河畔漫步+卢浮宫艺术瑰宝+威尼斯水上游船+宏伟壮观万神殿）','http://sales.mafengwo.net/mfs/s15/M00/93/78/CoUBGV3TsCCASJUUAAcfH7lNZ3M07.jpeg,http://sales.mafengwo.net/mfs/s11/M00/07/22/wKgBEFpgCxyAba6RAAOKpOuOZt070.jpeg,http://sales.mafengwo.net/mfs/s15/M00/93/8B/CoUBGV3TsCyABLtaAAcVSZJrf8I10.jpeg,http://sales.mafengwo.net/mfs/s15/M00/93/A6/CoUBGV3TsDqAEKtDAAOQFFiO5hU24.jpeg,http://sales.mafengwo.net/mfs/s11/M00/8D/A0/wKgBEFrVcbWAO85JAALx-TnuAOU57.jpeg,http://sales.mafengwo.net/mfs/s15/M00/93/C6/CoUBGV3TsE2AOcECAAdl-0lLggg85.jpeg',16999,NULL,0,5,'意大利',4,76090,'2022-01-04 20:33:44'),(7549069,'一家一团·三亚6日家庭亲子/情侣/蜜月私家定制团（独立包车+泡网红无边泳池/五号别墅/国际酒店多湾区可选+蜈支洲岛/呀诺达/亚特兰蒂斯水世界/水族馆热门景点12选3+专车24小时接送机）','http://sales.mafengwo.net/mfs/s14/M00/F3/9F/wKgE2l0Ij9KAecJGAAE9RxTW-NM22.jpeg,http://sales.mafengwo.net/mfs/s11/M00/A5/8A/wKgBEFs0VjCAT8ZqAALPHoOI3kg18.jpeg,http://sales.mafengwo.net/mfs/s14/M00/B1/24/wKgE2l0i9iiAa7vLAAKyCt0OtXo33.jpeg,http://sales.mafengwo.net/mfs/s12/M00/76/98/wKgED1vZC6mAKe2lAAWnL9z8qkQ17.jpeg,http://sales.mafengwo.net/mfs/s15/M00/AE/53/CoUBGV26pFyAecJwAALfM55inkw80.jpeg,http://sales.mafengwo.net/mfs/s16/M00/71/07/CoUBUl7pmAqAfzcKAATkY7IKmik23.jpeg',869,NULL,1,37,'',1,50639,'2022-01-04 16:58:53'),(7605552,'广州顺德6日私家定制游（玩转长隆野生动物园+长隆欢乐世界+中山纪念堂+沙面+广州塔+460米摩天轮+珠江夜游+陈家祠+粤剧艺术博物馆+逢简水乡+清晖园+顺德博物馆+李小龙乐园）','http://sales.mafengwo.net/mfs/s16/M00/20/DB/CoUBUl6ybEuAMDmEAAWsBKnGCwA49.jpeg,http://sales.mafengwo.net/mfs/s16/M00/20/0D/CoUBUl6ya6mAXI8aAAOq-eAabx852.jpeg',699,NULL,0,38,'广州',1,57383,'2022-01-04 16:17:45'),(7637025,'疫情过后·省钱又浪漫·意大利法国南部13日定制游速速上车（置身宫崎骏《天空之城》+怀旧1953赫本《罗马假日》+少女喷泉许诺一生挚爱+离家出走乔治笔下《山居岁月》+闻见芬芳薰衣草故乡+携手泛舟圣十字湖）','http://sales.mafengwo.net/mfs/s15/M00/E0/85/CoUBGV3uCHGAAP2CAAHINQ7Qogc02.jpeg,http://sales.mafengwo.net/mfs/s15/M00/DF/A8/CoUBGV3uCB-AXeFJAAHHU7xp1cA38.jpeg,http://sales.mafengwo.net/mfs/s15/M00/E0/19/CoUBGV3uCEeAYc7MAAGSsGPT3wA73.jpeg,http://sales.mafengwo.net/mfs/s15/M00/E0/30/CoUBGV3uCFKAMbB8AAH86-TFlsI56.jpeg,http://sales.mafengwo.net/mfs/s15/M00/E0/50/CoUBGV3uCGKANJ8pAALQQ5DPC0Q61.jpeg,http://sales.mafengwo.net/mfs/s15/M00/E0/5E/CoUBGV3uCGKAPVVSAAE5erneEoo64.jpeg',13666,NULL,0,73,'意大利',4,56243,'2022-01-04 20:32:09'),(7700168,'中亚五斯坦·吉尔吉斯+哈萨克+塔吉克+乌兹别克+土库曼16日纯玩（3段内飞衔接更省力+中文导游/独立用车+4至5星及特色庭院酒店/饕餮美食）','http://sales.mafengwo.net/mfs/s16/M00/02/E1/CoUBUl6ELoWAc9VWAAHCpqiFwuA73.jpeg,http://sales.mafengwo.net/mfs/s15/M00/30/D3/CoUBGV3i2CCAJ-JdACnFzKmdrAE85.jpeg,http://sales.mafengwo.net/mfs/s15/M00/24/16/CoUBGV3mCxqASgmhAAzh7nzoO0Q74.jpeg,http://sales.mafengwo.net/mfs/s16/M00/07/77/CoUBUl6EL4iAfutbAAS9WF7BD_817.jpeg,http://sales.mafengwo.net/mfs/s16/M00/08/08/CoUBUl6EL7CAMoSuAAHZMabN4SA01.jpeg,http://sales.mafengwo.net/mfs/s15/M00/95/AC/CoUBGV3nU8OAUkMWAAZhyFVrlQI32.jpeg',33590,NULL,0,17,'乌兹别克斯坦',6,51908,'2022-01-05 09:59:54'),(7994330,'【全川定制】 打卡天府之国 快耍慢活成都/达古冰川/毕棚沟/九寨沟/黄龙/海螺沟/四姑娘山/峨眉山/乐山大佛/拜水都江堰/问道青城山随心定制2-8日游（天数自定义+奢华酒店+越野商务保姆车随心选+赠送温泉）','http://sales.mafengwo.net/mfs/s18/M00/CB/2B/CoUBYGCHcsSAUUzPAAK4XxH0yeE57.jpeg,http://sales.mafengwo.net/mfs/s17/M00/4B/5D/CoUBXmFuf_OABX_yAAcVJNAJJXw71.jpeg,http://sales.mafengwo.net/mfs/s18/M00/BD/AA/CoUBYGD1RAqAEAACAAeVhqXZ_Xk76.jpeg,http://sales.mafengwo.net/img/67/9c/1b24bf62a748d0ea52d66dc9e8c6bb2b.jpeg,http://sales.mafengwo.net/mfs/s18/M00/30/9D/CoUBYGFufoyAFCswAAKpD75pPEQ36.jpeg,http://sales.mafengwo.net/mfs/s17/M00/4B/1B/CoUBXmFufsOACWqtAAeCW0cnjtM47.jpeg',850,NULL,0,84,'成都',1,97519,'2022-01-04 17:04:42'),(7999122,'【免签高加索】阿塞拜疆/格鲁吉亚/亚美尼亚12日（2人起发+巴库埃里温两点进出+舍基/第比利斯/西格纳吉/卡兹别克/巴统/塞凡湖+4至5星）','http://sales.mafengwo.net/mfs/s15/M00/CC/13/CoUBGV5PsCWAVqJNAAJvY7LTCnY72.jpeg,http://sales.mafengwo.net/mfs/s15/M00/CB/67/CoUBGV5Pr3aABPY-AAfs4C5dYVg32.jpeg,http://sales.mafengwo.net/mfs/s15/M00/CB/7B/CoUBGV5Pr4-AVyO3AANOp27lbkA57.jpeg,http://sales.mafengwo.net/mfs/s15/M00/CC/A3/CoUBGV5PsN6ADhjYAAL-NFpNq9s44.jpeg,http://sales.mafengwo.net/mfs/s15/M00/CE/14/CoUBGV5PsnKAYvSqAADcmWFJXr852.jpeg,http://sales.mafengwo.net/mfs/s15/M00/CA/94/CoUBGV5Prq6AY0GGAAPWa9tuQdQ20.jpeg',23980,NULL,0,7,'格鲁吉亚',6,51908,'2022-01-05 10:01:35'),(7999603,'【精致小团2人起发】格鲁吉亚+亚美尼亚10日游（第比利斯埃里温两点进出+西格纳吉/卡兹别克/哥里/博尔若米/巴统/塞凡湖/大阶梯+4至5星）','http://sales.mafengwo.net/mfs/s15/M00/BA/49/CoUBGV5RjECAb3fSAAIl4Z3WEdI27.jpeg,http://sales.mafengwo.net/mfs/s15/M00/CB/67/CoUBGV5Pr3aABPY-AAfs4C5dYVg32.jpeg,http://sales.mafengwo.net/mfs/s15/M00/CC/A3/CoUBGV5PsN6ADhjYAAL-NFpNq9s44.jpeg,http://sales.mafengwo.net/mfs/s15/M00/BA/04/CoUBGV5Ri5uAHIUBAAKvufmi-5k32.jpeg,http://sales.mafengwo.net/mfs/s15/M00/B6/DE/CoUBGV5RgeqAA-EYAAHpxwrnun809.jpeg,http://sales.mafengwo.net/mfs/s15/M00/AC/BB/CoUBGV5RaT2ASL_aAAEeFP6FFos57.jpeg',17888,NULL,0,7,'亚美尼亚',6,51908,'2022-01-05 09:54:18'),(8065564,'舌尖上的广东 广州顺德珠海深圳6日美食定制游（吃地道广东美食+顺德正宗私房菜+珠海海鲜美食+黄浦军校纪念馆+沙面+傍晚珠江夜游+逢简水乡+船游港珠澳大桥+园明新园+世界之窗+东门步行街）','http://sales.mafengwo.net/mfs/s16/M00/97/D9/CoUBUl66TcqAfrylABgcGyPpcWs003.png,http://sales.mafengwo.net/mfs/s16/M00/1B/8B/CoUBUl6yaJaAciyoAAS4-hC_Zlk56.jpeg,http://sales.mafengwo.net/mfs/s16/M00/1B/8E/CoUBUl6yaJqAEEoGAAUuc6DFz5493.jpeg',1699,NULL,0,32,'广州',1,57383,'2022-01-04 16:16:35'),(8086091,'畅玩两大亲子乐园 广州长隆+广州融创乐园5日定制游（广州长隆野生动物园+广州融创主题乐园+住长隆熊猫酒店+融创雪世界+长隆白虎餐厅+泮溪酒家+邂逅广州塔/沙面/广东省博物馆）','http://sales.mafengwo.net/mfs/s16/M00/D6/64/CoUBUl6z2_SAcQM8AATi_RWvRo415.jpeg,http://sales.mafengwo.net/mfs/s14/M00/FB/28/wKgE2l1aU2eAb0G8AATD7b_Gl6E584.jpg,http://sales.mafengwo.net/mfs/s14/M00/FB/9B/wKgE2l1aU5KARsO4AAQEXBcOXNc456.jpg,http://sales.mafengwo.net/mfs/s16/M00/D6/C6/CoUBUl6z3D-AJTTyAAMALHNVPiI61.jpeg,http://sales.mafengwo.net/mfs/s14/M00/D4/33/wKgE2l1NSm-AAT04AAX3yWfer2o73.jpeg',999,NULL,0,1,'广东',1,57383,'2022-01-04 16:17:05'),(8107043,'走进大自然 广州从化2日公司团建定制游（流溪河国家森林公园拓展+天湖风景区+泡养生温泉/碧水湾温泉酒店 公司团建拓展/公司年会/毕业旅行/班级出游）','http://sales.mafengwo.net/mfs/s16/M00/C8/C1/CoUBUl6z0gyAIZ2qABMHdUDJaxo78.jpeg,http://sales.mafengwo.net/mfs/s16/M00/EB/00/CoUBUl7OKFSAUHNaAAJM7fOE54g72.jpeg,http://sales.mafengwo.net/mfs/s16/M00/EB/05/CoUBUl7OKFeAaIU_AAP9wzWrBb4507.png',699,NULL,0,14,'广东',1,57383,'2022-01-04 16:07:06'),(8145115,'寓教于乐 深圳游学2日定制游（激发孩子探索精神+专业老师教小朋友制作油画+欢乐海岸海洋奇梦馆+水秀剧场+园博园+体验野外拓展）','http://sales.mafengwo.net/mfs/s16/M00/37/0E/CoUBUl61IIKAF7y8AAbr6mcAU8I07.jpeg',699,NULL,0,1,'广州',1,57383,'2022-01-04 16:18:06'),(8379952,'海南三亚分界洲岛3天潜水考证定制游（OW/AOW潜水考证+PADI专业潜水教练协会+自由潜/持证潜+甄选优质潜点+优质正规潜店+国内潜水胜地+时间可延长+可定制三亚度假行程）','http://sales.mafengwo.net/mfs/s16/M00/F7/92/CoUBUl8wx9WANKTmAAYoDYjSYyY87.jpeg,http://sales.mafengwo.net/mfs/s16/M00/F7/B3/CoUBUl8wx-aAUlDKAAWzke-HRjs67.jpeg,http://sales.mafengwo.net/mfs/s16/M00/F7/D6/CoUBUl8wx_eAD-zEAARil3_Ut6E40.jpeg,http://sales.mafengwo.net/mfs/s16/M00/F7/EC/CoUBUl8wyAKAXy1cAAVtdjOgGsU78.jpeg,http://sales.mafengwo.net/mfs/s16/M00/F7/77/CoUBUl8wx8mAByzkAAaIoAnjfDs66.jpeg,http://sales.mafengwo.net/mfs/s16/M00/70/7E/CoUBUl8w-syAFvNjAAQmbWloDcs80.jpeg',3980,NULL,0,94,'三亚',1,52172,'2022-01-04 16:56:04'),(8537823,'畅玩深圳团建2日定制游（公司团建拓展/公司年会/毕业旅行/班级出游+茵特拉根温泉+深圳东部华侨城茵特拉根酒店+双谷两日无限次套票+体验瑞士风情住宿+深圳云际观光+欢乐海岸）','http://sales.mafengwo.net/mfs/s17/M00/B0/DD/CoUBXl-WNFGALkQJAAJwd_Tciwo32.jpeg',999,NULL,0,5,'深圳',1,57383,'2022-01-04 16:06:41'),(8593204,'三亚5天跳岛深度定制游(玻璃船无人机浮潜旅拍+甄选网红酒店/独栋泳池别墅+畅玩亚特兰蒂斯水世界+玩转小众离岛加井岛/呆呆岛/蜈支洲岛+打卡热门综艺夏日冲浪店拍摄地+可定制潜水考证）','http://sales.mafengwo.net/mfs/s17/M00/5A/7B/CoUBXl-3lhqAH_gFAAdf5RB0j0A22.jpeg,http://sales.mafengwo.net/mfs/s17/M00/0D/E8/CoUBXl-2PsiAOqOTAAQBllOiLjQ85.jpeg,http://sales.mafengwo.net/mfs/s17/M00/5A/88/CoUBXl-3liiAQInWAAc8VkFNR2g00.jpeg,http://sales.mafengwo.net/mfs/s17/M00/5A/9F/CoUBXl-3lj2APphrAAZ3wy1YFHw54.jpeg,http://sales.mafengwo.net/mfs/s17/M00/5A/F2/CoUBXl-3loqASW9eAAH31TXFlYU13.jpeg,http://sales.mafengwo.net/mfs/s17/M00/5A/4A/CoUBXl-3lfCAM0suAAbR555piOg05.jpeg',3880,NULL,0,20,'三亚',1,52172,'2022-01-04 17:03:34'),(8602270,'【冰川彩林季·领券立减888】九寨沟+达古冰川+毕棚沟全景4日定制游（独立VIP用车/沟口连住2晚豪华酒店/宿黑水网红羊茸民宿/九寨沟9小时深度游览/登顶达古冰川喝雪顶咖啡/毕棚沟一秒穿越到瑞士/本地司导带你畅玩儿川西','http://sales.mafengwo.net/mfs/s16/M00/BA/6A/CoUBUmE4RTaAR8GLAAQi0t1r9Pg30.jpeg,http://sales.mafengwo.net/mfs/s16/M00/BA/6D/CoUBUmE4RTyAfdl7AAR9xyqjxb492.jpeg,http://sales.mafengwo.net/mfs/s16/M00/BA/6E/CoUBUmE4RT-AalVSAANEFW3OfdU14.jpeg,http://sales.mafengwo.net/mfs/s16/M00/BA/72/CoUBUmE4RUOAHr-iAALNrG-1YsA78.jpeg,http://sales.mafengwo.net/mfs/s16/M00/BA/73/CoUBUmE4RUeACcAIAALazj6Ct5I64.jpeg,http://sales.mafengwo.net/mfs/s16/M00/BA/74/CoUBUmE4RUqANfiuAAKd1yJxmog33.jpeg',1200,NULL,0,57,'四川',1,81193,'2022-01-04 17:16:56'),(8672333,'广东周边广州深圳珠海汕头南澳惠州5日团建定制（玩海项目+篝火派对晚会+饕餮海鲜自助BBQ+团建项目专业定制）','http://sales.mafengwo.net/mfs/s16/M00/5B/A2/CoUBUl75jzmAfzkBAAPxD-zkp3k29.jpeg,http://sales.mafengwo.net/mfs/s16/M00/84/3A/CoUBUl7PcNSADVtQAAE3OFPllWc209.png,http://sales.mafengwo.net/mfs/s16/M00/AF/88/CoUBUl_cSkyAFfwRAAB8fZYRIJ835.jpeg,http://sales.mafengwo.net/mfs/s15/M00/29/F3/CoUBGV2xC7mAQWcaAADyV7zc5sE64.jpeg,http://sales.mafengwo.net/mfs/s16/M00/84/9E/CoUBUl8C28aADVOLAAIpsaJu6rg57.jpeg',1699,NULL,1,2,'',1,100981,'2022-01-04 16:14:06'),(8695420,'广东周边广州珠海深圳惠州清远梅州河源全线定制','http://sales.mafengwo.net/mfs/s16/M00/5B/96/CoUBUl75jzCAaMiHAAFMmDIaGBU59.jpeg,http://sales.mafengwo.net/mfs/s16/M00/84/3A/CoUBUl7PcNSADVtQAAE3OFPllWc209.png',919,NULL,0,0,'广州',1,100981,'2022-01-04 16:14:37'),(8705598,'激情碰撞 · 凝聚未来 澳门团建3日定制游（公司团建拓展/公司年会/毕业旅行/班级出游+澳门黑沙海滩拓展+澳门塔俯瞰全景+巴黎铁塔迷人夜景+游逛威尼斯度假村+放肆吃喝玩乐购）','http://sales.mafengwo.net/mfs/s17/M00/5C/FF/CoUBXl_0B0-AG2uVAAKX6ielDG431.jpeg',999,NULL,0,3,'澳门',2,57383,'2022-01-04 19:52:29'),(8709552,'寻找经典港片的味道 品游香港5日休闲美食定制游（星光大道+油麻地警署+砵甸乍街+金紫荆广场+怪兽大厦+太平山顶+庙街夜市美食街+长洲岛+电影取景地/石澳+夜游维多利亚港）','http://sales.mafengwo.net/mfs/s17/M00/3C/5B/CoUBXl_1fcKAUBB6AAMk96N9VTQ41.jpeg,http://sales.mafengwo.net/mfs/s17/M00/3C/50/CoUBXl_1fbqAOU-iAAKuuElSsXk71.jpeg,http://sales.mafengwo.net/mfs/s16/M00/A2/99/CoUBUl8WMNWAByUIAAJ00nKJL7832.jpeg',1399,NULL,0,3,'香港',2,57383,'2022-01-04 19:50:24'),(8726660,'私家定制小团·海南三亚5日家庭亲子蜜月定制游（无敌海景酒店任性挑+打卡亚特兰蒂斯海底餐厅+直升机环岛体验+帆船出海海钓+潜水冲浪嗨翻天+行程天数可选择）','http://sales.mafengwo.net/mfs/s17/M00/EC/A1/CoUBXl_-pTqAVVcEAAWGzHISiT819.jpeg,http://sales.mafengwo.net/mfs/s17/M00/EC/9A/CoUBXl_-pTSAaBxxAAYdvhj0t1Q54.jpeg,http://sales.mafengwo.net/mfs/s17/M00/EC/A8/CoUBXl_-pUKARX_kAAGZ8gzkVBg22.jpeg,http://sales.mafengwo.net/mfs/s16/M00/0F/52/CoUBUl7gcraAGVAPAAbNgyhMRSg70.jpeg,http://sales.mafengwo.net/mfs/s16/M00/0F/6C/CoUBUl7gcseAaeUJAAeVXo9MkQ469.jpeg',1980,NULL,0,41,'三亚',1,53729,'2022-01-04 16:19:55'),(8815657,'海岛雨林轻奢环游记·海南三亚5日·公司团建年会旅游定制（游艇出海·沙滩电音趴·亚特兰蒂斯分界洲岛蜈支洲岛亚龙湾呀诺达后海村·帆船潜水冲浪骑行）','http://sales.mafengwo.net/img/cf/14/e39dc733cd4ddd4b93f3f2a40d621c8a.png,http://sales.mafengwo.net/img/5d/37/107847c5906ad9b1140aa4aa331edcb2.png,http://sales.mafengwo.net/img/1e/9d/55404036462a26b276c9de6c8271eff2.png,http://sales.mafengwo.net/img/26/08/b21d72d57d4201d17af265a9799f148c.png,http://sales.mafengwo.net/img/4e/df/d44e2a91fa6c067a6bb24f6ea04b2433.png,http://sales.mafengwo.net/img/80/db/87ed73565994d070d17e469b7cc3a43a.png',2599,NULL,0,3,'三亚',1,89140,'2022-01-04 16:22:36'),(8921205,'【醉美星空·日照金山·秋季彩林】九寨沟·色达·稻城亚丁·冷嘎措·莲宝叶则·黄龙·乐山·都江堰·青城山·熊猫基地·若尔盖·海螺沟·四姑娘山·鱼子西·羊茸哈德·达古冰川·墨石公园·子梅垭口·郎木寺·扎尕那·峨眉山·三星堆·牛背山5日轻奢定制游','http://sales.mafengwo.net/mfs/s18/M00/C0/4C/CoUBYGDUSC-AVV62AAa8qt2civg109.png,http://sales.mafengwo.net/mfs/s18/M00/BC/04/CoUBYGDURQKADyVtAAajTKRGeBY484.png,http://sales.mafengwo.net/mfs/s18/M00/BC/0A/CoUBYGDURQeAccfjAAXEraJS_AE072.png,http://sales.mafengwo.net/mfs/s18/M00/BC/0D/CoUBYGDURQqAVThJAAXLssVIuEo129.png,http://sales.mafengwo.net/mfs/s18/M00/BC/94/CoUBYGDURXyAXCLKAAmF0aJY-OU122.png',1180,NULL,0,99,'九寨沟',1,72313,'2022-01-04 17:14:53'),(9210102,'四川海螺沟+稻城亚丁7日深度定制游（自营车队+无人机随车+九寨沟/达古冰川/新都桥/四姑娘山/色达/甘孜理塘/格聂神山/墨石公园/毕棚沟/+稻城骑马/国道318川藏线）','http://sales.mafengwo.net/mfs/s16/M00/DF/3B/CoUBUmE_H5OAU3EAAAKEZPMu7mo69.jpeg,http://sales.mafengwo.net/mfs/s18/M00/92/14/CoUBYGDoAo2AC3AlAAXhhiS6n6480.jpeg,http://sales.mafengwo.net/mfs/s16/M00/D8/A5/CoUBUmE_EtyAA8ymAASzLy6tt9Y52.jpeg,http://sales.mafengwo.net/mfs/s16/M00/D0/5A/CoUBUmDoAnuACOKbAAXJJtegOLw51.jpeg,http://sales.mafengwo.net/mfs/s16/M00/B0/C4/CoUBUl78Nv6AfpygAAfWl3ueICM44.jpeg,http://sales.mafengwo.net/mfs/s16/M00/8D/96/CoUBUl8C34-ADE1kAAezVLhIpzM624.jpg',2380,NULL,1,11,'',1,103390,'2022-01-04 17:12:04'),(9309887,'四川重庆全景5日定制游（九寨沟/黄龙/峨眉山/青城山/都江堰/乐山大佛/稻城亚丁/剑门关/阆中古城/海螺沟/成都大熊猫基地/北川羌城/欢乐谷/西岭雪山/武侯祠/泸沽湖/色达/墨石公园/达瓦更扎/四姑娘山/丁真理塘/重庆旅游/川渝连线）','http://sales.mafengwo.net/img/c4/0d/53bc586df43932d2fd4094a5544f3b14.jpeg,http://sales.mafengwo.net/mfs/s18/M00/E7/C2/CoUBYGDuNyKAVePPAAWrRVzXge893.jpeg,http://sales.mafengwo.net/mfs/s18/M00/E7/C5/CoUBYGDuNyqAFoeqAAa7k59wGIk56.jpeg,http://sales.mafengwo.net/mfs/s18/M00/E7/C4/CoUBYGDuNyaAD0ayAAP40h4aTT461.jpeg,http://sales.mafengwo.net/mfs/s16/M00/26/71/CoUBUmDuN1-AGgdHAAe4jomA2xw97.jpeg,http://sales.mafengwo.net/mfs/s18/M00/03/5E/CoUBYGCwlgKAQetuAAkGT9zRuuA47.jpeg',998,NULL,0,18,'四川',1,103615,'2022-01-04 17:07:50'),(9315251,'海南三亚5日蜜月/亲子/情侣/公司团建定制游（酒店景点自由选择+海岛雨林+5A景区+直升机体验+游艇出海+亚特兰蒂斯水世界/水族馆+尝本土美食+独立包车）','http://sales.mafengwo.net/img/21/c6/89cdb42e5156ac8cf3a4de54b1e0560b.jpeg,http://sales.mafengwo.net/mfs/s16/M00/D4/3B/CoUBUmE4euqAMqL2AAbBeFgWbc851.jpeg,http://sales.mafengwo.net/mfs/s16/M00/B2/97/CoUBUmEm-q2AT5JNAAYTbifpl6o91.jpeg,http://sales.mafengwo.net/mfs/s16/M00/B2/9B/CoUBUmEm-reABpIlAAYj39_VKJw79.jpeg,http://sales.mafengwo.net/mfs/s16/M00/79/DA/CoUBUl_j7s2AZjILAAWGBp--OvE09.jpeg,http://sales.mafengwo.net/mfs/s16/M00/B2/A4/CoUBUmEm-tCAQndmAATtn5F2p5g39.jpeg',1280,NULL,0,15,'海南',1,59087,'2022-01-04 17:03:53');

/*Table structure for table `t_route_img` */

DROP TABLE IF EXISTS `t_route_img`;

CREATE TABLE `t_route_img` (
  `routeimg_id` int(11) NOT NULL AUTO_INCREMENT,
  `route_id` int(11) DEFAULT NULL COMMENT '旅游商品id',
  `pic` varchar(256) CHARACTER SET utf8 DEFAULT NULL COMMENT '图片',
  `idx` int(11) DEFAULT NULL COMMENT '图文详情展示次序',
  PRIMARY KEY (`routeimg_id`),
  KEY `route_id` (`route_id`)
) ENGINE=InnoDB AUTO_INCREMENT=1936 DEFAULT CHARSET=utf8mb4 COLLATE=utf8mb4_unicode_ci;

/*Data for the table `t_route_img` */

insert  into `t_route_img`(`routeimg_id`,`route_id`,`pic`,`idx`) values (12,2880543,'http://t1-q.mafengwo.net/s15/M00/FE/CF/CoUBGV34TMuADcZ4AIHCA04yiDs06.jpeg',1),(13,2880543,'http://t1-q.mafengwo.net/s15/M00/E4/D5/CoUBGV34Q66AS676AAZy98_46Zo21.jpeg',2),(14,2880543,'http://t1-q.mafengwo.net/s15/M00/DE/FB/CoUBGV34QYmAR0RCAAgLoMmJhoA05.jpeg',3),(15,2880543,'http://t1-q.mafengwo.net/s15/M00/6A/A1/CoUBGV2lXRmAY3T3AASBThYtJdY33.jpeg',4),(16,2880543,'http://t1-q.mafengwo.net/s11/M00/65/A7/wKgBEFp9PwOAeMWSAABnGuCeMo8692.png',5),(17,2880543,'http://t1-q.mafengwo.net/s15/M00/FE/CF/CoUBGV34TMuADcZ4AIHCA04yiDs06.jpeg',1),(18,2880543,'http://t1-q.mafengwo.net/s15/M00/E4/D5/CoUBGV34Q66AS676AAZy98_46Zo21.jpeg',2),(19,2880543,'http://t1-q.mafengwo.net/s15/M00/DE/FB/CoUBGV34QYmAR0RCAAgLoMmJhoA05.jpeg',3),(20,2880543,'http://t1-q.mafengwo.net/s15/M00/6A/A1/CoUBGV2lXRmAY3T3AASBThYtJdY33.jpeg',4),(21,2880543,'http://t1-q.mafengwo.net/s11/M00/65/A7/wKgBEFp9PwOAeMWSAABnGuCeMo8692.png',5),(22,2880543,'http://t1-q.mafengwo.net/s15/M00/FE/CF/CoUBGV34TMuADcZ4AIHCA04yiDs06.jpeg',1),(23,2880543,'http://t1-q.mafengwo.net/s15/M00/E4/D5/CoUBGV34Q66AS676AAZy98_46Zo21.jpeg',2),(24,2880543,'http://t1-q.mafengwo.net/s15/M00/DE/FB/CoUBGV34QYmAR0RCAAgLoMmJhoA05.jpeg',3),(25,2880543,'http://t1-q.mafengwo.net/s15/M00/6A/A1/CoUBGV2lXRmAY3T3AASBThYtJdY33.jpeg',4),(26,2880543,'http://t1-q.mafengwo.net/s11/M00/65/A7/wKgBEFp9PwOAeMWSAABnGuCeMo8692.png',5),(27,2880543,'http://t1-q.mafengwo.net/s15/M00/FE/CF/CoUBGV34TMuADcZ4AIHCA04yiDs06.jpeg',1),(28,2880543,'http://t1-q.mafengwo.net/s15/M00/E4/D5/CoUBGV34Q66AS676AAZy98_46Zo21.jpeg',2),(29,2880543,'http://t1-q.mafengwo.net/s15/M00/DE/FB/CoUBGV34QYmAR0RCAAgLoMmJhoA05.jpeg',3),(30,2880543,'http://t1-q.mafengwo.net/s15/M00/6A/A1/CoUBGV2lXRmAY3T3AASBThYtJdY33.jpeg',4),(31,2880543,'http://t1-q.mafengwo.net/s11/M00/65/A7/wKgBEFp9PwOAeMWSAABnGuCeMo8692.png',5),(32,2880543,'http://t1-q.mafengwo.net/s15/M00/FE/CF/CoUBGV34TMuADcZ4AIHCA04yiDs06.jpeg',1),(33,2880543,'http://t1-q.mafengwo.net/s15/M00/E4/D5/CoUBGV34Q66AS676AAZy98_46Zo21.jpeg',2),(34,2880543,'http://t1-q.mafengwo.net/s15/M00/DE/FB/CoUBGV34QYmAR0RCAAgLoMmJhoA05.jpeg',3),(35,2880543,'http://t1-q.mafengwo.net/s15/M00/6A/A1/CoUBGV2lXRmAY3T3AASBThYtJdY33.jpeg',4),(36,2880543,'http://t1-q.mafengwo.net/s11/M00/65/A7/wKgBEFp9PwOAeMWSAABnGuCeMo8692.png',5),(37,8537823,'http://sales.mafengwo.net/mfs/s17/M00/1B/6C/CoUBXl-NY8yAd2SDACVfptEk5Sg65.jpeg',1),(38,8537823,'http://t1-q.mafengwo.net/s11/M00/65/A7/wKgBEFp9PwOAeMWSAABnGuCeMo8692.png',2),(39,8107043,'http://t1-q.mafengwo.net/s16/M00/DB/91/CoUBUl6f6v2AWw9jAC0nxAqthII51.jpeg',1),(40,8107043,'http://t1-q.mafengwo.net/s11/M00/65/A7/wKgBEFp9PwOAeMWSAABnGuCeMo8692.png',2),(41,8107043,'http://t1-q.mafengwo.net/s16/M00/DB/91/CoUBUl6f6v2AWw9jAC0nxAqthII51.jpeg',1),(42,8107043,'http://t1-q.mafengwo.net/s11/M00/65/A7/wKgBEFp9PwOAeMWSAABnGuCeMo8692.png',2),(43,8672333,'http://sales.mafengwo.net/mfs/s17/M00/73/F5/CoUBXl_qk2KABDB0AB-zX2_bN3Y06.jpeg',1),(44,8672333,'http://sales.mafengwo.net/mfs/s17/M00/74/04/CoUBXl_qk2uAH8aqACjXqIhipo836.jpeg',2),(45,8672333,'http://sales.mafengwo.net/mfs/s16/M00/9D/93/CoUBUl_qk3iAANE8ACmBPTnvqco90.jpeg',3),(46,8672333,'http://sales.mafengwo.net/mfs/s17/M00/74/18/CoUBXl_qk4KADnyVACQUhRkmBiE95.jpeg',4),(47,8695420,'http://sales.mafengwo.net/mfs/s17/M00/D9/74/CoUBXmAGfW6AePKJACiIsynOhpI71.jpeg',1),(48,8695420,'http://sales.mafengwo.net/mfs/s16/M00/D3/31/CoUBUmAGfXiAY9E8ACZOGLx7VQ403.jpeg',2),(49,8695420,'http://sales.mafengwo.net/mfs/s16/M00/D3/36/CoUBUmAGfX2AUkyaACjl9Yj1lPY00.jpeg',3),(50,8695420,'http://sales.mafengwo.net/mfs/s16/M00/D3/39/CoUBUmAGfX6AdshdACmLSnQNFpc04.jpeg',4),(51,8695420,'http://t1-q.mafengwo.net/s11/M00/65/A7/wKgBEFp9PwOAeMWSAABnGuCeMo8692.png',5),(52,8160943,'http://sales.mafengwo.net/mfs/s18/M00/EE/6B/CoUBYGC-49SAA7HNAC36xt_Nv-A33.jpeg',1),(53,8160943,'http://sales.mafengwo.net/mfs/s18/M00/EE/71/CoUBYGC-49iAEIhCAEC8lYsGVZU29.jpeg',2),(54,8160943,'http://sales.mafengwo.net/mfs/s18/M00/EE/71/CoUBYGC-49iAX-scAEIIJjieqwI36.jpeg',3),(55,8160943,'http://sales.mafengwo.net/mfs/s18/M00/EE/6D/CoUBYGC-49WAGbmJADCWM0cvj9Q61.jpeg',4),(56,8160943,'http://sales.mafengwo.net/mfs/s18/M00/EE/6D/CoUBYGC-49WAFY-ZADFvWoc2OKo455.png',5),(57,8065564,'http://t1-q.mafengwo.net/s16/M00/43/E0/CoUBUl6MKRyAK56OAGvfW-BMwKE39.jpeg',1),(58,8065564,'http://t1-q.mafengwo.net/s11/M00/65/A7/wKgBEFp9PwOAeMWSAABnGuCeMo8692.png',2),(59,8086091,'http://t1-q.mafengwo.net/s16/M00/05/C8/CoUBUl6UKdqAIczbAIc2TYSQgHo56.jpeg',1),(60,8086091,'http://t1-q.mafengwo.net/s11/M00/65/A7/wKgBEFp9PwOAeMWSAABnGuCeMo8692.png',2),(61,6494773,'http://sales.mafengwo.net/mfs/s16/M00/BB/70/CoUBUl648P6AVFSJAHukCaWCyyg55.jpeg',1),(62,6494773,'http://t1-q.mafengwo.net/s11/M00/65/A7/wKgBEFp9PwOAeMWSAABnGuCeMo8692.png',2),(63,7605552,'http://t1-q.mafengwo.net/s15/M00/98/EB/CoUBGV3vagSAKZumAANsYY8zhhY07.jpeg',1),(64,7605552,'http://t1-q.mafengwo.net/s11/M00/65/A7/wKgBEFp9PwOAeMWSAABnGuCeMo8692.png',2),(65,8145115,'http://t1-q.mafengwo.net/s16/M00/35/72/CoUBUl61H5KAbCTHAFN2I9CQAYk13.jpeg',1),(66,8145115,'http://t1-q.mafengwo.net/s11/M00/65/A7/wKgBEFp9PwOAeMWSAABnGuCeMo8692.png',2),(67,2826502,'http://sales.mafengwo.net/mfs/s18/M00/31/41/CoUBYGDDGt2AcwnHAAguUX9mSV847.jpeg',1),(68,2826502,'http://sales.mafengwo.net/mfs/s18/M00/BF/CB/CoUBYGDW2ViAH-aoAACBu5AdEVc78.jpeg',2),(69,2826502,'http://sales.mafengwo.net/mfs/s18/M00/BF/E2/CoUBYGDW2WyAMk7cAAP6Mjquy6Q16.jpeg',3),(70,2826502,'http://sales.mafengwo.net/mfs/s18/M00/BF/E6/CoUBYGDW2XCAW6fiAAURCeoXvsQ57.jpeg',4),(71,2826502,'http://sales.mafengwo.net/mfs/s18/M00/BF/F6/CoUBYGDW2XmAVN0_AAgiHJ2kLH869.jpeg',5),(72,2826502,'http://sales.mafengwo.net/mfs/s18/M00/BF/EF/CoUBYGDW2XWAfMQVAAZrrbKUNXs62.jpeg',6),(73,2826502,'http://sales.mafengwo.net/mfs/s18/M00/BF/DC/CoUBYGDW2WeAHt5RAAMTNqkPlhQ31.jpeg',7),(74,2826502,'http://sales.mafengwo.net/mfs/s18/M00/BF/E6/CoUBYGDW2XCAAtXgAATwlctnxlU74.jpeg',8),(75,2826502,'http://sales.mafengwo.net/mfs/s18/M00/BF/EA/CoUBYGDW2XOAM9xfAAWtza27r9s73.jpeg',9),(76,2826502,'http://sales.mafengwo.net/mfs/s18/M00/BF/DA/CoUBYGDW2WeAIzLcAALibPrM2T454.jpeg',10),(77,2826502,'http://sales.mafengwo.net/mfs/s18/M00/BF/D9/CoUBYGDW2WaAT1rDAALTjjvPkdM12.jpeg',11),(78,2826502,'http://sales.mafengwo.net/mfs/s16/M00/DC/35/CoUBUmDv3JmAPlqUAAQtMhZytmA95.jpeg',12),(79,2826502,'http://sales.mafengwo.net/mfs/s18/M00/9E/84/CoUBYGDv3KGAQfzyAARDBmzM-Mw32.jpeg',13),(80,2826502,'http://sales.mafengwo.net/mfs/s18/M00/9E/92/CoUBYGDv3LCAEMnWAASAho3Mq1A90.jpeg',14),(81,2826502,'http://sales.mafengwo.net/mfs/s18/M00/9E/B3/CoUBYGDv3NGASK1CAAZ3VXWOEEw58.jpeg',15),(82,2826502,'http://sales.mafengwo.net/mfs/s16/M00/DC/3E/CoUBUmDv3NaAQUPuAARkjwyKQpU78.jpeg',16),(83,2826502,'http://sales.mafengwo.net/mfs/s16/M00/DC/61/CoUBUmDv3PyAEV-MAAioss_VVX048.jpeg',17),(84,2826502,'http://sales.mafengwo.net/mfs/s16/M00/DC/7E/CoUBUmDv3Q-AYGjQAARfx0ooU7k60.jpeg',18),(85,2826502,'http://sales.mafengwo.net/mfs/s16/M00/DC/47/CoUBUmDv3N6ASfa0AAeA_NgI_Ag91.jpeg',19),(86,2826502,'http://sales.mafengwo.net/mfs/s16/M00/DC/50/CoUBUmDv3OaAfKipAAPmXg4mNTU47.jpeg',20),(87,2826502,'http://sales.mafengwo.net/mfs/s16/M00/DC/92/CoUBUmDv3U-ADu4TAAdWNDE4qU864.jpeg',21),(88,2826502,'http://sales.mafengwo.net/mfs/s16/M00/DC/99/CoUBUmDv3VaAITqfAANu9388uQ821.jpeg',22),(89,2826502,'http://sales.mafengwo.net/mfs/s16/M00/DC/A6/CoUBUmDv3WeAKFBLAAgu4RFswcw62.jpeg',23),(90,2826502,'http://sales.mafengwo.net/mfs/s16/M00/DC/AA/CoUBUmDv3W2AVwaQAAP3ISRIsWg88.jpeg',24),(91,2826502,'http://sales.mafengwo.net/mfs/s16/M00/DC/BA/CoUBUmDv3X-AOD0WAAhj2H8xNjA75.jpeg',25),(92,2826502,'http://sales.mafengwo.net/mfs/s16/M00/DC/C0/CoUBUmDv3YWAWJQhAAM5aovBHGw80.jpeg',26),(93,2826502,'http://sales.mafengwo.net/mfs/s18/M00/BF/CC/CoUBYGDW2ViAeIevAACKHy_NJ9468.jpeg',27),(94,2826502,'http://sales.mafengwo.net/mfs/s18/M00/BF/DC/CoUBYGDW2WiALCLIAAMBkqDtm5884.jpeg',28),(95,2826502,'http://sales.mafengwo.net/mfs/s18/M00/BF/F0/CoUBYGDW2XaAFGZBAAaSVxhUOLY73.jpeg',29),(96,2826502,'http://sales.mafengwo.net/mfs/s18/M00/BF/F3/CoUBYGDW2XeAXkixAAbhrjjyBZM55.jpeg',30),(97,2826502,'http://sales.mafengwo.net/mfs/s18/M00/BF/ED/CoUBYGDW2XWAKl0zAAYI94eODXA11.jpeg',31),(98,2826502,'http://sales.mafengwo.net/mfs/s18/M00/BF/F2/CoUBYGDW2XeAHxA-AAaoYG3DqDg41.jpeg',32),(99,2826502,'http://sales.mafengwo.net/mfs/s18/M00/BF/DE/CoUBYGDW2WqAYN4CAANNN7krbHA79.jpeg',33),(100,2826502,'http://sales.mafengwo.net/mfs/s18/M00/BF/F3/CoUBYGDW2XiAQ7ABAAdUmJcqpt452.jpeg',34),(101,2826502,'http://sales.mafengwo.net/mfs/s18/M00/BF/F5/CoUBYGDW2XiANXEaAAek4BLMyZQ01.jpeg',35),(102,2826502,'http://sales.mafengwo.net/mfs/s18/M00/BF/F2/CoUBYGDW2XeAQDIYAAbDqqW3vhQ57.jpeg',36),(103,2826502,'http://sales.mafengwo.net/mfs/s18/M00/BF/DA/CoUBYGDW2WaALQDDAALI6QsjyT033.jpeg',37),(104,2826502,'http://sales.mafengwo.net/mfs/s18/M00/BF/E9/CoUBYGDW2XKAGgjfAAV9Ara3QT838.jpeg',38),(105,2826502,'http://sales.mafengwo.net/mfs/s18/M00/BF/F0/CoUBYGDW2XaAUyhAAAZ4X_3AFrU95.jpeg',39),(106,2826502,'http://sales.mafengwo.net/mfs/s18/M00/BF/F5/CoUBYGDW2XiAQfMxAAeS016pUuk05.jpeg',40),(107,2826502,'http://sales.mafengwo.net/mfs/s18/M00/BF/E0/CoUBYGDW2WqAcqdOAANWK2vBmWw14.jpeg',41),(108,2826502,'http://sales.mafengwo.net/mfs/s18/M00/BF/F7/CoUBYGDW2XmAOqkbAAiySLoYVpg05.jpeg',42),(109,2826502,'http://sales.mafengwo.net/mfs/s18/M00/BF/F3/CoUBYGDW2XeAYvpVAAcV6bnZqxA12.jpeg',43),(110,2826502,'http://sales.mafengwo.net/mfs/s18/M00/BF/F8/CoUBYGDW2XmAYmwmAAlojeBo-o834.jpeg',44),(111,2826502,'http://sales.mafengwo.net/mfs/s18/M00/BF/EB/CoUBYGDW2XOAIfBLAAWqfh3Nqk477.jpeg',45),(112,2826502,'http://sales.mafengwo.net/mfs/s18/M00/BF/DC/CoUBYGDW2WiAOaD_AAL77PBrhrc93.jpeg',46),(113,2826502,'http://sales.mafengwo.net/mfs/s18/M00/BF/F7/CoUBYGDW2XmAJMVFAAgyPhQy0Ug25.jpeg',47),(114,2826502,'http://sales.mafengwo.net/mfs/s18/M00/BF/EF/CoUBYGDW2XaAXD6jAAZiFh7FcOA02.jpeg',48),(115,2826502,'http://sales.mafengwo.net/mfs/s18/M00/BF/EC/CoUBYGDW2XSADrDwAAWzfHsXtdQ43.jpeg',49),(116,2826502,'http://sales.mafengwo.net/mfs/s18/M00/BF/E7/CoUBYGDW2XKAAHiIAAU1mfntKgo95.jpeg',50),(117,2826502,'http://sales.mafengwo.net/mfs/s12/M00/25/78/wKgED1vvd4mAbj9hAAEoGeZSN6Q291.png',51),(118,2826502,'http://sales.mafengwo.net/mfs/s15/M00/2F/34/CoUBGV5Xis6APHn2AAIkBZJ-xBY68.jpeg',52),(119,2826502,'http://t1-q.mafengwo.net/s11/M00/65/A7/wKgBEFp9PwOAeMWSAABnGuCeMo8692.png',53),(120,8726660,'https://img.alicdn.com/imgextra/i1/3704052698/O1CN01rS8R9u1VnjCtCQLvx_!!3704052698.jpg',1),(121,8726660,'https://img.alicdn.com/imgextra/i3/3704052698/O1CN01dx4CW71VnjCvokU9W_!!3704052698.jpg',2),(122,8726660,'http://sales.mafengwo.net/mfs/s17/M00/E9/66/CoUBXl_-nSaAQiH-AAPAbu93Hkc75.jpeg',3),(123,8726660,'http://sales.mafengwo.net/mfs/s17/M00/E9/79/CoUBXl_-nUmAUj95AATiTcaVK3009.jpeg',4),(124,8726660,'https://img.alicdn.com/imgextra/i4/3704052698/O1CN01d5ziIy1VnjCq8pZOp_!!3704052698.jpg',5),(125,8726660,'https://img.alicdn.com/imgextra/i3/3704052698/O1CN018B3Ebu1VnjCnysyCi_!!3704052698.jpg',6),(126,8726660,'https://img.alicdn.com/imgextra/i3/3704052698/O1CN01VzKg2N1VnjCqRTDWP_!!3704052698.jpg',7),(127,8726660,'https://img.alicdn.com/imgextra/i4/3704052698/O1CN01IbWicX1VnjCoS3dhR_!!3704052698.jpg',8),(128,8726660,'http://sales.mafengwo.net/mfs/s16/M00/E3/A1/CoUBUl_-nXiAEGFqAAP68L8d7ss80.jpeg',9),(129,8726660,'http://sales.mafengwo.net/mfs/s16/M00/E3/A4/CoUBUl_-nX-AB7oeAAQzMPbrFho30.jpeg',10),(130,8726660,'https://img.alicdn.com/imgextra/i4/3704052698/O1CN01KnpeWV1VnjCvVOFjt_!!3704052698.jpg',11),(131,8726660,'https://img.alicdn.com/imgextra/i4/3704052698/O1CN01yJwbrO1VnjCu0y3bY_!!3704052698.jpg',12),(132,8726660,'https://img.alicdn.com/imgextra/i2/3704052698/O1CN01PlBnmX1VnjCr1kdMD_!!3704052698.jpg',13),(133,8726660,'https://img.alicdn.com/imgextra/i4/3704052698/O1CN01HpziiV1VnjCvVO7Q2_!!3704052698.jpg',14),(134,8726660,'https://img.alicdn.com/imgextra/i1/3704052698/O1CN01rblbhY1VnjCvokkoO_!!3704052698.jpg',15),(135,8726660,'https://img.alicdn.com/imgextra/i4/3704052698/O1CN01LFqSJW1VnjCiGTLOE_!!3704052698.jpg',16),(136,8726660,'https://img.alicdn.com/imgextra/i3/3704052698/O1CN01v6mywj1VnjCtCQYRa_!!3704052698.jpg',17),(137,8726660,'https://img.alicdn.com/imgextra/i4/3704052698/O1CN015tL2T41VnjCu0zfQe_!!3704052698.jpg',18),(138,8726660,'https://img.alicdn.com/imgextra/i3/3704052698/O1CN01bIW41o1VnjCsFI8UC_!!3704052698.jpg',19),(139,8726660,'https://img.alicdn.com/imgextra/i1/3704052698/O1CN01ef7yyV1VnjCtCQp5p_!!3704052698.jpg',20),(140,8726660,'https://img.alicdn.com/imgextra/i3/3704052698/O1CN016Ecfl81VnjCr9gfFd_!!3704052698.jpg',21),(141,8726660,'https://img.alicdn.com/imgextra/i3/3704052698/O1CN01EIAjSY1VnjCtCP0pa_!!3704052698.jpg',22),(142,8726660,'http://t1-q.mafengwo.net/s11/M00/65/A7/wKgBEFp9PwOAeMWSAABnGuCeMo8692.png',23),(143,2295490,'http://t1-q.mafengwo.net/s13/M00/D0/6F/wKgEaVyAdW6Af4CPAA2T73V6UJs13.jpeg',1),(144,2295490,'http://t1-q.mafengwo.net/s13/M00/D0/77/wKgEaVyAdXSAE73vAA7R6s37OwE55.jpeg',2),(145,2295490,'http://b1-q.mafengwo.net/s13/M00/D0/79/wKgEaVyAdXaAPl9LAA0KGcTos6A99.jpeg',3),(146,2295490,'http://t1-q.mafengwo.net/s13/M00/D0/7C/wKgEaVyAdXiAP3BTABBEGgp_sFo94.jpeg',4),(147,2295490,'http://t1-q.mafengwo.net/s13/M00/D0/7E/wKgEaVyAdXqAc4BwAA9-PTII5WU39.jpeg',5),(148,2295490,'http://t1-q.mafengwo.net/s13/M00/D0/82/wKgEaVyAdXyAOeDfAA4VV32H8ms45.jpeg',6),(149,2295490,'http://t1-q.mafengwo.net/s15/M00/D3/73/CoUBGV25A7eADi6hAA9roScl2X852.jpeg',7),(150,2295490,'http://t1-q.mafengwo.net/s13/M00/D2/00/wKgEaVyAdjKAZMk2AA_Z0o33InU16.jpeg',8),(151,2295490,'http://t1-q.mafengwo.net/s13/M00/D0/94/wKgEaVyAdYSANUVdAA608oYlE9c66.jpeg',9),(152,2295490,'http://t1-q.mafengwo.net/s13/M00/D0/9A/wKgEaVyAdYiACC0mABFtDKYK5xc14.jpeg',10),(153,2295490,'http://t1-q.mafengwo.net/s13/M00/D0/9F/wKgEaVyAdYqAHKLbABSNKbr-QoI30.jpeg',11),(154,2295490,'http://t1-q.mafengwo.net/s13/M00/D0/A7/wKgEaVyAdYyAEk6dAAoBKOXfW_o20.jpeg',12),(155,2295490,'http://t1-q.mafengwo.net/s13/M00/D0/AF/wKgEaVyAdY6AHGj1ABS5hBnHuss19.jpeg',13),(156,2295490,'http://t1-q.mafengwo.net/s14/M00/6F/F1/wKgE2l1l2tGAPdZjAAu3-VhO7OY93.jpeg',14),(157,2295490,'http://sales.mafengwo.net/mfs/s14/M00/B3/41/wKgE2l1fODaALTWtAEBhH0x5nkY67.jpeg',15),(158,2295490,'http://t1-q.mafengwo.net/s11/M00/65/A7/wKgBEFp9PwOAeMWSAABnGuCeMo8692.png',16),(159,2514019,'http://t1-q.mafengwo.net/s15/M00/73/51/CoUBGV4LIuGAG_yQAAEr1__Cqls26.jpeg',1),(160,2514019,'http://t1-q.mafengwo.net/s14/M00/0F/B9/wKgE2l1uLa6AVgU6AAmJuEgljns88.jpeg',2),(161,2514019,'http://t1-q.mafengwo.net/s14/M00/0F/B6/wKgE2l1uLa6AdjL0AAN6VIlTBBA28.jpeg',3),(162,2514019,'http://t1-q.mafengwo.net/s14/M00/0F/B5/wKgE2l1uLa6AQQWIAAMuJsi9DCg73.jpeg',4),(163,2514019,'http://t1-q.mafengwo.net/s14/M00/0F/B5/wKgE2l1uLa6Aa6k7AAM6UdOExBg99.jpeg',5),(164,2514019,'http://t1-q.mafengwo.net/s14/M00/0F/B8/wKgE2l1uLa6AEh7oAAST1waDjVk63.jpeg',6),(165,2514019,'http://t1-q.mafengwo.net/s15/M00/B1/FA/CoUBGV3TT-yAEJLUAAYHOE2xeVI02.jpeg',7),(166,2514019,'http://t1-q.mafengwo.net/s15/M00/B2/01/CoUBGV3TT_KAQT39AAV4mQ0Rvd436.jpeg',8),(167,2514019,'http://t1-q.mafengwo.net/s14/M00/0F/B7/wKgE2l1uLa6AAFyYAASSvNutep876.jpeg',9),(168,2514019,'http://t1-q.mafengwo.net/s14/M00/0F/B7/wKgE2l1uLa6AN5dGAARwm4Ko8m048.jpeg',10),(169,2514019,'http://t1-q.mafengwo.net/s14/M00/0F/B7/wKgE2l1uLa6ASnCcAARK8Slxch406.jpeg',11),(170,2514019,'http://t1-q.mafengwo.net/s14/M00/0F/B9/wKgE2l1uLa6AC5SeAAeegkWEcn024.jpeg',12),(171,2514019,'http://t1-q.mafengwo.net/s14/M00/0F/B8/wKgE2l1uLa6AIA4BAAWEVmApkR443.jpeg',13),(172,2514019,'http://t1-q.mafengwo.net/s14/M00/0F/B9/wKgE2l1uLa6API3nAAfCDQS8Ym813.jpeg',14),(173,2514019,'http://b1-q.mafengwo.net/s14/M00/0F/B9/wKgE2l1uLa6AHTgdAAeFZQzJqFI81.jpeg',15),(174,2514019,'http://t1-q.mafengwo.net/s15/M00/F4/02/CoUBGV2oIlWADfQkAAJAJfR8S6s26.jpeg',16),(175,2514019,'http://t1-q.mafengwo.net/s16/M00/DD/6C/CoUBUl8G43uAaWqlABvo85kQ99E98.jpeg',17),(176,2514019,'http://t1-q.mafengwo.net/s14/M00/4B/2F/wKgE2l1TyrWAWHNJAAXL15YSpT4877.png',18),(177,2514019,'http://t1-q.mafengwo.net/s14/M00/51/7E/wKgE2l1EGG6ANx1UAAOYR4qHZis01.jpeg',19),(178,2514019,'http://t1-q.mafengwo.net/s13/M00/9C/66/wKgEaVxzX1SAEl3MAAcFKZEtv0M16.jpeg',20),(179,2514019,'http://t1-q.mafengwo.net/s11/M00/65/A7/wKgBEFp9PwOAeMWSAABnGuCeMo8692.png',21),(180,8815657,'http://sales.mafengwo.net/mfs/s18/M00/57/29/CoUBYGCfIcqAIVhEAAFtzfcCmec88.jpeg',1),(181,8815657,'http://sales.mafengwo.net/img/c8/ba/3842e36601852fb9cad249bd9e00926c.png',2),(182,8815657,'http://sales.mafengwo.net/img/bc/47/e02e086307956918544eee4c314f3eb5.jpeg',3),(183,8815657,'http://sales.mafengwo.net/img/e4/40/fcf945e8b8e549bdbd57f63de5c470ac.jpeg',4),(184,8815657,'http://sales.mafengwo.net/img/37/4f/f716c72b1371ccfe54295251e8635bf6.jpeg',5),(185,8815657,'http://sales.mafengwo.net/img/28/6f/9e423687427e06e4a37343bffac462e0.jpeg',6),(186,8815657,'http://sales.mafengwo.net/mfs/s18/M00/01/41/CoUBYGCt5kGAKCrfAAEW6m9PuBY30.jpeg',7),(187,8815657,'http://sales.mafengwo.net/img/1c/59/c4f4fac8549e59aed5eb6aad3b08ed26.jpeg',8),(188,8815657,'http://sales.mafengwo.net/img/c6/46/38ebb9ea7d4530ae22c83717d2edeb35.jpeg',9),(189,8815657,'http://sales.mafengwo.net/img/09/d9/1e91bebe28325c74f5a6bc191490a9bf.jpeg',10),(190,8815657,'http://sales.mafengwo.net/img/55/75/7f754a3e08b118dbd2c5194b8d1bd610.jpeg',11),(191,8815657,'http://sales.mafengwo.net/img/0d/7d/ad5cfd629a0736509b6f5bbf088cc09a.jpeg',12),(192,8815657,'http://sales.mafengwo.net/img/f0/b1/dc70b6cc8b8788f2b0ff69841b8d69d6.jpeg',13),(193,8815657,'http://sales.mafengwo.net/img/25/94/874aae4d13ae1b2ec65e46e7fec7f61e.jpeg',14),(194,8815657,'http://sales.mafengwo.net/img/28/4e/b56704cd4a6aa11261546bbb95c20682.jpeg',15),(195,8815657,'http://sales.mafengwo.net/img/99/32/7fa1537192d0fe8b45ab6054c17aedc0.jpeg',16),(196,8815657,'http://sales.mafengwo.net/img/3c/d7/9f7ac00136bc380df941cb48d66315b6.jpeg',17),(197,8815657,'http://sales.mafengwo.net/img/d4/e0/e497e822dafc6a356ddfaafa6860ff48.jpeg',18),(198,8815657,'http://sales.mafengwo.net/mfs/s18/M00/57/83/CoUBYGCfIiqARpWhAAvpFsbpl5819.jpeg',19),(199,8815657,'http://sales.mafengwo.net/mfs/s18/M00/57/82/CoUBYGCfIimASiw3AAGH_Oo5eIo38.jpeg',20),(200,8815657,'http://sales.mafengwo.net/mfs/s18/M00/57/83/CoUBYGCfIiqAJDhLAAibA1JOSXk96.jpeg',21),(201,8815657,'http://sales.mafengwo.net/mfs/s18/M00/57/84/CoUBYGCfIiqAOmuRAA53BmpsLoo87.jpeg',22),(202,8815657,'http://t1-q.mafengwo.net/s11/M00/65/A7/wKgBEFp9PwOAeMWSAABnGuCeMo8692.png',23),(203,3016323,'http://sales.mafengwo.net/img/bc/92/25b99c95d36d7d2fcf7677cec4e1fd95.jpeg',1),(204,3016323,'http://sales.mafengwo.net/mfs/s18/M00/BF/CB/CoUBYGDW2ViAH-aoAACBu5AdEVc78.jpeg',2),(205,3016323,'http://sales.mafengwo.net/mfs/s18/M00/BF/E2/CoUBYGDW2WyAMk7cAAP6Mjquy6Q16.jpeg',3),(206,3016323,'http://sales.mafengwo.net/mfs/s18/M00/BF/E6/CoUBYGDW2XCAW6fiAAURCeoXvsQ57.jpeg',4),(207,3016323,'http://sales.mafengwo.net/mfs/s16/M00/74/67/CoUBUmFEBQGAEE7NAAXB9j6SlcQ13.jpeg',5),(208,3016323,'http://sales.mafengwo.net/mfs/s18/M00/BF/EF/CoUBYGDW2XWAfMQVAAZrrbKUNXs62.jpeg',6),(209,3016323,'http://sales.mafengwo.net/mfs/s18/M00/BF/DC/CoUBYGDW2WeAHt5RAAMTNqkPlhQ31.jpeg',7),(210,3016323,'http://sales.mafengwo.net/mfs/s18/M00/BF/E6/CoUBYGDW2XCAAtXgAATwlctnxlU74.jpeg',8),(211,3016323,'http://sales.mafengwo.net/mfs/s18/M00/BF/EA/CoUBYGDW2XOAM9xfAAWtza27r9s73.jpeg',9),(212,3016323,'http://sales.mafengwo.net/mfs/s18/M00/BF/DA/CoUBYGDW2WeAIzLcAALibPrM2T454.jpeg',10),(213,3016323,'http://sales.mafengwo.net/mfs/s18/M00/BF/D9/CoUBYGDW2WaAT1rDAALTjjvPkdM12.jpeg',11),(214,3016323,'http://sales.mafengwo.net/img/6d/f1/c0cf81bb0e70d5e55cd17e058a4fd96c.jpeg',12),(215,3016323,'http://sales.mafengwo.net/img/a9/b3/8f324791ab245a048ee95da2ce9b5ee0.jpeg',13),(216,3016323,'http://sales.mafengwo.net/mfs/s16/M00/74/CC/CoUBUmFEBdCAfSX_AAUpVk9NZ1s37.jpeg',14),(217,3016323,'http://sales.mafengwo.net/mfs/s16/M00/74/CD/CoUBUmFEBdGAERcHAAXHSCM8c9826.jpeg',15),(218,3016323,'http://sales.mafengwo.net/mfs/s16/M00/74/CD/CoUBUmFEBdGAQwahAAWUxQLwkO052.jpeg',16),(219,3016323,'http://sales.mafengwo.net/mfs/s16/M00/74/CD/CoUBUmFEBdGARVvuAAVOVnj_ebg26.jpeg',17),(220,3016323,'http://sales.mafengwo.net/mfs/s16/M00/74/CE/CoUBUmFEBdGAAWyTAAW_KoL-Xlc55.jpeg',18),(221,3016323,'http://sales.mafengwo.net/mfs/s16/M00/74/CE/CoUBUmFEBdGAT6CtAAWyiPh23WQ02.jpeg',19),(222,3016323,'http://sales.mafengwo.net/mfs/s16/M00/74/D8/CoUBUmFEBeiAKV1aAAUcNgf0br410.jpeg',20),(223,3016323,'http://sales.mafengwo.net/mfs/s16/M00/74/D8/CoUBUmFEBeiAYD_sAAVLGUCK3D818.jpeg',21),(224,3016323,'http://sales.mafengwo.net/mfs/s16/M00/74/D8/CoUBUmFEBeiAY9VwAASXnY1m8Qc86.jpeg',22),(225,3016323,'http://sales.mafengwo.net/mfs/s16/M00/74/D9/CoUBUmFEBeiAHqFkAAW3COXZvGg02.jpeg',23),(226,3016323,'http://sales.mafengwo.net/img/33/93/43dc280f8a2559e1ce65eeeeb5b2fcbf.jpeg',24),(227,3016323,'http://sales.mafengwo.net/img/2d/2a/98433190a3c4c891f108ec0b5d05e6bd.jpeg',25),(228,3016323,'http://sales.mafengwo.net/img/a8/2f/e2b578f95ea5b7f173c6b337e633d706.jpeg',26),(229,3016323,'http://sales.mafengwo.net/img/8e/74/90bf7e8ec55dfa245fbe74a90e094eef.jpeg',27),(230,3016323,'http://sales.mafengwo.net/mfs/s18/M00/BF/CC/CoUBYGDW2ViAeIevAACKHy_NJ9468.jpeg',28),(231,3016323,'http://sales.mafengwo.net/mfs/s18/M00/BF/DC/CoUBYGDW2WiALCLIAAMBkqDtm5884.jpeg',29),(232,3016323,'http://sales.mafengwo.net/mfs/s18/M00/BF/F0/CoUBYGDW2XaAFGZBAAaSVxhUOLY73.jpeg',30),(233,3016323,'http://sales.mafengwo.net/mfs/s18/M00/BF/F3/CoUBYGDW2XeAXkixAAbhrjjyBZM55.jpeg',31),(234,3016323,'http://sales.mafengwo.net/mfs/s18/M00/BF/ED/CoUBYGDW2XWAKl0zAAYI94eODXA11.jpeg',32),(235,3016323,'http://sales.mafengwo.net/mfs/s18/M00/BF/F2/CoUBYGDW2XeAHxA-AAaoYG3DqDg41.jpeg',33),(236,3016323,'http://sales.mafengwo.net/mfs/s18/M00/BF/DE/CoUBYGDW2WqAYN4CAANNN7krbHA79.jpeg',34),(237,3016323,'http://sales.mafengwo.net/mfs/s18/M00/BF/F3/CoUBYGDW2XiAQ7ABAAdUmJcqpt452.jpeg',35),(238,3016323,'http://sales.mafengwo.net/mfs/s18/M00/BF/F5/CoUBYGDW2XiANXEaAAek4BLMyZQ01.jpeg',36),(239,3016323,'http://sales.mafengwo.net/mfs/s18/M00/BF/F2/CoUBYGDW2XeAQDIYAAbDqqW3vhQ57.jpeg',37),(240,3016323,'http://sales.mafengwo.net/mfs/s18/M00/BF/DA/CoUBYGDW2WaALQDDAALI6QsjyT033.jpeg',38),(241,3016323,'http://sales.mafengwo.net/mfs/s18/M00/BF/E9/CoUBYGDW2XKAGgjfAAV9Ara3QT838.jpeg',39),(242,3016323,'http://sales.mafengwo.net/mfs/s18/M00/BF/F0/CoUBYGDW2XaAUyhAAAZ4X_3AFrU95.jpeg',40),(243,3016323,'http://sales.mafengwo.net/mfs/s18/M00/BF/F5/CoUBYGDW2XiAQfMxAAeS016pUuk05.jpeg',41),(244,3016323,'http://sales.mafengwo.net/mfs/s18/M00/BF/E0/CoUBYGDW2WqAcqdOAANWK2vBmWw14.jpeg',42),(245,3016323,'http://sales.mafengwo.net/mfs/s18/M00/BF/F7/CoUBYGDW2XmAOqkbAAiySLoYVpg05.jpeg',43),(246,3016323,'http://sales.mafengwo.net/mfs/s18/M00/BF/F3/CoUBYGDW2XeAYvpVAAcV6bnZqxA12.jpeg',44),(247,3016323,'http://sales.mafengwo.net/mfs/s18/M00/BF/F8/CoUBYGDW2XmAYmwmAAlojeBo-o834.jpeg',45),(248,3016323,'http://sales.mafengwo.net/mfs/s18/M00/BF/EB/CoUBYGDW2XOAIfBLAAWqfh3Nqk477.jpeg',46),(249,3016323,'http://sales.mafengwo.net/mfs/s18/M00/BF/DC/CoUBYGDW2WiAOaD_AAL77PBrhrc93.jpeg',47),(250,3016323,'http://sales.mafengwo.net/mfs/s18/M00/BF/F7/CoUBYGDW2XmAJMVFAAgyPhQy0Ug25.jpeg',48),(251,3016323,'http://sales.mafengwo.net/mfs/s18/M00/BF/EF/CoUBYGDW2XaAXD6jAAZiFh7FcOA02.jpeg',49),(252,3016323,'http://sales.mafengwo.net/mfs/s18/M00/BF/EC/CoUBYGDW2XSADrDwAAWzfHsXtdQ43.jpeg',50),(253,3016323,'http://sales.mafengwo.net/mfs/s18/M00/BF/E7/CoUBYGDW2XKAAHiIAAU1mfntKgo95.jpeg',51),(254,3016323,'http://sales.mafengwo.net/mfs/s17/M00/35/FB/CoUBXl-ICjCAKBbDAAGZFWT9avM45.jpeg',52),(255,2287835,'http://t1-q.mafengwo.net/s17/M00/81/99/CoUBXl-iGZKAVGBxAA7uG2n_Q5U20.jpeg',1),(256,2287835,'http://t1-q.mafengwo.net/s17/M00/C0/9D/CoUBXl-jdtaANmOxAAqMKUrEIXc15.jpeg',2),(257,2287835,'http://t1-q.mafengwo.net/s17/M00/81/93/CoUBXl-iGZGASxE3AA23HuCXKS014.jpeg',3),(258,2287835,'http://t1-q.mafengwo.net/s17/M00/81/91/CoUBXl-iGZGABvTxAA2oPx9XJkw15.jpeg',4),(259,2287835,'http://t1-q.mafengwo.net/s17/M00/81/00/CoUBXl-iGVmAbsJNAAGfL9pXkwQ56.jpeg',5),(260,2287835,'http://t1-q.mafengwo.net/s17/M00/81/82/CoUBXl-iGYyAco1FAAv1N96qLxQ08.jpeg',6),(261,2287835,'http://t1-q.mafengwo.net/s17/M00/81/8F/CoUBXl-iGZCASKDFAA0lN2j6Qmo43.jpeg',7),(262,2287835,'http://t1-q.mafengwo.net/s17/M00/81/77/CoUBXl-iGYiAHeWRAAq9e4T62z490.jpeg',8),(263,2287835,'http://t1-q.mafengwo.net/s17/M00/81/98/CoUBXl-iGZGAJIbOAA3NJVl7yzo02.jpeg',9),(264,2287835,'http://t1-q.mafengwo.net/s17/M00/81/98/CoUBXl-iGZGAXTurAA243YADcuA57.jpeg',10),(265,2287835,'http://t1-q.mafengwo.net/s17/M00/81/8C/CoUBXl-iGY6AfIxHAAxs5ENULHo99.jpeg',11),(266,2287835,'http://t1-q.mafengwo.net/s17/M00/81/8F/CoUBXl-iGZCANXyUAA0rdGp_Hxk06.jpeg',12),(267,2287835,'http://t1-q.mafengwo.net/s17/M00/81/5A/CoUBXl-iGX2AU5rTAAiidq7hhmQ47.jpeg',13),(268,2287835,'http://t1-q.mafengwo.net/s17/M00/81/99/CoUBXl-iGZKAdnH_AA7XQlXNVKA35.jpeg',14),(269,2287835,'http://t1-q.mafengwo.net/s17/M00/81/83/CoUBXl-iGY2AVWG6AAwIqR6_nek25.jpeg',15),(270,2287835,'http://b1-q.mafengwo.net/s17/M00/81/80/CoUBXl-iGYuAAYmFAAuCVroxgzo72.jpeg',16),(271,2287835,'http://t1-q.mafengwo.net/s17/M00/81/9A/CoUBXl-iGZKADU1MAA9Eu733kDU27.jpeg',17),(272,2287835,'http://t1-q.mafengwo.net/s17/M00/81/91/CoUBXl-iGZGAXWJdAA1gTGZYrWw11.jpeg',18),(273,2287835,'http://t1-q.mafengwo.net/s17/M00/81/9A/CoUBXl-iGZKAWFdqAA7RR6Cmhsw78.jpeg',19),(274,2287835,'http://t1-q.mafengwo.net/s17/M00/81/91/CoUBXl-iGZGAb6nzAA0_gnkQMig08.jpeg',20),(275,2287835,'http://t1-q.mafengwo.net/s17/M00/81/7E/CoUBXl-iGYuAPtOtAAt4aonpJlE85.jpeg',21),(276,2287835,'http://t1-q.mafengwo.net/s17/M00/81/83/CoUBXl-iGY2AZtI0AAweZS9t4UA55.jpeg',22),(277,2287835,'http://t1-q.mafengwo.net/s17/M00/81/8F/CoUBXl-iGZCAVCLsAA0KWTGs_Dc22.jpeg',23),(278,2287835,'http://t1-q.mafengwo.net/s17/M00/81/8C/CoUBXl-iGY6AMjpGAAxhnDBQ-PI77.jpeg',24),(279,2287835,'http://t1-q.mafengwo.net/s17/M00/81/8E/CoUBXl-iGZCAQzc2AAz3MzgHhpM23.jpeg',25),(280,2287835,'http://t1-q.mafengwo.net/s17/M00/81/8E/CoUBXl-iGZCAPXJHAAz-NqDAqWE92.jpeg',26),(281,2287835,'http://t1-q.mafengwo.net/s17/M00/81/8E/CoUBXl-iGZCANmZZAAzxztI5lfc22.jpeg',27),(282,2287835,'http://t1-q.mafengwo.net/s17/M00/81/66/CoUBXl-iGYSAElXtAAnY6uxrPuc00.jpeg',28),(283,2287835,'http://t1-q.mafengwo.net/s14/M00/6F/F1/wKgE2l1l2tGAPdZjAAu3-VhO7OY93.jpeg',29),(284,2287835,'http://t1-q.mafengwo.net/s11/M00/65/A7/wKgBEFp9PwOAeMWSAABnGuCeMo8692.png',30),(285,2837152,'http://t1-q.mafengwo.net/s12/M00/E6/24/wKgED1vrnauALcUkABCKLGiAGV027.jpeg',1),(286,2837152,'http://t1-q.mafengwo.net/s12/M00/97/25/wKgED1uLptSAcSxpAAeHTG4xy2c45.jpeg',2),(287,2837152,'http://t1-q.mafengwo.net/s12/M00/97/36/wKgED1uLptiADNY1AAhn3F_wHZc56.jpeg',3),(288,2837152,'http://t1-q.mafengwo.net/s12/M00/E6/32/wKgED1vrnbiAXC9DABTe2boMoGU65.jpeg',4),(289,2837152,'http://t1-q.mafengwo.net/s12/M00/E6/39/wKgED1vrnbyAWngvAA6qzAzMM6A38.jpeg',5),(290,2837152,'http://t1-q.mafengwo.net/s12/M00/97/4B/wKgED1uLpuWAeZi6AAm-108028424.jpeg',6),(291,2837152,'http://t1-q.mafengwo.net/s12/M00/F9/FF/wKgED1uOJZSALNHwAAVpNDntAGY12.jpeg',7),(292,2837152,'http://t1-q.mafengwo.net/s12/M00/97/5E/wKgED1uLpvGAZ9sUAAWLI2FKfCY83.jpeg',8),(293,2837152,'http://t1-q.mafengwo.net/s12/M00/FA/10/wKgED1uOJaGAPZitAAXbM0zcb2o69.jpeg',9),(294,2837152,'http://t1-q.mafengwo.net/s12/M00/97/68/wKgED1uLpvmACBawAApxRxkKAyg91.jpeg',10),(295,2837152,'http://t1-q.mafengwo.net/s12/M00/97/6C/wKgED1uLpv2ACh7IAAmtPVkrzZg22.jpeg',11),(296,2837152,'http://t1-q.mafengwo.net/s12/M00/97/70/wKgED1uLpwGARNbwAAjOLSzPISE65.jpeg',12),(297,2837152,'http://t1-q.mafengwo.net/s12/M00/97/79/wKgED1uLpwaABdvmAAhrH5uHfLw11.jpeg',13),(298,2837152,'http://t1-q.mafengwo.net/s12/M00/FA/2E/wKgED1uOJbKAMazGAAeHW4ZRKCA00.jpeg',14),(299,2837152,'http://t1-q.mafengwo.net/s12/M00/97/83/wKgED1uLpw6AO4tHAAV5XW-rxbk42.jpeg',15),(300,2837152,'http://t1-q.mafengwo.net/s12/M00/97/89/wKgED1uLpxOAdn-EAAepdLIY9-s24.jpeg',16),(301,2837152,'http://t1-q.mafengwo.net/s11/M00/65/A7/wKgBEFp9PwOAeMWSAABnGuCeMo8692.png',17),(302,2975456,'http://sales.mafengwo.net/mfs/s16/M00/3D/A7/CoUBUmFf8O6AOE25AAeeS2Kyirc40.jpeg',1),(303,2975456,'http://sales.mafengwo.net/mfs/s18/M00/AF/1E/CoUBYGFf8O-AWViSAAlzLqAU9OI65.jpeg',2),(304,2975456,'http://sales.mafengwo.net/mfs/s16/M00/3D/A8/CoUBUmFf8PCAb2NmAA44YPfk3qY19.jpeg',3),(305,2975456,'http://sales.mafengwo.net/mfs/s18/M00/AF/1D/CoUBYGFf8O6AaHwCAAd6naX4LhI91.jpeg',4),(306,2975456,'http://sales.mafengwo.net/mfs/s16/M00/3D/A7/CoUBUmFf8O6AIDaYAAcTsbEM4rY48.jpeg',5),(307,2975456,'http://sales.mafengwo.net/mfs/s16/M00/3D/A7/CoUBUmFf8O6AHVDbAAatqiU0z0444.jpeg',6),(308,2975456,'http://sales.mafengwo.net/mfs/s16/M00/3D/A6/CoUBUmFf8O2ASHXJAAV8feouPSA10.jpeg',7),(309,2975456,'http://sales.mafengwo.net/mfs/s18/M00/AF/1E/CoUBYGFf8PCAOkJ5AA1O3wJ4SWA76.jpeg',8),(310,2975456,'http://sales.mafengwo.net/mfs/s16/M00/3D/A9/CoUBUmFf8PCAX48QABPgujEkdsU87.jpeg',9),(311,2975456,'http://sales.mafengwo.net/mfs/s16/M00/3D/A8/CoUBUmFf8PCAYUzhAA5XWeorklg07.jpeg',10),(312,2975456,'http://sales.mafengwo.net/mfs/s18/M00/AF/1E/CoUBYGFf8O-AQjtEAAsz14pO4Qs94.jpeg',11),(313,2975456,'http://sales.mafengwo.net/mfs/s18/M00/AF/32/CoUBYGFf8QuAaZ89AA2d_iyJ0Fs70.jpeg',12),(314,2975456,'http://sales.mafengwo.net/mfs/s18/M00/AF/32/CoUBYGFf8QuAZ1I_AAy8kg1UCTo65.jpeg',13),(315,2975456,'http://sales.mafengwo.net/mfs/s18/M00/AF/33/CoUBYGFf8QuAOtROAA5wMfADfxU89.jpeg',14),(316,2975456,'http://sales.mafengwo.net/mfs/s18/M00/AF/33/CoUBYGFf8QyAOWHfABFueKyapgw01.jpeg',15),(317,2975456,'http://sales.mafengwo.net/mfs/s18/M00/AF/31/CoUBYGFf8QuAHk6gAAwHt8LXQao13.jpeg',16),(318,2975456,'http://sales.mafengwo.net/mfs/s18/M00/AF/33/CoUBYGFf8QuADK0iAA7K-cn00GQ49.jpeg',17),(319,2975456,'http://sales.mafengwo.net/mfs/s18/M00/AF/30/CoUBYGFf8QqAEUC6AAnmSGwJHbw70.jpeg',18),(320,2975456,'http://sales.mafengwo.net/mfs/s18/M00/AF/32/CoUBYGFf8QuAcS4mAAz3WWOK50s95.jpeg',19),(321,2975456,'http://sales.mafengwo.net/mfs/s18/M00/AF/31/CoUBYGFf8QuAHtoFAAx3pRPktzE88.jpeg',20),(322,2975456,'http://sales.mafengwo.net/mfs/s17/M00/2C/AB/CoUBXl-r0iGAXVa9AAUOwty5ets01.jpeg',21),(323,2975456,'http://sales.mafengwo.net/mfs/s16/M00/3D/A7/CoUBUmFf8O6AOE25AAeeS2Kyirc40.jpeg',1),(324,2975456,'http://sales.mafengwo.net/mfs/s18/M00/AF/1E/CoUBYGFf8O-AWViSAAlzLqAU9OI65.jpeg',2),(325,2975456,'http://sales.mafengwo.net/mfs/s16/M00/3D/A8/CoUBUmFf8PCAb2NmAA44YPfk3qY19.jpeg',3),(326,2975456,'http://sales.mafengwo.net/mfs/s18/M00/AF/1D/CoUBYGFf8O6AaHwCAAd6naX4LhI91.jpeg',4),(327,2975456,'http://sales.mafengwo.net/mfs/s16/M00/3D/A7/CoUBUmFf8O6AIDaYAAcTsbEM4rY48.jpeg',5),(328,2975456,'http://sales.mafengwo.net/mfs/s16/M00/3D/A7/CoUBUmFf8O6AHVDbAAatqiU0z0444.jpeg',6),(329,2975456,'http://sales.mafengwo.net/mfs/s16/M00/3D/A6/CoUBUmFf8O2ASHXJAAV8feouPSA10.jpeg',7),(330,2975456,'http://sales.mafengwo.net/mfs/s18/M00/AF/1E/CoUBYGFf8PCAOkJ5AA1O3wJ4SWA76.jpeg',8),(331,2975456,'http://sales.mafengwo.net/mfs/s16/M00/3D/A9/CoUBUmFf8PCAX48QABPgujEkdsU87.jpeg',9),(332,2975456,'http://sales.mafengwo.net/mfs/s16/M00/3D/A8/CoUBUmFf8PCAYUzhAA5XWeorklg07.jpeg',10),(333,2975456,'http://sales.mafengwo.net/mfs/s18/M00/AF/1E/CoUBYGFf8O-AQjtEAAsz14pO4Qs94.jpeg',11),(334,2975456,'http://sales.mafengwo.net/mfs/s18/M00/AF/32/CoUBYGFf8QuAaZ89AA2d_iyJ0Fs70.jpeg',12),(335,2975456,'http://sales.mafengwo.net/mfs/s18/M00/AF/32/CoUBYGFf8QuAZ1I_AAy8kg1UCTo65.jpeg',13),(336,2975456,'http://sales.mafengwo.net/mfs/s18/M00/AF/33/CoUBYGFf8QuAOtROAA5wMfADfxU89.jpeg',14),(337,2975456,'http://sales.mafengwo.net/mfs/s18/M00/AF/33/CoUBYGFf8QyAOWHfABFueKyapgw01.jpeg',15),(338,2975456,'http://sales.mafengwo.net/mfs/s18/M00/AF/31/CoUBYGFf8QuAHk6gAAwHt8LXQao13.jpeg',16),(339,2975456,'http://sales.mafengwo.net/mfs/s18/M00/AF/33/CoUBYGFf8QuADK0iAA7K-cn00GQ49.jpeg',17),(340,2975456,'http://sales.mafengwo.net/mfs/s18/M00/AF/30/CoUBYGFf8QqAEUC6AAnmSGwJHbw70.jpeg',18),(341,2975456,'http://sales.mafengwo.net/mfs/s18/M00/AF/32/CoUBYGFf8QuAcS4mAAz3WWOK50s95.jpeg',19),(342,2975456,'http://sales.mafengwo.net/mfs/s18/M00/AF/31/CoUBYGFf8QuAHtoFAAx3pRPktzE88.jpeg',20),(343,2975456,'http://sales.mafengwo.net/mfs/s17/M00/2C/AB/CoUBXl-r0iGAXVa9AAUOwty5ets01.jpeg',21),(344,5113697,'http://sales.mafengwo.net/mfs/s18/M00/AC/EA/CoUBYGFf7CWAQLnZAAb1dfq97Ng90.jpeg',1),(345,5113697,'http://sales.mafengwo.net/mfs/s18/M00/AC/EC/CoUBYGFf7CWASqHMAAiQfCJzItg89.jpeg',2),(346,5113697,'http://sales.mafengwo.net/mfs/s18/M00/AC/ED/CoUBYGFf7CeAC-EjAAwBsSOcEgQ57.jpeg',3),(347,5113697,'http://sales.mafengwo.net/mfs/s18/M00/AC/EB/CoUBYGFf7CWASMCRAAdsqkFylaU25.jpeg',4),(348,5113697,'http://sales.mafengwo.net/mfs/s18/M00/AC/EB/CoUBYGFf7CWAV9svAAeJysY_z2I89.jpeg',5),(349,5113697,'http://sales.mafengwo.net/mfs/s18/M00/AC/EA/CoUBYGFf7CSAYyg7AAYFR1cusiU49.jpeg',6),(350,5113697,'http://sales.mafengwo.net/mfs/s18/M00/AC/EA/CoUBYGFf7CSAJ6AqAAWfJnRkEzg10.jpeg',7),(351,5113697,'http://sales.mafengwo.net/mfs/s16/M00/3B/AC/CoUBUmFf7CeAcsV5AA0VHTj8GoQ51.jpeg',8),(352,5113697,'http://sales.mafengwo.net/mfs/s18/M00/AC/EE/CoUBYGFf7CeAHpZbABKK-FNOf0U45.jpeg',9),(353,5113697,'http://sales.mafengwo.net/mfs/s18/M00/AC/EE/CoUBYGFf7CeADRUgAA1reA0gx0s04.jpeg',10),(354,5113697,'http://sales.mafengwo.net/mfs/s18/M00/AC/ED/CoUBYGFf7CeAfoPLAArfilkndh458.jpeg',11),(355,5113697,'http://sales.mafengwo.net/mfs/s18/M00/AC/EE/CoUBYGFf7CeAIvmhAAzSz66GVHc71.jpeg',12),(356,5113697,'http://sales.mafengwo.net/mfs/s18/M00/AC/D3/CoUBYGFf67mAe_uWAAuPd6zrfHY07.jpeg',13),(357,5113697,'http://sales.mafengwo.net/mfs/s18/M00/AD/2E/CoUBYGFf7GyAPm2hAAsf20NqwVQ63.jpeg',14),(358,5113697,'http://sales.mafengwo.net/mfs/s16/M00/3B/C4/CoUBUmFf7PWARgqxAA2c3UoPSqc24.jpeg',15),(359,5113697,'http://sales.mafengwo.net/mfs/s16/M00/3B/D3/CoUBUmFf7QWAbvZKAAi0avYcZY494.jpeg',16),(360,5113697,'http://sales.mafengwo.net/mfs/s18/M00/AD/3C/CoUBYGFf7H2AbSc0AA15gWL9E7w47.jpeg',17),(361,5113697,'http://sales.mafengwo.net/mfs/s18/M00/AD/52/CoUBYGFf7I6AOIlqAA2ONOQ47oM29.jpeg',18),(362,5113697,'http://sales.mafengwo.net/mfs/s17/M00/2C/AB/CoUBXl-r0iGAXVa9AAUOwty5ets01.jpeg',19),(363,8379952,'http://sales.mafengwo.net/mfs/s16/M00/FE/46/CoUBUl8tK0yAQnCvAAsBMVxnNI823.jpeg',1),(364,8379952,'http://sales.mafengwo.net/mfs/s16/M00/FE/A7/CoUBUl8tK3mAWajKAAMUVAQH95M97.jpeg',2),(365,8379952,'http://sales.mafengwo.net/mfs/s16/M00/FE/CE/CoUBUl8tK4iAb85xAADtAj5cA8478.jpeg',3),(366,8379952,'http://sales.mafengwo.net/mfs/s16/M00/FE/E3/CoUBUl8tK5CACfvtAApzBH_6xyo55.jpeg',4),(367,8379952,'http://sales.mafengwo.net/mfs/s16/M00/FE/F1/CoUBUl8tK5iAb7uAAAk8QVoHjYA84.jpeg',5),(368,8379952,'http://sales.mafengwo.net/mfs/s16/M00/FF/03/CoUBUl8tK5-ACt0rAAEC0IrYku844.jpeg',6),(369,8379952,'http://sales.mafengwo.net/mfs/s16/M00/FF/26/CoUBUl8tK6-AExd3AAgeKWhEqGc36.jpeg',7),(370,8379952,'http://sales.mafengwo.net/mfs/s16/M00/FF/B0/CoUBUl8tK-yAJHN0AAqK_f_Nk_850.jpeg',8),(371,8379952,'http://sales.mafengwo.net/mfs/s16/M00/FF/D5/CoUBUl8tK_uAMfQRAA-ri_plte062.jpeg',9),(372,8379952,'http://sales.mafengwo.net/mfs/s16/M00/FF/F4/CoUBUl8tLASAWkR0AAD2p_h6szs74.jpeg',10),(373,8379952,'http://sales.mafengwo.net/mfs/s16/M00/76/B6/CoUBUl8zjuSAHyXXAAPgKDnP46853.jpeg',11),(374,8379952,'http://sales.mafengwo.net/mfs/s16/M00/B0/1E/CoUBUl8xE-6ARBziAALXvDEvL2E02.jpeg',12),(375,8379952,'http://sales.mafengwo.net/mfs/s16/M00/97/A3/CoUBUl8zoHiATLvrAAM4Kw70gSY10.jpeg',13),(376,8379952,'http://sales.mafengwo.net/mfs/s16/M00/98/51/CoUBUl8zoNaAf9igAAVTRKPvq9s19.jpeg',14),(377,8379952,'http://sales.mafengwo.net/mfs/s16/M00/00/78/CoUBUl8tLDmAFCBkAAskoZyToYQ61.jpeg',15),(378,8379952,'http://sales.mafengwo.net/mfs/s16/M00/00/8E/CoUBUl8tLESAckC6AAfhBa4g3SM74.jpeg',16),(379,8379952,'http://sales.mafengwo.net/mfs/s16/M00/00/A5/CoUBUl8tLE-AavKcAAd2jGrqKec57.jpeg',17),(380,8379952,'http://sales.mafengwo.net/mfs/s16/M00/00/B8/CoUBUl8tLFiACCnKAAeT5rffopA46.jpeg',18),(381,8379952,'http://sales.mafengwo.net/mfs/s16/M00/00/D5/CoUBUl8tLGSAKmJIAAb5wKBQ3jE18.jpeg',19),(382,8379952,'http://sales.mafengwo.net/mfs/s16/M00/00/F7/CoUBUl8tLHGAH-8lAAdVr58qZ3808.jpeg',20),(383,8379952,'http://sales.mafengwo.net/mfs/s16/M00/01/13/CoUBUl8tLH2AWyQCAAY5_v2lbB029.jpeg',21),(384,8379952,'http://sales.mafengwo.net/mfs/s16/M00/01/2F/CoUBUl8tLIeAP0TSAAdkenJT8Cc13.jpeg',22),(385,8379952,'http://sales.mafengwo.net/mfs/s16/M00/01/49/CoUBUl8tLJGAUpTfAATOtprNzBw62.jpeg',23),(386,8379952,'http://sales.mafengwo.net/mfs/s16/M00/01/62/CoUBUl8tLJuAToI5AAeuwaZYQ3U89.jpeg',24),(387,8379952,'http://sales.mafengwo.net/mfs/s16/M00/01/81/CoUBUl8tLKeAMO_fAAQ4VbaI-VM74.jpeg',25),(388,8379952,'http://t1-q.mafengwo.net/s11/M00/65/A7/wKgBEFp9PwOAeMWSAABnGuCeMo8692.png',26),(389,2527093,'http://sales.mafengwo.net/mfs/s15/M00/5F/06/CoUBGV3kqPiABnZ9AAz_7wX39RA97.jpeg',1),(390,2527093,'http://sales.mafengwo.net/mfs/s9/M00/75/77/wKgBs12NglaAc8yiAA2qdac_d4k76.jpeg',2),(391,2527093,'http://sales.mafengwo.net/mfs/s5/M00/42/70/wKgB3F2NeJ2AGB1PAAX5StX-ad046.jpeg',3),(392,2527093,'http://sales.mafengwo.net/mfs/s18/M00/0F/9E/CoUBYGCjh5KAH0zmAAVK1a_Na3Q82.jpeg',4),(393,2527093,'http://sales.mafengwo.net/mfs/s18/M00/0F/E9/CoUBYGCjh8SACz4cAAfH3HaRNg013.jpeg',5),(394,2527093,'http://sales.mafengwo.net/mfs/s18/M00/0F/F3/CoUBYGCjh8uAVBGAAAcNo7NJYoc43.jpeg',6),(395,2527093,'http://sales.mafengwo.net/mfs/s18/M00/0F/FD/CoUBYGCjh9GAL41tAAJN3cCD0S031.jpeg',7),(396,2527093,'http://sales.mafengwo.net/mfs/s18/M00/10/07/CoUBYGCjh9iAdZKXAATWCyqLLC070.jpeg',8),(397,2527093,'http://sales.mafengwo.net/mfs/s18/M00/10/12/CoUBYGCjh-GACIc6AASMUQoRWtk47.jpeg',9),(398,2527093,'http://sales.mafengwo.net/mfs/s15/M00/57/4F/CoUBGV2tETGAAUa7AAbZCeSLMpY52.jpeg',10),(399,2527093,'http://sales.mafengwo.net/mfs/s5/M00/42/8D/wKgB3F2NeKiAS-IxAArL8IMEM3I38.jpeg',11),(400,2527093,'http://sales.mafengwo.net/mfs/s5/M00/42/94/wKgB3F2NeKuAJMGHAAa_oQS5D_A27.jpeg',12),(401,2527093,'http://sales.mafengwo.net/mfs/s5/M00/42/A3/wKgB3F2NeK-AHryqABB2cDMTVn415.jpeg',13),(402,2527093,'http://sales.mafengwo.net/mfs/s10/M00/0E/B5/wKgBZ12NeNGABLJtAAUBy_IXY5c95.jpeg',14),(403,2404717,'http://t1-q.mafengwo.net/s12/M00/30/6A/wKgED1vuN_GAFF-yAAins6BjVv023.jpeg',1),(404,2404717,'http://t1-q.mafengwo.net/s12/M00/99/03/wKgED1vugwWAX6ExAAbMu3ePg4478.jpeg',2),(405,2404717,'http://t1-q.mafengwo.net/s12/M00/33/15/wKgED1vuOheAJTCQAAsfzQ2MHiw40.jpeg',3),(406,2404717,'http://t1-q.mafengwo.net/s12/M00/30/A2/wKgED1vuOC6AMzCyAAmRvY8OTQU70.jpeg',4),(407,2404717,'http://t1-q.mafengwo.net/s12/M00/99/25/wKgED1vugx-AfIU3AAf0zJgr84o43.jpeg',5),(408,2404717,'http://t1-q.mafengwo.net/s12/M00/99/34/wKgED1vugzCATgS6AA2Yov3w_vY86.jpeg',6),(409,2404717,'http://t1-q.mafengwo.net/s12/M00/30/C6/wKgED1vuOEqAco_rAAu9m1T_KLw75.jpeg',7),(410,2404717,'http://t1-q.mafengwo.net/s12/M00/30/CE/wKgED1vuOE-AdrhbAAP7ipEtVEg91.jpeg',8),(411,2404717,'http://t1-q.mafengwo.net/s12/M00/00/7E/wKgED1vyIKKANQ6bAAlgkVV3UJE28.jpeg',9),(412,2404717,'http://t1-q.mafengwo.net/s12/M00/30/EE/wKgED1vuOGeAHxR8AAjb2ZDJCZE38.jpeg',10),(413,2404717,'http://t1-q.mafengwo.net/s12/M00/31/00/wKgED1vuOHKAeEUXABKb6T_j-3090.jpeg',11),(414,2404717,'http://t1-q.mafengwo.net/s14/M00/E5/18/wKgE2l1Q4uGADtP6AAPaU6ejKg440.jpeg',12),(415,2404717,'http://t1-q.mafengwo.net/s14/M00/40/C8/wKgE2l1RBIOAHPGcAAUzACVMwy456.jpeg',13),(416,2404717,'http://t1-q.mafengwo.net/s14/M00/E5/51/wKgE2l1Q4vSAJeCeAAwgDCy__Xw19.jpeg',14),(417,2404717,'http://t1-q.mafengwo.net/s14/M00/E5/61/wKgE2l1Q4vuAMNgGAAC-BPZHL0U09.jpeg',15),(418,2404717,'http://t1-q.mafengwo.net/s14/M00/E5/71/wKgE2l1Q4wGANAWUAAEsR53WQ4428.jpeg',16),(419,2404717,'http://t1-q.mafengwo.net/s14/M00/E5/86/wKgE2l1Q4wmATLQ_AAPKTrBEG6k50.jpeg',17),(420,2404717,'http://t1-q.mafengwo.net/s14/M00/E5/C5/wKgE2l1Q4xyAOB4_AAPkhfkneY430.jpeg',18),(421,2404717,'http://t1-q.mafengwo.net/s11/M00/65/A7/wKgBEFp9PwOAeMWSAABnGuCeMo8692.png',19),(422,7549069,'http://sales.mafengwo.net/img/57/9f/88209522802eca525731bdad25d96571.jpeg',1),(423,7549069,'http://sales.mafengwo.net/mfs/s18/M00/BF/CB/CoUBYGDW2ViAH-aoAACBu5AdEVc78.jpeg',2),(424,7549069,'http://sales.mafengwo.net/mfs/s18/M00/BF/E2/CoUBYGDW2WyAMk7cAAP6Mjquy6Q16.jpeg',3),(425,7549069,'http://sales.mafengwo.net/mfs/s18/M00/BF/E6/CoUBYGDW2XCAW6fiAAURCeoXvsQ57.jpeg',4),(426,7549069,'http://sales.mafengwo.net/mfs/s16/M00/74/67/CoUBUmFEBQGAEE7NAAXB9j6SlcQ13.jpeg',5),(427,7549069,'http://sales.mafengwo.net/mfs/s18/M00/BF/EF/CoUBYGDW2XWAfMQVAAZrrbKUNXs62.jpeg',6),(428,7549069,'http://sales.mafengwo.net/mfs/s18/M00/BF/DC/CoUBYGDW2WeAHt5RAAMTNqkPlhQ31.jpeg',7),(429,7549069,'http://sales.mafengwo.net/mfs/s16/M00/C2/E7/CoUBUmDirkiAaJTlAAU2t_UwnJ407.jpeg',8),(430,7549069,'http://sales.mafengwo.net/mfs/s18/M00/BF/EA/CoUBYGDW2XOAM9xfAAWtza27r9s73.jpeg',9),(431,7549069,'http://sales.mafengwo.net/mfs/s18/M00/BF/DA/CoUBYGDW2WeAIzLcAALibPrM2T454.jpeg',10),(432,7549069,'http://sales.mafengwo.net/mfs/s18/M00/BF/D9/CoUBYGDW2WaAT1rDAALTjjvPkdM12.jpeg',11),(433,7549069,'http://sales.mafengwo.net/img/6d/f1/c0cf81bb0e70d5e55cd17e058a4fd96c.jpeg',12),(434,7549069,'http://sales.mafengwo.net/mfs/s16/M00/74/8E/CoUBUmFEBUKAFfleAAQLJ6oEcQU78.jpeg',13),(435,7549069,'http://sales.mafengwo.net/mfs/s16/M00/74/B4/CoUBUmFEBaKACYt7AAWyvLlkXgA36.jpeg',14),(436,7549069,'http://sales.mafengwo.net/mfs/s16/M00/74/CC/CoUBUmFEBdCAfSX_AAUpVk9NZ1s37.jpeg',15),(437,7549069,'http://sales.mafengwo.net/mfs/s16/M00/74/CD/CoUBUmFEBdGAERcHAAXHSCM8c9826.jpeg',16),(438,7549069,'http://sales.mafengwo.net/mfs/s16/M00/74/CD/CoUBUmFEBdGAQwahAAWUxQLwkO052.jpeg',17),(439,7549069,'http://sales.mafengwo.net/mfs/s16/M00/74/CD/CoUBUmFEBdGARVvuAAVOVnj_ebg26.jpeg',18),(440,7549069,'http://sales.mafengwo.net/mfs/s16/M00/74/CE/CoUBUmFEBdGAAWyTAAW_KoL-Xlc55.jpeg',19),(441,7549069,'http://sales.mafengwo.net/mfs/s16/M00/74/CE/CoUBUmFEBdGAT6CtAAWyiPh23WQ02.jpeg',20),(442,7549069,'http://sales.mafengwo.net/mfs/s16/M00/74/D8/CoUBUmFEBeiAKV1aAAUcNgf0br410.jpeg',21),(443,7549069,'http://sales.mafengwo.net/mfs/s16/M00/74/D8/CoUBUmFEBeiAYD_sAAVLGUCK3D818.jpeg',22),(444,7549069,'http://sales.mafengwo.net/mfs/s16/M00/74/D8/CoUBUmFEBeiAY9VwAASXnY1m8Qc86.jpeg',23),(445,7549069,'http://sales.mafengwo.net/mfs/s16/M00/74/D9/CoUBUmFEBeiAHqFkAAW3COXZvGg02.jpeg',24),(446,7549069,'http://sales.mafengwo.net/img/33/93/43dc280f8a2559e1ce65eeeeb5b2fcbf.jpeg',25),(447,7549069,'http://sales.mafengwo.net/img/2d/2a/98433190a3c4c891f108ec0b5d05e6bd.jpeg',26),(448,7549069,'http://sales.mafengwo.net/img/a8/2f/e2b578f95ea5b7f173c6b337e633d706.jpeg',27),(449,7549069,'http://sales.mafengwo.net/img/8e/74/90bf7e8ec55dfa245fbe74a90e094eef.jpeg',28),(450,7549069,'http://sales.mafengwo.net/mfs/s18/M00/BF/CC/CoUBYGDW2ViAeIevAACKHy_NJ9468.jpeg',29),(451,7549069,'http://sales.mafengwo.net/mfs/s18/M00/BF/DC/CoUBYGDW2WiALCLIAAMBkqDtm5884.jpeg',30),(452,7549069,'http://sales.mafengwo.net/mfs/s18/M00/BF/F0/CoUBYGDW2XaAFGZBAAaSVxhUOLY73.jpeg',31),(453,7549069,'http://sales.mafengwo.net/mfs/s18/M00/BF/F3/CoUBYGDW2XeAXkixAAbhrjjyBZM55.jpeg',32),(454,7549069,'http://sales.mafengwo.net/mfs/s18/M00/BF/ED/CoUBYGDW2XWAKl0zAAYI94eODXA11.jpeg',33),(455,7549069,'http://sales.mafengwo.net/mfs/s18/M00/BF/F2/CoUBYGDW2XeAHxA-AAaoYG3DqDg41.jpeg',34),(456,7549069,'http://sales.mafengwo.net/mfs/s18/M00/BF/DE/CoUBYGDW2WqAYN4CAANNN7krbHA79.jpeg',35),(457,7549069,'http://sales.mafengwo.net/mfs/s18/M00/BF/F3/CoUBYGDW2XiAQ7ABAAdUmJcqpt452.jpeg',36),(458,7549069,'http://sales.mafengwo.net/mfs/s18/M00/BF/F5/CoUBYGDW2XiANXEaAAek4BLMyZQ01.jpeg',37),(459,7549069,'http://sales.mafengwo.net/mfs/s18/M00/BF/F2/CoUBYGDW2XeAQDIYAAbDqqW3vhQ57.jpeg',38),(460,7549069,'http://sales.mafengwo.net/mfs/s18/M00/BF/DA/CoUBYGDW2WaALQDDAALI6QsjyT033.jpeg',39),(461,7549069,'http://sales.mafengwo.net/mfs/s18/M00/BF/E9/CoUBYGDW2XKAGgjfAAV9Ara3QT838.jpeg',40),(462,7549069,'http://sales.mafengwo.net/mfs/s18/M00/BF/F0/CoUBYGDW2XaAUyhAAAZ4X_3AFrU95.jpeg',41),(463,7549069,'http://sales.mafengwo.net/mfs/s18/M00/BF/F5/CoUBYGDW2XiAQfMxAAeS016pUuk05.jpeg',42),(464,7549069,'http://sales.mafengwo.net/mfs/s18/M00/BF/E0/CoUBYGDW2WqAcqdOAANWK2vBmWw14.jpeg',43),(465,7549069,'http://sales.mafengwo.net/mfs/s18/M00/BF/F7/CoUBYGDW2XmAOqkbAAiySLoYVpg05.jpeg',44),(466,7549069,'http://sales.mafengwo.net/mfs/s18/M00/BF/F3/CoUBYGDW2XeAYvpVAAcV6bnZqxA12.jpeg',45),(467,7549069,'http://sales.mafengwo.net/mfs/s18/M00/BF/F8/CoUBYGDW2XmAYmwmAAlojeBo-o834.jpeg',46),(468,7549069,'http://sales.mafengwo.net/mfs/s18/M00/BF/EB/CoUBYGDW2XOAIfBLAAWqfh3Nqk477.jpeg',47),(469,7549069,'http://sales.mafengwo.net/mfs/s18/M00/BF/DC/CoUBYGDW2WiAOaD_AAL77PBrhrc93.jpeg',48),(470,7549069,'http://sales.mafengwo.net/mfs/s18/M00/BF/F7/CoUBYGDW2XmAJMVFAAgyPhQy0Ug25.jpeg',49),(471,7549069,'http://sales.mafengwo.net/mfs/s18/M00/BF/EF/CoUBYGDW2XaAXD6jAAZiFh7FcOA02.jpeg',50),(472,7549069,'http://sales.mafengwo.net/mfs/s18/M00/BF/EC/CoUBYGDW2XSADrDwAAWzfHsXtdQ43.jpeg',51),(473,7549069,'http://sales.mafengwo.net/mfs/s18/M00/BF/E7/CoUBYGDW2XKAAHiIAAU1mfntKgo95.jpeg',52),(474,7549069,'http://sales.mafengwo.net/mfs/s17/M00/35/FB/CoUBXl-ICjCAKBbDAAGZFWT9avM45.jpeg',53),(475,2848517,'http://t1-q.mafengwo.net/s12/M00/17/74/wKgED1vzdcqAM6WGAAnT9NlnFLA98.jpeg',1),(476,2848517,'http://t1-q.mafengwo.net/s12/M00/17/8D/wKgED1vzdeKAdb1iAAu9jbSq4_E01.jpeg',2),(477,2848517,'http://t1-q.mafengwo.net/s12/M00/17/95/wKgED1vzdemAUXs5AAlOEJXr8Pc09.jpeg',3),(478,2848517,'http://t1-q.mafengwo.net/s14/M00/F9/D1/wKgE2l1sxKuAUa5WAAbrOET7bt872.jpeg',4),(479,2848517,'http://t1-q.mafengwo.net/s14/M00/F9/E7/wKgE2l1sxLGAcDc6AAMyePmeHjs34.jpeg',5),(480,2848517,'http://t1-q.mafengwo.net/s14/M00/FA/01/wKgE2l1sxLeAZdPhAAONFg_KSwE20.jpeg',6),(481,2848517,'http://t1-q.mafengwo.net/s14/M00/FA/14/wKgE2l1sxL2AecIcAAJbtKvUx9E32.jpeg',7),(482,2848517,'http://t1-q.mafengwo.net/s14/M00/FA/27/wKgE2l1sxMKARNILAAKbEoCA5o000.jpeg',8),(483,2848517,'http://t1-q.mafengwo.net/s14/M00/FA/32/wKgE2l1sxMiABXArAAKajNjzfiQ02.jpeg',9),(484,2848517,'http://t1-q.mafengwo.net/s12/M00/17/A2/wKgED1vzdfCAWblLABXz5Fc4Muc23.jpeg',10),(485,2848517,'http://t1-q.mafengwo.net/s12/M00/17/B9/wKgED1vzdfuAdBjcAAuv8To-QKU99.jpeg',11),(486,2848517,'http://t1-q.mafengwo.net/s12/M00/17/CB/wKgED1vzdgSAPzO9AAvA02HTMzo74.jpeg',12),(487,2848517,'http://t1-q.mafengwo.net/s12/M00/17/D3/wKgED1vzdguAMJNYAAvJGKUqYV496.jpeg',13),(488,2848517,'http://t1-q.mafengwo.net/s11/M00/65/A7/wKgBEFp9PwOAeMWSAABnGuCeMo8692.png',14),(489,2982171,'http://sales.mafengwo.net/mfs/s18/M00/F2/87/CoUBYGA-7G2AR_QaAAY5J-hUmrA21.jpeg',1),(490,2982171,'http://sales.mafengwo.net/mfs/s16/M00/3C/FD/CoUBUmFf7_qAdXvAAAkZUB91enY87.jpeg',2),(491,2982171,'http://sales.mafengwo.net/mfs/s16/M00/3C/FD/CoUBUmFf7_uAei4aAA3d4rhA7Y403.jpeg',3),(492,2982171,'http://sales.mafengwo.net/mfs/s16/M00/3C/FC/CoUBUmFf7_qAWJVwAAbeHWsoWP451.jpeg',4),(493,2982171,'http://sales.mafengwo.net/mfs/s16/M00/3C/FC/CoUBUmFf7_qACOB8AAcfqhdunnk52.jpeg',5),(494,2982171,'http://sales.mafengwo.net/mfs/s16/M00/3C/FC/CoUBUmFf7_qAJ5gfAAbiqPok1TY83.jpeg',6),(495,2982171,'http://sales.mafengwo.net/mfs/s16/M00/3C/FB/CoUBUmFf7_mAUJT3AAVSsWvSB-Q13.jpeg',7),(496,2982171,'http://sales.mafengwo.net/mfs/s18/M00/AE/F1/CoUBYGFf7_uAIKcOAAx3dfI-lkM72.jpeg',8),(497,2982171,'http://sales.mafengwo.net/mfs/s16/M00/3C/FE/CoUBUmFf7_yAGtZ7ABNQSQUFBUc77.jpeg',9),(498,2982171,'http://sales.mafengwo.net/mfs/s16/M00/3C/FE/CoUBUmFf7_uACpX7AA9ES4GUyGE62.jpeg',10),(499,2982171,'http://sales.mafengwo.net/mfs/s18/M00/AE/F0/CoUBYGFf7_uAavIsAAusLirFuhA88.jpeg',11),(500,2982171,'http://sales.mafengwo.net/mfs/s18/M00/AF/0E/CoUBYGFf8CCAS1MJAA1f6i3gcpg88.jpeg',12),(501,2982171,'http://sales.mafengwo.net/mfs/s18/M00/AF/0D/CoUBYGFf8CCAA0FBAAxZ6pvxXKw76.jpeg',13),(502,2982171,'http://sales.mafengwo.net/mfs/s18/M00/AF/0E/CoUBYGFf8CCAEtO9AA24-vBg9Vo42.jpeg',14),(503,2982171,'http://sales.mafengwo.net/mfs/s18/M00/AF/0F/CoUBYGFf8CGAdKl-ABDJA8_D_qg16.jpeg',15),(504,2982171,'http://sales.mafengwo.net/mfs/s18/M00/AF/0C/CoUBYGFf8CCATC1RAAulDIxVWM071.jpeg',16),(505,2982171,'http://sales.mafengwo.net/mfs/s18/M00/AF/0F/CoUBYGFf8CCAbuxTAA4RZOY51lA90.jpeg',17),(506,2982171,'http://sales.mafengwo.net/mfs/s18/M00/AF/0C/CoUBYGFf8B-AcbbTAAmg6Qpl0FY55.jpeg',18),(507,2982171,'http://sales.mafengwo.net/mfs/s18/M00/AF/0F/CoUBYGFf8CCAGQM9AA2ZFrt46ho45.jpeg',19),(508,2982171,'http://sales.mafengwo.net/mfs/s18/M00/AF/0E/CoUBYGFf8CCAWG06AA0tTZFuLfs94.jpeg',20),(509,2982171,'http://sales.mafengwo.net/mfs/s16/M00/74/40/CoUBUl8eQ1eAIcSZAAWd5t1SBEI45.jpeg',21),(510,2230075,'http://sales.mafengwo.net/mfs/s11/M00/48/C6/wKgBEFso3WSAVLDJAFYFZrV8ClU16.jpeg',1),(511,2667131,'http://t1-q.mafengwo.net/s12/M00/F2/64/wKgED12AhyKAEdTvAARVVS2qMR887.jpeg',1),(512,2667131,'http://t1-q.mafengwo.net/s12/M00/F2/6C/wKgED12AhyWAAZjLAAiQVR_jnGo72.jpeg',2),(513,2667131,'http://t1-q.mafengwo.net/s12/M00/F2/76/wKgED12AhymAc9mpAAS0nNNB9_453.jpeg',3),(514,2667131,'http://t1-q.mafengwo.net/s12/M00/F2/92/wKgED12AhzKAQshoAAOe4_I8WG487.jpeg',4),(515,2667131,'http://t1-q.mafengwo.net/s12/M00/F2/9C/wKgED12AhzWACbu_AALp_MBjS1I73.jpeg',5),(516,2667131,'http://t1-q.mafengwo.net/s12/M00/F2/A6/wKgED12AhziASoViAAWmIgUHVUo86.jpeg',6),(517,2667131,'http://t1-q.mafengwo.net/s12/M00/F2/AF/wKgED12AhzuAQhHcAAYwWXifxZM46.jpeg',7),(518,2667131,'http://t1-q.mafengwo.net/s12/M00/F2/B7/wKgED12Ahz6AOGF2AAK5SSbUE8409.jpeg',8),(519,2667131,'http://t1-q.mafengwo.net/s12/M00/F2/C4/wKgED12Ah0GABAC-AATUBmGMKg099.jpeg',9),(520,2667131,'http://t1-q.mafengwo.net/s14/M00/E1/C2/wKgE2l0-vcCAJFbPAAUy8FO75kI44.jpeg',10),(521,2667131,'http://t1-q.mafengwo.net/s10/M00/67/7A/wKgBZ12Am8eAZ-oYAAAmLt-lN_g210.png',11),(522,2667131,'http://t1-q.mafengwo.net/s12/M00/04/03/wKgED12Am8yAXp-FAANZU5mk2Ew422.png',12),(523,2667131,'http://t1-q.mafengwo.net/s14/M00/6F/84/wKgE2l2AnBmABFWGAAL2zEqevuA110.png',13),(524,2667131,'http://t1-q.mafengwo.net/s12/M00/06/18/wKgED12AnfCAEdMmAAPePNCg1A0895.png',14),(525,2667131,'http://t1-q.mafengwo.net/s11/M00/65/A7/wKgBEFp9PwOAeMWSAABnGuCeMo8692.png',15),(526,8593204,'http://sales.mafengwo.net/mfs/s17/M00/5C/DC/CoUBXl-3mFuAMt3UAA0S_YQqwcU72.jpeg',1),(527,8593204,'http://sales.mafengwo.net/mfs/s17/M00/5B/4D/CoUBXl-3ltqAQk8JAAThJTRJcDE64.jpeg',2),(528,8593204,'http://sales.mafengwo.net/mfs/s17/M00/5B/55/CoUBXl-3luKAU0C2AAouUoto58M03.jpeg',3),(529,8593204,'http://sales.mafengwo.net/mfs/s17/M00/5B/70/CoUBXl-3lvmAR9sXAAKbqE-h-I415.jpeg',4),(530,8593204,'http://sales.mafengwo.net/mfs/s17/M00/5B/7A/CoUBXl-3lwKAB1KdAAUzN0jk7EU25.jpeg',5),(531,8593204,'http://sales.mafengwo.net/mfs/s17/M00/5B/84/CoUBXl-3lwqAFB5bABFsz8CQs2003.jpeg',6),(532,8593204,'http://sales.mafengwo.net/mfs/s17/M00/5B/8F/CoUBXl-3lxaAH_YWABFaoDF_oIw46.jpeg',7),(533,8593204,'http://sales.mafengwo.net/mfs/s17/M00/5B/9D/CoUBXl-3lyGAWJg5AAVBsA-Oh_s13.jpeg',8),(534,8593204,'http://sales.mafengwo.net/mfs/s17/M00/5B/B5/CoUBXl-3lzOAdPkTABE_HyPVEPg44.jpeg',9),(535,8593204,'http://sales.mafengwo.net/mfs/s17/M00/5B/BC/CoUBXl-3lzyAYYNmABUyUs2MAsQ83.jpeg',10),(536,8593204,'http://sales.mafengwo.net/mfs/s17/M00/5B/C7/CoUBXl-3l0eADHFEAA27EWaAFtA94.jpeg',11),(537,8593204,'http://sales.mafengwo.net/mfs/s17/M00/5B/D6/CoUBXl-3l1OAVtwKACHR7jhsuiQ44.jpeg',12),(538,8593204,'http://sales.mafengwo.net/mfs/s17/M00/5B/E1/CoUBXl-3l1-AFoMNAAIUwczB0T487.jpeg',13),(539,8593204,'http://sales.mafengwo.net/mfs/s17/M00/5B/EB/CoUBXl-3l2uAMypZAA0F9GvdpzY76.jpeg',14),(540,8593204,'http://sales.mafengwo.net/mfs/s17/M00/5B/F3/CoUBXl-3l3SAPlyAABAvSFEEtsE29.jpeg',15),(541,8593204,'http://sales.mafengwo.net/mfs/s17/M00/5B/FE/CoUBXl-3l36AOvO3AA6Eqqe-oC455.jpeg',16),(542,8593204,'http://sales.mafengwo.net/mfs/s17/M00/5C/07/CoUBXl-3l4mAbWaXABGWF0G-lu820.jpeg',17),(543,8593204,'http://sales.mafengwo.net/mfs/s17/M00/5C/0F/CoUBXl-3l5GAblcpAA_fjYputQU90.jpeg',18),(544,8593204,'http://sales.mafengwo.net/mfs/s17/M00/5C/1A/CoUBXl-3l5yAZGZMAA9EbZz8Wn440.jpeg',19),(545,8593204,'http://sales.mafengwo.net/mfs/s17/M00/5C/23/CoUBXl-3l6WANorFAAXyjV-Mkkk70.jpeg',20),(546,8593204,'http://sales.mafengwo.net/mfs/s17/M00/5C/58/CoUBXl-3l8qAHP1JAAJ3gWwEB3Y79.jpeg',21),(547,8593204,'http://sales.mafengwo.net/mfs/s17/M00/5C/62/CoUBXl-3l9GAaiTaAAJcQvQ3tnQ34.jpeg',22),(548,8593204,'http://sales.mafengwo.net/mfs/s17/M00/5C/6B/CoUBXl-3l92AIiCRAAjn-21PhEA16.jpeg',23),(549,8593204,'http://sales.mafengwo.net/mfs/s17/M00/5C/77/CoUBXl-3l-qAN_T3ABI6qf2QyRY02.jpeg',24),(550,8593204,'http://sales.mafengwo.net/mfs/s17/M00/5C/7E/CoUBXl-3l_KAFHEDAAVI91wmbKM25.jpeg',25),(551,8593204,'http://t1-q.mafengwo.net/s11/M00/65/A7/wKgBEFp9PwOAeMWSAABnGuCeMo8692.png',26),(552,9315251,'http://t1-q.mafengwo.net/s11/M00/65/A7/wKgBEFp9PwOAeMWSAABnGuCeMo8692.png',1),(553,7994330,'http://sales.mafengwo.net/img/15/db/5ba805bd87ce24d551e15cfc330d89d3.jpeg',1),(554,7994330,'http://sales.mafengwo.net/img/96/41/df46485c31a4472baedfcf858be61c41.jpeg',2),(555,7994330,'http://sales.mafengwo.net/img/e3/f5/ce8959e745cbe04f379359451654f343.jpeg',3),(556,7994330,'http://sales.mafengwo.net/img/13/e6/ff3d737bff805726b57734030473925f.jpeg',4),(557,7994330,'http://sales.mafengwo.net/img/a4/be/491edbb2762c0e6e2deff845e2158d40.jpeg',5),(558,7994330,'http://sales.mafengwo.net/img/82/bd/b2be8f3047eddb03c9d5703e93c3dce9.jpeg',6),(559,7994330,'http://sales.mafengwo.net/img/10/5b/9302d6d3b4d57e753d5ac5deb38f79bf.jpeg',7),(560,7994330,'http://sales.mafengwo.net/img/69/9c/fcd6da7bf0d2cb7f0b538e1a2d0bfb74.jpeg',8),(561,7994330,'http://sales.mafengwo.net/img/13/d6/6db6371f18f7e571230f61544023ce71.jpeg',9),(562,7994330,'http://sales.mafengwo.net/img/d2/54/eebd61e815b9541f07b595a5fcb57662.jpeg',10),(563,7994330,'http://t1-q.mafengwo.net/s11/M00/65/A7/wKgBEFp9PwOAeMWSAABnGuCeMo8692.png',11),(564,6891781,'http://t1-q.mafengwo.net/s16/M00/49/13/CoUBUmFb8wCATwONAA2XyWDjLrg38.jpeg',1),(565,6891781,'http://t1-q.mafengwo.net/s16/M00/49/0D/CoUBUmFb8viAVA27AAbkfEgXQTk24.jpeg',2),(566,6891781,'http://t1-q.mafengwo.net/s16/M00/49/11/CoUBUmFb8v6ABEJbAAvqmfAF-rU11.jpeg',3),(567,6891781,'http://t1-q.mafengwo.net/s16/M00/49/14/CoUBUmFb8wKAJQv-AA7S5TgufWQ62.jpeg',4),(568,6891781,'http://t1-q.mafengwo.net/s16/M00/49/19/CoUBUmFb8waAZWSCABLzYBDKpsk08.jpeg',5),(569,6891781,'http://t1-q.mafengwo.net/s16/M00/49/17/CoUBUmFb8wSAGTALABDpHA7x3yI73.jpeg',6),(570,6891781,'http://t1-q.mafengwo.net/s16/M00/49/15/CoUBUmFb8wOAUDXWAA_-0x7W7rg99.jpeg',7),(571,6891781,'http://t1-q.mafengwo.net/s16/M00/49/17/CoUBUmFb8wWALflHABF_CChWPUI96.jpeg',8),(572,6891781,'http://t1-q.mafengwo.net/s16/M00/49/16/CoUBUmFb8wSALAv4ABCryoBIj6U18.jpeg',9),(573,6891781,'http://t1-q.mafengwo.net/s16/M00/49/1A/CoUBUmFb8wiATCJ-ABUA689LAhY63.jpeg',10),(574,6891781,'http://t1-q.mafengwo.net/s16/M00/49/1D/CoUBUmFb8wyACn4XAB5J12XMr0g08.jpeg',11),(575,6891781,'http://t1-q.mafengwo.net/s16/M00/49/1B/CoUBUmFb8wmAbjKtABXrEHfD8Kc32.jpeg',12),(576,6891781,'http://t1-q.mafengwo.net/s16/M00/49/0F/CoUBUmFb8vmAaTZOAAc1nZM4syA65.jpeg',13),(577,6891781,'http://t1-q.mafengwo.net/s11/M00/65/A7/wKgBEFp9PwOAeMWSAABnGuCeMo8692.png',14),(578,2516032,'http://t1-q.mafengwo.net/s18/M00/08/0A/CoUBYGFmmByAQRH0AAVLJqk6Byc80.jpeg',1),(579,2516032,'http://t1-q.mafengwo.net/s18/M00/08/07/CoUBYGFmmBqAGNs-AAMOQZ1jHYs84.jpeg',2),(580,2516032,'http://t1-q.mafengwo.net/s18/M00/08/08/CoUBYGFmmBqAAFgQAANJFlD5ad472.jpeg',3),(581,2516032,'http://t1-q.mafengwo.net/s18/M00/08/09/CoUBYGFmmByAZn9jAAQaH0NE4tM23.jpeg',4),(582,2516032,'http://t1-q.mafengwo.net/s18/M00/08/0A/CoUBYGFmmByACVsjAAg-Hxqk0aE39.jpeg',5),(583,2516032,'http://t1-q.mafengwo.net/s18/M00/08/09/CoUBYGFmmByAF27eAAOuvfvOZfk86.jpeg',6),(584,2516032,'http://t1-q.mafengwo.net/s18/M00/08/08/CoUBYGFmmBuADvDFAALegbvGeC019.jpeg',7),(585,2516032,'http://t1-q.mafengwo.net/s18/M00/08/07/CoUBYGFmmBqAJYHSAAKENZYSPRo20.jpeg',8),(586,2516032,'http://t1-q.mafengwo.net/s16/M00/98/0D/CoUBUmFmmByASOu1AAaEHCz00Wk98.jpeg',9),(587,2516032,'http://t1-q.mafengwo.net/s18/M00/08/09/CoUBYGFmmBuAPi-hAANNk7NTEHc24.jpeg',10),(588,2516032,'http://t1-q.mafengwo.net/s18/M00/08/06/CoUBYGFmmBiAcWJAAAGsoW8cVlI71.jpeg',11),(589,2516032,'http://t1-q.mafengwo.net/s18/M00/08/0A/CoUBYGFmmByAQm_uAAR9Tj-tzN836.jpeg',12),(590,2516032,'http://t1-q.mafengwo.net/s18/M00/08/0A/CoUBYGFmmByAPHS-AARIZp8izFg55.jpeg',13),(591,2516032,'http://t1-q.mafengwo.net/s18/M00/08/08/CoUBYGFmmBuANuXSAAMRFJZKKUA52.jpeg',14),(592,2516032,'http://t1-q.mafengwo.net/s18/M00/08/09/CoUBYGFmmBuAIS_NAAN9VKiqpE405.jpeg',15),(593,2516032,'http://t1-q.mafengwo.net/s16/M00/98/0C/CoUBUmFmmByAfbQGAAPtC1k1o2U13.jpeg',16),(594,2516032,'http://t1-q.mafengwo.net/s16/M00/98/0C/CoUBUmFmmBqAVXO-AAIuAr2qep846.jpeg',17),(595,2516032,'http://t1-q.mafengwo.net/s16/M00/98/0D/CoUBUmFmmByATsvlAASFAJzMR0o39.jpeg',18),(596,2516032,'http://t1-q.mafengwo.net/s14/M00/CC/49/wKgE2l1P3pmAI5xuAADDoGNgXlY83.jpeg',19),(597,2516032,'http://t1-q.mafengwo.net/s16/M00/37/3C/CoUBUl6dNIyASm4mAARtB7wFz6o23.jpeg',20),(598,2516032,'http://t1-q.mafengwo.net/s14/M00/CC/7F/wKgE2l1P3qeAL13OAANQSrHLrUc05.jpeg',21),(599,2516032,'http://t1-q.mafengwo.net/s14/M00/CC/90/wKgE2l1P3qyANhV1AAW1pyD5_7I830.png',22),(600,2516032,'http://t1-q.mafengwo.net/s11/M00/65/A7/wKgBEFp9PwOAeMWSAABnGuCeMo8692.png',23),(601,2352635,'http://t1-q.mafengwo.net/s18/M00/4F/C8/CoUBYGFMR3iAUgk6AAm2CGtauiI23.jpeg',1),(602,2352635,'http://t1-q.mafengwo.net/s18/M00/4F/D3/CoUBYGFMR4mARaBvAALtuPuHweY50.jpeg',2),(603,2352635,'http://t1-q.mafengwo.net/s18/M00/4F/D6/CoUBYGFMR5KAPl1nAADwkEEsVXw22.jpeg',3),(604,2352635,'http://t1-q.mafengwo.net/s18/M00/4F/DD/CoUBYGFMR5uAaaLUAAj9FM25PfA82.jpeg',4),(605,2352635,'http://t1-q.mafengwo.net/s18/M00/4F/E7/CoUBYGFMR6mAG2WCAAr3vQlgAM032.jpeg',5),(606,2352635,'http://t1-q.mafengwo.net/s18/M00/4F/EB/CoUBYGFMR7SAd2XeAAbYneGodFE68.jpeg',6),(607,2352635,'http://t1-q.mafengwo.net/s18/M00/4F/F9/CoUBYGFMR8yATha5AAmr3rL2ICQ69.jpeg',7),(608,2352635,'http://t1-q.mafengwo.net/s18/M00/4F/FD/CoUBYGFMR9eAaAC7AAcSQitEG2o07.jpeg',8),(609,2352635,'http://t1-q.mafengwo.net/s18/M00/50/01/CoUBYGFMR-KAK3IdAAY5mZwRAuc56.jpeg',9),(610,2352635,'http://t1-q.mafengwo.net/s18/M00/50/07/CoUBYGFMR-2AV21LABfR40Ba1TY06.jpeg',10),(611,2352635,'http://t1-q.mafengwo.net/s18/M00/50/14/CoUBYGFMR_qAaVsXABBK7pi-0WQ56.jpeg',11),(612,2352635,'http://t1-q.mafengwo.net/s18/M00/50/1A/CoUBYGFMSAeAXQOwAAl7M-2sZxg40.jpeg',12),(613,2352635,'http://t1-q.mafengwo.net/s18/M00/50/25/CoUBYGFMSBmACmk6AA8HdzkzE3c98.jpeg',13),(614,2352635,'http://t1-q.mafengwo.net/s18/M00/50/2E/CoUBYGFMSCiAWBHsAAmt-k6_zUA88.jpeg',14),(615,2352635,'http://t1-q.mafengwo.net/s18/M00/50/36/CoUBYGFMSDWADv0KAAiBh9OWGG461.jpeg',15),(616,2352635,'http://t1-q.mafengwo.net/s18/M00/50/3A/CoUBYGFMSD-AKU66AAgAuDbOarE20.jpeg',16),(617,2352635,'http://t1-q.mafengwo.net/s18/M00/50/3C/CoUBYGFMSEiAT0QzAAQ7Q2beYyY34.jpeg',17),(618,2352635,'http://t1-q.mafengwo.net/s16/M00/A6/4D/CoUBUmFMSFSAPZBqAA2B60rNJgI12.jpeg',18),(619,2352635,'http://t1-q.mafengwo.net/s16/M00/A6/55/CoUBUmFMSF-Aa_0bAAkXKy7PE7I90.jpeg',19),(620,2352635,'http://t1-q.mafengwo.net/s16/M00/A6/59/CoUBUmFMSGmANoOpAATolrlww5w83.jpeg',20),(621,2352635,'http://t1-q.mafengwo.net/s16/M00/A6/61/CoUBUmFMSHKAaWGyAArCTFbUOmY65.jpeg',21),(622,2352635,'http://t1-q.mafengwo.net/s18/M00/7A/E3/CoUBYGBtcCqAVVp1AACww_OlHNE24.jpeg',22),(623,2352635,'http://b1-q.mafengwo.net/s18/M00/7A/EF/CoUBYGBtcDWAA8OgAAMbp9SoHIo51.jpeg',23),(624,2352635,'http://t1-q.mafengwo.net/s18/M00/7A/F8/CoUBYGBtcD-ARx1aAANPc6ropLg41.jpeg',24),(625,2352635,'http://t1-q.mafengwo.net/s18/M00/7B/02/CoUBYGBtcEaAai7IAAMf4U2A1zM31.jpeg',25),(626,2352635,'http://t1-q.mafengwo.net/s11/M00/65/A7/wKgBEFp9PwOAeMWSAABnGuCeMo8692.png',26),(627,9309887,'http://sales.mafengwo.net/img/8e/0b/0b203a02e865d3b652c8491c6cfe340b.png',1),(628,9309887,'http://sales.mafengwo.net/img/3b/5c/cc798d9a0ae68c2f9cf2b8cf8037e61a.png',2),(629,9309887,'http://sales.mafengwo.net/img/85/08/68c9c39b936afe669d6b5cf32bc4622c.png',3),(630,9309887,'http://sales.mafengwo.net/img/0f/d5/0d660640d5b861e623b462a1af50fb09.png',4),(631,9309887,'http://sales.mafengwo.net/img/89/81/890bd141c1726b15f76a756e4041b80f.png',5),(632,9309887,'http://sales.mafengwo.net/img/c1/06/68bdf1965415f85bed1decaa024ea913.png',6),(633,9309887,'http://sales.mafengwo.net/img/c6/fd/10de9bf9e47b61501329f531c30913c2.png',7),(634,9309887,'http://sales.mafengwo.net/img/82/51/c253d69b424c876dac571116799bb2ed.png',8),(635,9309887,'http://sales.mafengwo.net/img/a3/d3/ef40b043b3516dcf756a2d7b691e9932.png',9),(636,9309887,'http://sales.mafengwo.net/img/90/ee/25556f2b8cc6090c34f3eb4cf07bdab7.png',10),(637,9309887,'http://sales.mafengwo.net/img/01/d1/5b92cc2fdbc0b15bea5334af85e46097.png',11),(638,9309887,'http://sales.mafengwo.net/img/49/ed/b5ce762cf1c746f685248e585fedd7c8.png',12),(639,9309887,'http://sales.mafengwo.net/img/19/63/ad3b5fbaba1e515a32dbb2ddf6fa8750.png',13),(640,9309887,'http://sales.mafengwo.net/img/e9/51/0b1f379830f8008586bce987e6ba6a31.png',14),(641,9309887,'http://sales.mafengwo.net/img/bb/a8/36e0f49679016eae99ceea6f93e59df6.png',15),(642,9309887,'http://sales.mafengwo.net/img/f9/9c/24a2b82c8be4911c3fd69e7c4da5fb83.png',16),(643,9309887,'http://sales.mafengwo.net/img/2f/f0/14a95b3be469db5549a5462319a7acc8.png',17),(644,9309887,'http://sales.mafengwo.net/img/b5/0b/fb4b69a9704aadf85297f06917175d91.png',18),(645,9309887,'http://sales.mafengwo.net/img/35/11/3d88d3dbeedb2aca17ebc5b92ee7247e.png',19),(646,9309887,'http://sales.mafengwo.net/img/8f/39/435fef81d0450db9354c63c3ab0b90a7.png',20),(647,9309887,'http://sales.mafengwo.net/img/fb/f9/81a6f1d76a3597d00bb2f87f95ba404e.png',21),(648,9309887,'http://t1-q.mafengwo.net/s11/M00/65/A7/wKgBEFp9PwOAeMWSAABnGuCeMo8692.png',22),(649,5703713,'http://sales.mafengwo.net/mfs/s16/M00/DE/DC/CoUBUl6qajiAIlqqAAyj65J-FlA09.jpeg',1),(650,5703713,'http://sales.mafengwo.net/mfs/s16/M00/DE/D6/CoUBUl6qajaAPKTmAAmKJlFqvkU61.jpeg',2),(651,5703713,'http://sales.mafengwo.net/mfs/s16/M00/DE/CB/CoUBUl6qajKAHIcVAALINsqyCrw62.jpeg',3),(652,5703713,'http://sales.mafengwo.net/mfs/s16/M00/DE/E1/CoUBUl6qajiAOoU8ABW-Q0PPn9s01.jpeg',4),(653,5703713,'http://sales.mafengwo.net/mfs/s16/M00/DE/CD/CoUBUl6qajOALzlsAAO0MbcVDlc95.jpeg',5),(654,5703713,'http://sales.mafengwo.net/img/ee/61/ec152c6430efc999dd7ba6849ca60e11.jpeg',6),(655,5703713,'http://sales.mafengwo.net/mfs/s18/M00/62/DD/CoUBYGEDy_CABxdZAAg_uDe84-w458.png',7),(656,5703713,'http://sales.mafengwo.net/mfs/s18/M00/62/E6/CoUBYGEDy_eAON5AAAaZFD4sWM8392.png',8),(657,5703713,'http://sales.mafengwo.net/mfs/s16/M00/DE/CA/CoUBUl6qajKALVGsAAIvxMRtAis60.jpeg',9),(658,5703713,'http://sales.mafengwo.net/mfs/s16/M00/DE/DB/CoUBUl6qajeAJQW3AA1Gq-9e7o874.jpeg',10),(659,5703713,'http://sales.mafengwo.net/mfs/s16/M00/DE/DC/CoUBUl6qajiAaZgJAA1ENnKeaTo67.jpeg',11),(660,5703713,'http://sales.mafengwo.net/mfs/s16/M00/DE/DD/CoUBUl6qajiAI1CsAA2DGsMSkOg09.jpeg',12),(661,5703713,'http://sales.mafengwo.net/mfs/s16/M00/DE/DE/CoUBUl6qajiAFyc8AA6_1aacldo38.jpeg',13),(662,5703713,'http://sales.mafengwo.net/mfs/s16/M00/DE/C9/CoUBUl6qajGAQrsYAAIk2XRXKmM90.jpeg',14),(663,5703713,'http://sales.mafengwo.net/mfs/s16/M00/DE/C6/CoUBUl6qajCAdXl0AAEKFjbtAO8051.gif',15),(664,5703713,'http://t1-q.mafengwo.net/s11/M00/65/A7/wKgBEFp9PwOAeMWSAABnGuCeMo8692.png',16),(665,5516424,'http://sales.mafengwo.net/mfs/s16/M00/20/42/CoUBUl8sveeAJLfoAAY87ZSMhiA24.jpeg',1),(666,5516424,'http://sales.mafengwo.net/mfs/s16/M00/EB/22/CoUBUmASgxCAMhdxAAwlcMrspz003.jpeg',2),(667,5516424,'http://sales.mafengwo.net/mfs/s16/M00/EB/22/CoUBUmASgxOAM-EKABLihe3rqmo52.jpeg',3),(668,5516424,'http://sales.mafengwo.net/mfs/s16/M00/EB/23/CoUBUmASgxSACdk3ABY1UOV-NXI82.jpeg',4),(669,5516424,'http://sales.mafengwo.net/mfs/s16/M00/EB/22/CoUBUmASgxOAdT9WABKHLUP3Dxk13.jpeg',5),(670,5516424,'http://sales.mafengwo.net/mfs/s17/M00/E8/9C/CoUBXmASgw2ABuy9AAd4ac4dqp455.jpeg',6),(671,5516424,'http://sales.mafengwo.net/mfs/s17/M00/E8/9E/CoUBXmASgxWANOa4ABtNnJzNCGs59.jpeg',7),(672,5516424,'http://sales.mafengwo.net/mfs/s16/M00/EB/23/CoUBUmASgxWAf15cACF1s9sySzY15.jpeg',8),(673,5516424,'http://sales.mafengwo.net/mfs/s16/M00/EB/35/CoUBUmASg5CAOnxvAAbdYb8r6os09.jpeg',9),(674,5381049,'http://t1-q.mafengwo.net/s16/M00/4B/48/CoUBUmEKZUCANgsxABIZnTx8FwU178.gif',1),(675,5381049,'http://t1-q.mafengwo.net/s16/M00/A6/9C/CoUBUmFMSO6AT0QSADhFeKlI9-Q087.gif',2),(676,5381049,'http://t1-q.mafengwo.net/s18/M00/51/C4/CoUBYGDB5ZqAWaaoAA8h0IbkZSE54.jpeg',3),(677,5381049,'http://t1-q.mafengwo.net/s18/M00/51/B6/CoUBYGDB5Y2AB0R0AAPaoHoPMm882.jpeg',4),(678,5381049,'http://t1-q.mafengwo.net/s18/M00/51/C6/CoUBYGDB5ZuAIqA8AA9PtsjcMYY45.jpeg',5),(679,5381049,'http://t1-q.mafengwo.net/s18/M00/51/C5/CoUBYGDB5ZuAfYYTAA8dbSuAuwg26.jpeg',6),(680,5381049,'http://t1-q.mafengwo.net/s18/M00/51/C5/CoUBYGDB5ZuAS8jVAA82DlZv44c35.jpeg',7),(681,5381049,'http://t1-q.mafengwo.net/s18/M00/51/C6/CoUBYGDB5ZuAE129AA8_YSBXvfw98.jpeg',8),(682,5381049,'http://t1-q.mafengwo.net/s18/M00/51/C6/CoUBYGDB5ZuAfqv2AA8pOQIUH0o54.jpeg',9),(683,5381049,'http://t1-q.mafengwo.net/s18/M00/51/B9/CoUBYGDB5ZGAM4tOAAYLrGgo2WQ47.jpeg',10),(684,5381049,'http://t1-q.mafengwo.net/s18/M00/51/C5/CoUBYGDB5ZuAC1PJAA7qfAA7-m439.jpeg',11),(685,5381049,'http://t1-q.mafengwo.net/s18/M00/51/C2/CoUBYGDB5ZiACR5iAAvkDxfiTp857.jpeg',12),(686,5381049,'http://t1-q.mafengwo.net/s18/M00/51/C7/CoUBYGDB5ZuACV-qABEmZWOum7494.jpeg',13),(687,5381049,'http://t1-q.mafengwo.net/s18/M00/51/C0/CoUBYGDB5ZaAVMMPAAnL3PrP9Pw43.jpeg',14),(688,5381049,'http://t1-q.mafengwo.net/s18/M00/51/BA/CoUBYGDB5ZGAD7sAAAYcomSKVJo99.jpeg',15),(689,5381049,'http://t1-q.mafengwo.net/s18/M00/51/C4/CoUBYGDB5ZqAGffAAA5e2D5m93o96.jpeg',16),(690,5381049,'http://t1-q.mafengwo.net/s18/M00/51/C6/CoUBYGDB5ZuAJHX5AA9fWN0pXDE78.jpeg',17),(691,5381049,'http://t1-q.mafengwo.net/s11/M00/65/A7/wKgBEFp9PwOAeMWSAABnGuCeMo8692.png',18),(692,2550650,'http://sales.mafengwo.net/img/19/d3/74fe97c9b1240e9beeed2b8c9454468a.jpeg',1),(693,2550650,'http://sales.mafengwo.net/img/9d/f7/5d9a4d86a60997e72a6f8879e3ce53e3.jpeg',2),(694,2550650,'http://sales.mafengwo.net/img/ee/c1/4d52e9418872e0369884492b69a84dbf.jpeg',3),(695,2550650,'http://sales.mafengwo.net/img/46/8c/29414da0109beaa1adbc0cecc2c7dffe.jpeg',4),(696,2550650,'http://sales.mafengwo.net/img/5f/2d/55fd43bf3057534d12ec25936f54a058.jpeg',5),(697,2550650,'http://sales.mafengwo.net/img/30/fb/ac3510dc2e314a839900e30fbfd3cad7.jpeg',6),(698,2550650,'http://sales.mafengwo.net/img/8b/38/2d2f12b4dd72793a31cf8bad9a701182.jpeg',7),(699,2550650,'http://sales.mafengwo.net/img/28/f4/5af99a769f1c6d21b70892b9619e5cc9.jpeg',8),(700,2550650,'http://sales.mafengwo.net/img/fd/7a/22a31baa1e2ae8d9ead302f0a8f41239.jpeg',9),(701,2550650,'http://sales.mafengwo.net/img/83/16/d54850eb9e0371948e6dfc8815472ea3.jpeg',10),(702,2550650,'http://sales.mafengwo.net/img/45/97/4ee5a936f2837929fc0545dc24f39971.jpeg',11),(703,2550650,'http://sales.mafengwo.net/img/64/25/d89d6cb599f5a9c390195485cdc1ea11.jpeg',12),(704,2550650,'http://sales.mafengwo.net/img/c0/89/3b61755282eabc721785ea194525eaf1.jpeg',13),(705,2550650,'http://sales.mafengwo.net/img/51/05/a4d9ea70586cd64de17499d1bce8e90a.jpeg',14),(706,2550650,'http://sales.mafengwo.net/img/c2/f7/46eb68a1a25c9268aaecf0feceb5e9e5.jpeg',15),(707,2550650,'http://sales.mafengwo.net/img/23/0b/bdfda3daf295a5202d646345ee242dc8.jpeg',16),(708,9210102,'http://sales.mafengwo.net/img/15/ba/179c819a1df0b5924c6ae9f3313b932b.jpeg',1),(709,9210102,'http://sales.mafengwo.net/img/de/38/03748ed1326f8b38436e666d18d7c03e.jpeg',2),(710,9210102,'http://sales.mafengwo.net/img/93/fe/307b335b305d17cb8b633569c0717b4c.jpeg',3),(711,9210102,'http://sales.mafengwo.net/img/2a/02/adfeef9da1dfdb7e3e65229deb99b5d2.jpeg',4),(712,9210102,'http://sales.mafengwo.net/img/d9/a5/b26004c6c84079d6adbdbeb120589c48.jpeg',5),(713,9210102,'http://sales.mafengwo.net/img/1b/fb/9f90a8a5c6108992494c7a53f90961a6.jpeg',6),(714,9210102,'http://sales.mafengwo.net/img/9a/13/5847e231e98af94db5fdaab153f7ef66.jpeg',7),(715,9210102,'http://sales.mafengwo.net/img/4b/ae/31b35286eec3a44b16b974699101b584.jpeg',8),(716,9210102,'http://sales.mafengwo.net/img/3f/fc/0621b431be64ce5f55a7ef3747a203a4.jpeg',9),(717,9210102,'http://sales.mafengwo.net/img/a4/65/d13ef149ad1be1dbf788e8a587cc5408.jpeg',10),(718,9210102,'http://sales.mafengwo.net/img/14/1a/46741d565f0ae0cb0d5ec76a84e4acf9.jpeg',11),(719,9210102,'http://sales.mafengwo.net/img/ee/95/83d38e233ec04cb8556eb7641950bd89.jpeg',12),(720,9210102,'http://sales.mafengwo.net/img/e3/54/690d67ec6cdbc8d93ed2ba8578e560ad.jpeg',13),(721,9210102,'http://sales.mafengwo.net/img/93/f5/8abd20b40802de108418f20c3c41d7d6.jpeg',14),(722,9210102,'http://sales.mafengwo.net/img/ef/d1/dba94ad348b0c3e09ea5ac9b10c0bb58.jpeg',15),(723,9210102,'http://sales.mafengwo.net/img/e1/6c/87cb18e1fba9bd2309d044014b9b237e.jpeg',16),(724,9210102,'http://sales.mafengwo.net/img/b0/d3/39ab5e86406698ac73451f48abfa795c.jpeg',17),(725,9210102,'http://sales.mafengwo.net/img/d7/7c/38f0db5e4e9064695af2d7f481002c52.jpeg',18),(726,9210102,'http://sales.mafengwo.net/img/12/7a/46e35f95c20304e2ec748a4977ffab57.png',19),(727,9210102,'http://sales.mafengwo.net/img/4f/6b/74f2f85285e15f4caab6896b32b7132e.png',20),(728,9210102,'http://sales.mafengwo.net/img/64/c1/add14acdfadcf19c0d29ab2503ed88da.png',21),(729,9210102,'http://sales.mafengwo.net/img/a2/38/224cf919c0d188be090aa4946004f43f.png',22),(730,9210102,'http://sales.mafengwo.net/img/6e/74/eba93327e7f0f33b97dbb792e284c2de.png',23),(731,9210102,'http://sales.mafengwo.net/img/21/57/7d549acc8a26a99d4efb9035d63e527d.png',24),(732,9210102,'http://sales.mafengwo.net/img/aa/6a/379fce59e4823e549f24b218ccf65b0e.png',25),(733,9210102,'http://sales.mafengwo.net/img/1f/bb/66f4a6a5a6737d975550a6f277426368.png',26),(734,9210102,'http://sales.mafengwo.net/img/bd/ed/4ede3b301ccc887e1eb5d8096fc9eb02.png',27),(735,2517172,'http://sales.mafengwo.net/img/9d/a9/fe0c0d728272b19c024bcc2d23ad0d73.jpeg',1),(736,2517172,'http://sales.mafengwo.net/img/85/23/73715a3be60aefd37613e5de15351d86.jpeg',2),(737,2517172,'http://sales.mafengwo.net/img/7c/dd/6b03b8b1d72c935f5757af504ba6fed9.jpeg',3),(738,2517172,'http://sales.mafengwo.net/img/27/d9/464accfe0f72efe38b176556bd5288bb.jpeg',4),(739,2517172,'http://sales.mafengwo.net/img/8a/09/3a745245b9e16db3f4d42ddab26d1cc2.jpeg',5),(740,2517172,'http://sales.mafengwo.net/img/d9/95/1abecbee4be15ce069756f3c8a503785.jpeg',6),(741,2517172,'http://sales.mafengwo.net/img/f7/01/7696ad0a7e69782f6cf0a6a3bfc8cb21.jpeg',7),(742,2517172,'http://sales.mafengwo.net/img/35/1d/47be112ecec2de658604da2125412ccc.jpeg',8),(743,2517172,'http://sales.mafengwo.net/img/ce/6e/de76354e4be84eee67015c522a3eef06.jpeg',9),(744,2517172,'http://sales.mafengwo.net/img/07/7a/9d4ed2ecaf640932a43b3df20b962e84.jpeg',10),(745,2517172,'http://sales.mafengwo.net/img/4d/08/b739e53ed2461c700895d9f6d6f3fe3f.jpeg',11),(746,2517172,'http://sales.mafengwo.net/img/6d/80/4e75753e9ad7b1fa92fb3d4d54126922.jpeg',12),(747,2517172,'http://sales.mafengwo.net/img/3a/b9/76e9b3b67e9f1f0fd34faaba102f0970.jpeg',13),(748,2517172,'http://sales.mafengwo.net/img/d1/b0/14b651880f1d3750700b49b60d077eba.jpeg',14),(749,2517172,'http://sales.mafengwo.net/img/77/af/c496d8bcd097f257854297749e62436d.jpeg',15),(750,2517172,'http://sales.mafengwo.net/img/2a/d9/13880f03e42923f713e798d755d3ce37.jpeg',16),(751,2517172,'http://sales.mafengwo.net/img/57/f8/14046cc53c6587942930652203433048.jpeg',17),(752,2517172,'http://sales.mafengwo.net/img/08/8b/ff7b17234c77186c0260bb266843c4a3.jpeg',18),(753,2517172,'http://sales.mafengwo.net/img/2d/8f/c6b1d97e735341395872830c34b639bd.jpeg',19),(754,2517172,'http://sales.mafengwo.net/img/f0/93/4df9e5a173ab0790773aafa6bce5f5f7.jpeg',20),(755,2517172,'http://sales.mafengwo.net/mfs/s17/M00/32/68/CoUBXmATvqGACi1yAAKwXi_FalI01.jpeg',21),(756,2517172,'http://sales.mafengwo.net/mfs/s17/M00/32/67/CoUBXmATvqGAIftxAAIYAvsk7EU40.jpeg',22),(757,2798805,'http://t1-q.mafengwo.net/s16/M00/1C/F0/CoUBUmE5gBOAPGupAA2MKHLkWbs69.jpeg',1),(758,2798805,'http://t1-q.mafengwo.net/s16/M00/1C/F1/CoUBUmE5gBWAaUAsAAXDnq0LJb486.jpeg',2),(759,2798805,'http://t1-q.mafengwo.net/s16/M00/1C/F3/CoUBUmE5gBmAJgD4AA-1u2qDk5g54.jpeg',3),(760,2798805,'http://t1-q.mafengwo.net/s16/M00/1C/F4/CoUBUmE5gBqAUNZaABAhJw16Q6g45.jpeg',4),(761,2798805,'http://t1-q.mafengwo.net/s16/M00/1C/F5/CoUBUmE5gByAFjFNAAxO_D7WPN802.jpeg',5),(762,2798805,'http://t1-q.mafengwo.net/s16/M00/1C/F7/CoUBUmE5gCSAHEX4AAdLObFLxsY76.jpeg',6),(763,2798805,'http://t1-q.mafengwo.net/s18/M00/09/63/CoUBYGBZtFaAKVzbAAUqevx-7e000.jpeg',7),(764,2798805,'http://t1-q.mafengwo.net/s18/M00/09/5F/CoUBYGBZtFSAdmmuAAP8Wj2Wf1865.jpeg',8),(765,2798805,'http://t1-q.mafengwo.net/s18/M00/09/64/CoUBYGBZtFaAN396AAaJz594E1c43.jpeg',9),(766,2798805,'http://t1-q.mafengwo.net/s18/M00/09/60/CoUBYGBZtFWAToFCAAQ1OrqD0m479.jpeg',10),(767,2798805,'http://t1-q.mafengwo.net/s18/M00/09/5F/CoUBYGBZtFSAD04HAAOZTBVKc9E87.jpeg',11),(768,2798805,'http://t1-q.mafengwo.net/s18/M00/09/62/CoUBYGBZtFWAMS-FAARNoL3rYX419.jpeg',12),(769,2798805,'http://t1-q.mafengwo.net/s18/M00/09/60/CoUBYGBZtFWAam3HAAQ1zK0mcj833.jpeg',13),(770,2798805,'http://t1-q.mafengwo.net/s18/M00/09/65/CoUBYGBZtFeAEK4YAAf_cJ9N_6g60.jpeg',14),(771,2798805,'http://t1-q.mafengwo.net/s18/M00/09/65/CoUBYGBZtFeANXdFAAyDE5abuT441.jpeg',15),(772,2798805,'http://t1-q.mafengwo.net/s18/M00/0D/42/CoUBYGBZtz-AXVeyAAZUquX9w5s32.jpeg',16),(773,2798805,'http://t1-q.mafengwo.net/s18/M00/0D/42/CoUBYGBZtz-AAzfaAAh2FbZDLXw70.jpeg',17),(774,2798805,'http://t1-q.mafengwo.net/s18/M00/0E/35/CoUBYGBZuAmAPHBoAACIRnhgB8E61.jpeg',18),(775,2798805,'http://t1-q.mafengwo.net/s18/M00/0E/76/CoUBYGBZuDmAcwkRAAbRfA4g7S890.jpeg',19),(776,2798805,'http://t1-q.mafengwo.net/s18/M00/0D/59/CoUBYGBZt1GAOjLdAAfH7RWU-ZU25.jpeg',20),(777,2798805,'http://t1-q.mafengwo.net/s18/M00/0D/5F/CoUBYGBZt1eAWuYZAAZE03b14VU19.jpeg',21),(778,2798805,'http://t1-q.mafengwo.net/s11/M00/65/A7/wKgBEFp9PwOAeMWSAABnGuCeMo8692.png',22),(779,8921205,'http://sales.mafengwo.net/mfs/s18/M00/A8/01/CoUBYGDS81uAAzKLAAnnKkuH7V8509.gif',1),(780,8921205,'http://sales.mafengwo.net/mfs/s18/M00/A8/08/CoUBYGDS82OAavXFAAHH1Ob0sp0795.png',2),(781,8921205,'http://sales.mafengwo.net/mfs/s18/M00/A8/0B/CoUBYGDS82aAAejqAALHTMwejWs610.png',3),(782,8921205,'http://sales.mafengwo.net/mfs/s18/M00/A8/0F/CoUBYGDS82mAfK29AAOoQdwUPs0175.png',4),(783,8921205,'http://sales.mafengwo.net/mfs/s18/M00/A8/12/CoUBYGDS82uAeWFxAAS6kbocNjY183.png',5),(784,8921205,'http://sales.mafengwo.net/mfs/s18/M00/A8/17/CoUBYGDS826AM_nPAAL-3mSdPZg257.png',6),(785,8921205,'http://sales.mafengwo.net/mfs/s18/M00/BB/0E/CoUBYGDTAq-AKrpJABAMUQMq9Dw809.png',7),(786,8921205,'http://sales.mafengwo.net/mfs/s18/M00/A8/1D/CoUBYGDS83SACxVBAAPzdp-7Fsw902.png',8),(787,8921205,'http://sales.mafengwo.net/mfs/s18/M00/BB/21/CoUBYGDTAr-ARj26ABMAGlV61No188.png',9),(788,8921205,'http://sales.mafengwo.net/mfs/s18/M00/A8/28/CoUBYGDS83uAQkT7AAOIj6u-pBY057.png',10),(789,8921205,'http://sales.mafengwo.net/mfs/s18/M00/A8/2C/CoUBYGDS84KAbHKrAAME4-qYgTA360.png',11),(790,8921205,'http://sales.mafengwo.net/mfs/s16/M00/BA/5F/CoUBUmDlJjCACCZNAAkvI1Js6NI480.gif',12),(791,8921205,'http://sales.mafengwo.net/mfs/s16/M00/BA/5E/CoUBUmDlJi-AH6TYAAKG5cyiF9A94.jpeg',13),(792,8921205,'http://sales.mafengwo.net/mfs/s16/M00/BA/5F/CoUBUmDlJjCAAWLpAAoaLsVwVck332.gif',14),(793,8921205,'http://sales.mafengwo.net/mfs/s18/M00/A8/2C/CoUBYGDS84KAbuNPAAVMlllM3QM618.png',15),(794,8921205,'http://sales.mafengwo.net/mfs/s16/M00/BF/E9/CoUBUmDiqgaAbNwEAANcy05qhuM65.jpeg',16),(795,8921205,'http://sales.mafengwo.net/mfs/s16/M00/BF/E9/CoUBUmDiqgaAXqAGAAM3_kbAfUc86.jpeg',17),(796,8921205,'http://sales.mafengwo.net/mfs/s16/M00/BF/E9/CoUBUmDiqgWAA8pRAAHBI68mRyY89.jpeg',18),(797,8921205,'http://sales.mafengwo.net/mfs/s18/M00/70/C8/CoUBYGDiqgaASORrAANM-9hqBdE56.jpeg',19),(798,8921205,'http://sales.mafengwo.net/mfs/s18/M00/A8/2C/CoUBYGDS84KAFjjpAAMgvQ3mTI8129.png',20),(799,8921205,'http://t1-q.mafengwo.net/s11/M00/65/A7/wKgBEFp9PwOAeMWSAABnGuCeMo8692.png',21),(800,5509997,'http://t1-q.mafengwo.net/s18/M00/44/76/CoUBYGBC8dmAcirbABD34R7JXJ827.jpeg',1),(801,5509997,'http://t1-q.mafengwo.net/s18/M00/88/3A/CoUBYGBzsHaAYBPaAAxJJYVRD5080.jpeg',2),(802,5509997,'http://t1-q.mafengwo.net/s18/M00/88/46/CoUBYGBzsH2AXYYRAApMB5ir4ug89.jpeg',3),(803,5509997,'http://t1-q.mafengwo.net/s18/M00/88/51/CoUBYGBzsIWAXcR9ABmNPgGpygw32.jpeg',4),(804,5509997,'http://t1-q.mafengwo.net/s18/M00/88/59/CoUBYGBzsIqARLWeABKICQcq4Rk06.jpeg',5),(805,5509997,'http://t1-q.mafengwo.net/s18/M00/88/6F/CoUBYGBzsKGAZsnSAA9V-QUdgM496.jpeg',6),(806,5509997,'http://t1-q.mafengwo.net/s18/M00/88/73/CoUBYGBzsKeAWkL7AAV3qDxkSeQ37.jpeg',7),(807,5509997,'http://t1-q.mafengwo.net/s18/M00/88/79/CoUBYGBzsKyAVOxcAAz5zSnLAWY76.jpeg',8),(808,5509997,'http://t1-q.mafengwo.net/s18/M00/88/7D/CoUBYGBzsLGAZ9OEAAxIaMfOvwg10.jpeg',9),(809,5509997,'http://t1-q.mafengwo.net/s18/M00/88/82/CoUBYGBzsLeAUytLABQVCOM3vZs55.jpeg',10),(810,5509997,'http://t1-q.mafengwo.net/s18/M00/88/87/CoUBYGBzsL2AVJSRAAohWjRuzIk50.jpeg',11),(811,5509997,'http://t1-q.mafengwo.net/s18/M00/88/B4/CoUBYGBzsOCACdcwAA64X5ar6-864.jpeg',12),(812,5509997,'http://t1-q.mafengwo.net/s18/M00/88/BD/CoUBYGBzsOeAGzT6ABBnAulT6Ng48.jpeg',13),(813,5509997,'http://t1-q.mafengwo.net/s18/M00/88/C5/CoUBYGBzsOyAGugBAAqs5ebxG3I13.jpeg',14),(814,5509997,'http://t1-q.mafengwo.net/s18/M00/88/CD/CoUBYGBzsPGAZK_xAAc8-1UfbvE75.jpeg',15),(815,5509997,'http://t1-q.mafengwo.net/s18/M00/88/A2/CoUBYGBzsNGAJRssAA0g0ZQbH0U54.jpeg',16),(816,5509997,'http://t1-q.mafengwo.net/s11/M00/65/A7/wKgBEFp9PwOAeMWSAABnGuCeMo8692.png',17),(817,8602270,'http://t1-q.mafengwo.net/s16/M00/BA/91/CoUBUmE4RYuAWVk0AAfG75Dvu-g53.jpeg',1),(818,8602270,'http://t1-q.mafengwo.net/s16/M00/BA/90/CoUBUmE4RYqAYXoXAAYvPTrKqA092.jpeg',2),(819,8602270,'http://t1-q.mafengwo.net/s16/M00/BA/8E/CoUBUmE4RYqANQSGAAUyquGs3Yg14.jpeg',3),(820,8602270,'http://t1-q.mafengwo.net/s16/M00/A0/0A/CoUBUmE7CyOAGw6oAAM3PzfcDrU94.jpeg',4),(821,8602270,'http://t1-q.mafengwo.net/s16/M00/BA/8B/CoUBUmE4RYeAKR4_AAHCXDKcqIw30.jpeg',5),(822,8602270,'http://t1-q.mafengwo.net/s16/M00/9B/30/CoUBUmE7AbeAX337AAG1iVZXnQY35.jpeg',6),(823,8602270,'http://t1-q.mafengwo.net/s16/M00/BA/94/CoUBUmE4RYyAOvi3AAu2Xa-UY8o92.jpeg',7),(824,8602270,'http://t1-q.mafengwo.net/s16/M00/BA/94/CoUBUmE4RYyAWfoMAAxTnSOgc0Y02.jpeg',8),(825,8602270,'http://t1-q.mafengwo.net/s16/M00/BA/93/CoUBUmE4RYuAZPq2AAndPs5cJMM75.jpeg',9),(826,8602270,'http://t1-q.mafengwo.net/s16/M00/BA/94/CoUBUmE4RYyAEnk9AAukny5aGkY61.jpeg',10),(827,8602270,'http://t1-q.mafengwo.net/s16/M00/BA/93/CoUBUmE4RYuAeCHEAAno71JeOpI30.jpeg',11),(828,8602270,'http://t1-q.mafengwo.net/s16/M00/BA/93/CoUBUmE4RYyAeC0MAAu31IN7Lbc58.jpeg',12),(829,8602270,'http://t1-q.mafengwo.net/s16/M00/BA/94/CoUBUmE4RYyAd3P0AA0MHu8QlmQ74.jpeg',13),(830,8602270,'http://t1-q.mafengwo.net/s16/M00/BA/91/CoUBUmE4RYuAJPyKAAelqnuk4w493.jpeg',14),(831,8602270,'http://t1-q.mafengwo.net/s16/M00/BA/9C/CoUBUmE4RaSAYNK7AAXNWU9Cad403.jpeg',15),(832,8602270,'http://b1-q.mafengwo.net/s16/M00/BA/9B/CoUBUmE4RaSAIm4mAAPwTRPDi7Y52.jpeg',16),(833,8602270,'http://t1-q.mafengwo.net/s16/M00/BA/9B/CoUBUmE4RaSARXQUAAMC-lGQ9yU27.jpeg',17),(834,8602270,'http://t1-q.mafengwo.net/s16/M00/BA/9C/CoUBUmE4RaSAWyqaAAOTTg-Rcw462.jpeg',18),(835,8602270,'http://t1-q.mafengwo.net/s16/M00/BA/9C/CoUBUmE4RaSAJqOQAANJUpN51TA70.jpeg',19),(836,8602270,'http://t1-q.mafengwo.net/s16/M00/BA/90/CoUBUmE4RYqAc4wTAAYk2va-4dk45.jpeg',20),(837,8602270,'http://t1-q.mafengwo.net/s16/M00/BA/91/CoUBUmE4RYuAZxq5AAi7tkydWao88.jpeg',21),(838,8602270,'http://t1-q.mafengwo.net/s16/M00/BA/8F/CoUBUmE4RYqAEOquAAW2pl-pqpI49.jpeg',22),(839,8602270,'http://t1-q.mafengwo.net/s16/M00/BA/8E/CoUBUmE4RYqAPipsAAUW8JTuwbk76.jpeg',23),(840,8602270,'http://t1-q.mafengwo.net/s16/M00/BA/8F/CoUBUmE4RYqAGPQYAAWapNcwF2s56.jpeg',24),(841,8602270,'http://t1-q.mafengwo.net/s16/M00/BA/8E/CoUBUmE4RYqAe9smAATCiCQjAy083.jpeg',25),(842,8602270,'http://t1-q.mafengwo.net/s16/M00/BA/8D/CoUBUmE4RYmAEPooAAQu5aVHNLM61.jpeg',26),(843,8602270,'http://t1-q.mafengwo.net/s16/M00/BA/8D/CoUBUmE4RYiAPgOiAAOkLTuZD4021.jpeg',27),(844,8602270,'http://t1-q.mafengwo.net/s16/M00/BA/8F/CoUBUmE4RYqAdGtjAAV05kHj49o54.jpeg',28),(845,8602270,'http://t1-q.mafengwo.net/s16/M00/BA/8F/CoUBUmE4RYqAS9dFAAVPK67cJ6g68.jpeg',29),(846,8602270,'http://t1-q.mafengwo.net/s16/M00/BA/8C/CoUBUmE4RYiAeBMaAAMzZWNblQQ65.jpeg',30),(847,8602270,'http://t1-q.mafengwo.net/s16/M00/BA/8E/CoUBUmE4RYqAXNYhAAUsjvwhJJk02.jpeg',31),(848,8602270,'http://t1-q.mafengwo.net/s16/M00/BA/8B/CoUBUmE4RYaATQ6-AAEp4ocVEzM25.jpeg',32),(849,8602270,'http://t1-q.mafengwo.net/s11/M00/65/A7/wKgBEFp9PwOAeMWSAABnGuCeMo8692.png',33),(850,2880543,'http://t1-q.mafengwo.net/s15/M00/FE/CF/CoUBGV34TMuADcZ4AIHCA04yiDs06.jpeg',1),(851,2880543,'http://t1-q.mafengwo.net/s15/M00/E4/D5/CoUBGV34Q66AS676AAZy98_46Zo21.jpeg',2),(852,2880543,'http://t1-q.mafengwo.net/s15/M00/DE/FB/CoUBGV34QYmAR0RCAAgLoMmJhoA05.jpeg',3),(853,2880543,'http://t1-q.mafengwo.net/s15/M00/6A/A1/CoUBGV2lXRmAY3T3AASBThYtJdY33.jpeg',4),(854,2880543,'http://t1-q.mafengwo.net/s11/M00/65/A7/wKgBEFp9PwOAeMWSAABnGuCeMo8692.png',5),(855,8709552,'http://t1-q.mafengwo.net/s16/M00/A9/5F/CoUBUl6-X0eAZydIAF40p1SpJ7Q46.jpeg',1),(856,8709552,'http://t1-q.mafengwo.net/s11/M00/65/A7/wKgBEFp9PwOAeMWSAABnGuCeMo8692.png',2),(857,6612145,'http://t1-q.mafengwo.net/s16/M00/46/EC/CoUBUl7M1-WAecv6AHnt28uC1BY01.jpeg',1),(858,6612145,'http://t1-q.mafengwo.net/s11/M00/65/A7/wKgBEFp9PwOAeMWSAABnGuCeMo8692.png',2),(859,2880543,'http://t1-q.mafengwo.net/s15/M00/FE/CF/CoUBGV34TMuADcZ4AIHCA04yiDs06.jpeg',1),(860,2880543,'http://t1-q.mafengwo.net/s15/M00/E4/D5/CoUBGV34Q66AS676AAZy98_46Zo21.jpeg',2),(861,2880543,'http://t1-q.mafengwo.net/s15/M00/DE/FB/CoUBGV34QYmAR0RCAAgLoMmJhoA05.jpeg',3),(862,2880543,'http://t1-q.mafengwo.net/s15/M00/6A/A1/CoUBGV2lXRmAY3T3AASBThYtJdY33.jpeg',4),(863,2880543,'http://t1-q.mafengwo.net/s11/M00/65/A7/wKgBEFp9PwOAeMWSAABnGuCeMo8692.png',5),(864,2617585,'http://t1-q.mafengwo.net/s15/M00/3C/A5/CoUBGV37INuABbJHAHxq8pzwJr461.jpeg',1),(865,2617585,'http://t1-q.mafengwo.net/s11/M00/65/A7/wKgBEFp9PwOAeMWSAABnGuCeMo8692.png',2),(866,6611724,'http://t1-q.mafengwo.net/s16/M00/BD/B6/CoUBUl7xslOAa3Q7AJhYecr8Kvw98.jpeg',1),(867,6611724,'http://t1-q.mafengwo.net/s11/M00/65/A7/wKgBEFp9PwOAeMWSAABnGuCeMo8692.png',2),(868,8705598,'http://t1-q.mafengwo.net/s17/M00/86/BC/CoUBXl-EDSSAFTKSAEAxc--II9867.jpeg',1),(869,8705598,'http://t1-q.mafengwo.net/s11/M00/65/A7/wKgBEFp9PwOAeMWSAABnGuCeMo8692.png',2),(870,6612145,'http://t1-q.mafengwo.net/s16/M00/46/EC/CoUBUl7M1-WAecv6AHnt28uC1BY01.jpeg',1),(871,6612145,'http://t1-q.mafengwo.net/s11/M00/65/A7/wKgBEFp9PwOAeMWSAABnGuCeMo8692.png',2),(872,2874802,'http://t1-q.mafengwo.net/s12/M00/0D/54/wKgED1wCJTiAYBINAGmAboTaDZY40.jpeg',1),(873,2874802,'http://t1-q.mafengwo.net/s15/M00/3B/36/CoUBGV37ID2AKalNAAVmZnqB2nU76.jpeg',2),(874,2874802,'http://t1-q.mafengwo.net/s11/M00/65/A7/wKgBEFp9PwOAeMWSAABnGuCeMo8692.png',3),(875,2707217,'http://b1-q.mafengwo.net/s15/M00/4D/7C/CoUBGV2oPomATry1AAHMSCqMnhM27.jpeg',1),(876,2707217,'http://t1-q.mafengwo.net/s15/M00/4D/87/CoUBGV2oPo2AYhRSAAJNoh_t8AA87.jpeg',2),(877,2707217,'http://t1-q.mafengwo.net/s15/M00/4D/94/CoUBGV2oPpOAS9jBAAPpStnGWUU23.jpeg',3),(878,2707217,'http://t1-q.mafengwo.net/s15/M00/EF/BB/CoUBGV2w-xGATuxQAAhpfJrW0wg67.jpeg',4),(879,2707217,'http://t1-q.mafengwo.net/s15/M00/4D/AA/CoUBGV2oPp-AOmVDAAYbT2C1ncA82.jpeg',5),(880,2707217,'http://t1-q.mafengwo.net/s15/M00/4D/BA/CoUBGV2oPqWAVVdjAANycLbuY3o73.jpeg',6),(881,2707217,'http://t1-q.mafengwo.net/s15/M00/4D/C4/CoUBGV2oPqqAdgQCAAdFNRkMnJo13.jpeg',7),(882,2707217,'http://t1-q.mafengwo.net/s15/M00/4D/CE/CoUBGV2oPrCADiO_AAJs93QFZSk16.jpeg',8),(883,2707217,'http://t1-q.mafengwo.net/s15/M00/4D/E8/CoUBGV2oPreAfD4yAAZMPzK_0_I81.jpeg',9),(884,2707217,'http://t1-q.mafengwo.net/s15/M00/4D/F7/CoUBGV2oPryAe3H4AAObhUGPyWg65.jpeg',10),(885,2707217,'http://t1-q.mafengwo.net/s15/M00/C1/F8/CoUBGV2hfZaALabVAAQGNae9gyQ73.jpeg',11),(886,2707217,'http://t1-q.mafengwo.net/s15/M00/E2/CA/CoUBGV3KEQSAMglOAAKe0U2GJPs88.jpeg',12),(887,2707217,'http://t1-q.mafengwo.net/s15/M00/06/49/CoUBGV2pFmeASMu-AAT7DKgcHe841.jpeg',13),(888,2707217,'http://t1-q.mafengwo.net/s13/M00/6D/CD/wKgEaV2hfEyAAaeEAAGZW3-paRk86.jpeg',14),(889,2707217,'http://t1-q.mafengwo.net/s14/M00/55/D6/wKgE2l1krxaATyEjAAJfx4-ogbM96.jpeg',15),(890,2707217,'http://t1-q.mafengwo.net/s11/M00/65/A7/wKgBEFp9PwOAeMWSAABnGuCeMo8692.png',16),(891,2527857,'http://t1-q.mafengwo.net/s15/M00/B4/DB/CoUBGV4hWnOAR-3pAMFuVYVTRHQ38.jpeg',1),(892,2527857,'http://sales.mafengwo.net/mfs/s11/M00/BC/D4/wKgBEFt1LnyANxiVAACk-bKLq0M76.jpeg',2),(893,2527857,'http://sales.mafengwo.net/mfs/s11/M00/C9/9C/wKgBEFt1NOaAZXIEAADEjK1mqhc56.jpeg',3),(894,2527857,'http://sales.mafengwo.net/mfs/s11/M00/C9/AB/wKgBEFt1NO2AYixeAAC4Wi3rgEA59.jpeg',4),(895,2527857,'http://sales.mafengwo.net/mfs/s11/M00/C9/B8/wKgBEFt1NPKABi7DAACgTnZtjbs22.jpeg',5),(896,2527857,'http://sales.mafengwo.net/mfs/s11/M00/C9/CE/wKgBEFt1NPqAB3dkAACk1Lmos6o54.jpeg',6),(897,2527857,'http://sales.mafengwo.net/mfs/s11/M00/C9/DC/wKgBEFt1NQKAS2JtAADc1NeHUCA60.jpeg',7),(898,2527857,'http://sales.mafengwo.net/mfs/s11/M00/C9/EB/wKgBEFt1NQmAaZfZAACuFc6FgTk26.jpeg',8),(899,2527857,'http://sales.mafengwo.net/mfs/s11/M00/CA/0D/wKgBEFt1NRyARuFkAADpoaigyb081.jpeg',9),(900,2527857,'http://sales.mafengwo.net/mfs/s11/M00/CA/1D/wKgBEFt1NSaAaZDVAADCbb8dy4435.jpeg',10),(901,2527857,'http://sales.mafengwo.net/mfs/s11/M00/CA/2A/wKgBEFt1NS-AB6rWAAC1zTeXySo51.jpeg',11),(902,2527857,'http://sales.mafengwo.net/mfs/s11/M00/CA/44/wKgBEFt1NT6AMlLnAADRyVKhhqU07.jpeg',12),(903,2527857,'http://sales.mafengwo.net/mfs/s11/M00/CA/37/wKgBEFt1NTaAEBVQAADSf_nXJhY96.jpeg',13),(904,2527857,'http://sales.mafengwo.net/mfs/s11/M00/CA/4C/wKgBEFt1NUSAJJ6KAADRIaXyIc066.jpeg',14),(905,2527857,'http://sales.mafengwo.net/mfs/s11/M00/CC/AC/wKgBEFt1NoSAHzZjAADVK_kuKjk94.jpeg',15),(906,2527857,'http://sales.mafengwo.net/mfs/s11/M00/CC/BD/wKgBEFt1No2AYQIgAADPYM4JwG421.jpeg',16),(907,2527857,'http://sales.mafengwo.net/mfs/s11/M00/CC/D5/wKgBEFt1NpyAbDYeAAC98skPY8M29.jpeg',17),(908,2527857,'http://t1-q.mafengwo.net/s11/M00/65/A7/wKgBEFp9PwOAeMWSAABnGuCeMo8692.png',18),(909,2724998,'http://t1-q.mafengwo.net/s15/M00/78/EF/CoUBGV2urVWAatS2AAR--trrV3449.jpeg',1),(910,2724998,'http://t1-q.mafengwo.net/s15/M00/78/FC/CoUBGV2urVmAcB2HAALE5Mae_2E46.jpeg',2),(911,2724998,'http://t1-q.mafengwo.net/s15/M00/79/12/CoUBGV2urV-Abql9AARERu1c0S850.jpeg',3),(912,2724998,'http://t1-q.mafengwo.net/s15/M00/79/24/CoUBGV2urWWAEcYxAAYWysdwXGM90.jpeg',4),(913,2724998,'http://t1-q.mafengwo.net/s15/M00/79/37/CoUBGV2urWqAdUvqAAc-sBfoP1c18.jpeg',5),(914,2724998,'http://t1-q.mafengwo.net/s15/M00/79/5E/CoUBGV2urXWAP2H1AAKdcXjjc7g18.jpeg',6),(915,2724998,'http://t1-q.mafengwo.net/s15/M00/79/77/CoUBGV2urXuAS6bkAAdLdj2D9zQ54.jpeg',7),(916,2724998,'http://t1-q.mafengwo.net/s15/M00/79/8E/CoUBGV2urYCASFD0AAlWNTsMBW061.jpeg',8),(917,2724998,'http://t1-q.mafengwo.net/s15/M00/79/A7/CoUBGV2urYeAc1ufAAOv_PwDifg10.jpeg',9),(918,2724998,'http://t1-q.mafengwo.net/s15/M00/C1/F8/CoUBGV2hfZaALabVAAQGNae9gyQ73.jpeg',10),(919,2724998,'http://t1-q.mafengwo.net/s14/M00/85/2B/wKgE2l1jk22AFLWbAALIIwEX0RI51.jpeg',11),(920,2724998,'http://t1-q.mafengwo.net/s14/M00/85/38/wKgE2l1jk3GAIXFVAARBqazEPHU20.jpeg',12),(921,2724998,'http://t1-q.mafengwo.net/s13/M00/6D/CD/wKgEaV2hfEyAAaeEAAGZW3-paRk86.jpeg',13),(922,2724998,'http://t1-q.mafengwo.net/s14/M00/97/2C/wKgE2l1kw-iAXDRUAAH6_OPUs_Y69.jpeg',14),(923,2724998,'http://t1-q.mafengwo.net/s11/M00/65/A7/wKgBEFp9PwOAeMWSAABnGuCeMo8692.png',15),(924,5188689,'http://t1-q.mafengwo.net/s13/M00/2F/0C/wKgEaVy2-NOAUKg0AAHZny1FpwE55.jpeg',1),(925,5188689,'http://t1-q.mafengwo.net/s13/M00/2F/2F/wKgEaVy2-NuAUV_UAAGOfE5tSIQ61.jpeg',2),(926,5188689,'http://t1-q.mafengwo.net/s13/M00/2F/E7/wKgEaVy2-QCANfsxAAMdqfMIkAw77.jpeg',3),(927,5188689,'http://t1-q.mafengwo.net/s13/M00/30/1C/wKgEaVy2-Q2AdvzKAAplvrftSwI68.jpeg',4),(928,5188689,'http://t1-q.mafengwo.net/s13/M00/30/34/wKgEaVy2-RGANeIUAAY4Lq3Hn8U15.jpeg',5),(929,5188689,'http://t1-q.mafengwo.net/s13/M00/30/51/wKgEaVy2-RaAW1fSAAfESr0gZKQ40.jpeg',6),(930,5188689,'http://t1-q.mafengwo.net/s13/M00/30/69/wKgEaVy2-RqALfsfAAtI_ag9NKE80.jpeg',7),(931,5188689,'http://t1-q.mafengwo.net/s11/M00/65/A7/wKgBEFp9PwOAeMWSAABnGuCeMo8692.png',8),(932,2526438,'http://t1-q.mafengwo.net/s12/M00/C1/0D/wKgED1uiEBuAK5BqADw-6QEJHlI69.jpeg',1),(933,2526438,'http://t1-q.mafengwo.net/s11/M00/FA/A7/wKgBEFtqWuWALigqAAQcuxkE96k02.jpeg',2),(934,2526438,'http://t1-q.mafengwo.net/s11/M00/60/BF/wKgBEFtxTKSALIwWAARtccxvUUE325.png',3),(935,2526438,'http://t1-q.mafengwo.net/s11/M00/4A/15/wKgBEFsGf9qAOmS0ABCdBAQByyo65.jpeg',4),(936,2526438,'http://sales.mafengwo.net/mfs/s11/M00/BC/D4/wKgBEFt1LnyANxiVAACk-bKLq0M76.jpeg',5),(937,2526438,'http://sales.mafengwo.net/mfs/s11/M00/C9/9C/wKgBEFt1NOaAZXIEAADEjK1mqhc56.jpeg',6),(938,2526438,'http://sales.mafengwo.net/mfs/s11/M00/C9/AB/wKgBEFt1NO2AYixeAAC4Wi3rgEA59.jpeg',7),(939,2526438,'http://sales.mafengwo.net/mfs/s11/M00/C9/B8/wKgBEFt1NPKABi7DAACgTnZtjbs22.jpeg',8),(940,2526438,'http://sales.mafengwo.net/mfs/s11/M00/C9/CE/wKgBEFt1NPqAB3dkAACk1Lmos6o54.jpeg',9),(941,2526438,'http://sales.mafengwo.net/mfs/s11/M00/C9/DC/wKgBEFt1NQKAS2JtAADc1NeHUCA60.jpeg',10),(942,2526438,'http://sales.mafengwo.net/mfs/s11/M00/C9/EB/wKgBEFt1NQmAaZfZAACuFc6FgTk26.jpeg',11),(943,2526438,'http://sales.mafengwo.net/mfs/s11/M00/CA/0D/wKgBEFt1NRyARuFkAADpoaigyb081.jpeg',12),(944,2526438,'http://sales.mafengwo.net/mfs/s11/M00/CA/1D/wKgBEFt1NSaAaZDVAADCbb8dy4435.jpeg',13),(945,2526438,'http://sales.mafengwo.net/mfs/s11/M00/CA/2A/wKgBEFt1NS-AB6rWAAC1zTeXySo51.jpeg',14),(946,2526438,'http://sales.mafengwo.net/mfs/s11/M00/CA/44/wKgBEFt1NT6AMlLnAADRyVKhhqU07.jpeg',15),(947,2526438,'http://sales.mafengwo.net/mfs/s11/M00/CA/37/wKgBEFt1NTaAEBVQAADSf_nXJhY96.jpeg',16),(948,2526438,'http://sales.mafengwo.net/mfs/s11/M00/CA/4C/wKgBEFt1NUSAJJ6KAADRIaXyIc066.jpeg',17),(949,2526438,'http://sales.mafengwo.net/mfs/s11/M00/CC/AC/wKgBEFt1NoSAHzZjAADVK_kuKjk94.jpeg',18),(950,2526438,'http://sales.mafengwo.net/mfs/s11/M00/CC/BD/wKgBEFt1No2AYQIgAADPYM4JwG421.jpeg',19),(951,2526438,'http://sales.mafengwo.net/mfs/s11/M00/CC/D5/wKgBEFt1NpyAbDYeAAC98skPY8M29.jpeg',20),(952,2526438,'http://t1-q.mafengwo.net/s11/M00/65/A7/wKgBEFp9PwOAeMWSAABnGuCeMo8692.png',21),(953,6094618,'http://sales.mafengwo.net/mfs/s14/M00/1D/08/wKgE2l0A2l2ABI7CAAjjGK0EZUw07.jpeg',1),(954,6094618,'http://sales.mafengwo.net/mfs/s14/M00/0D/54/wKgE2l0A1BaAByP8AAl4NYAuNTU70.jpeg',2),(955,6094618,'http://sales.mafengwo.net/mfs/s14/M00/0D/60/wKgE2l0A1BuAApMoAAdPdttd1RI79.jpeg',3),(956,6094618,'http://sales.mafengwo.net/mfs/s14/M00/0D/71/wKgE2l0A1CKAP1XDAAuJag8nc8072.jpeg',4),(957,6094618,'http://sales.mafengwo.net/mfs/s14/M00/30/B5/wKgE2l1WVGeAJzX5AATC2lJnjn485.jpeg',5),(958,6094618,'http://sales.mafengwo.net/mfs/s14/M00/0D/8D/wKgE2l0A1CuASNnKAAXFazqtC9044.jpeg',6),(959,6094618,'http://sales.mafengwo.net/mfs/s14/M00/21/C4/wKgE2l1TvPeAWcykAAbXF9U0X1Q33.jpeg',7),(960,6094618,'http://sales.mafengwo.net/mfs/s15/M00/2A/41/CoUBGV3EwdWAT2sLAAVllB2e3Sc60.jpeg',8),(961,6094618,'http://sales.mafengwo.net/mfs/s14/M00/35/BD/wKgE2l1WVi-AFIC6AALuQoV5_nk05.jpeg',9),(962,6094618,'http://sales.mafengwo.net/mfs/s14/M00/35/FB/wKgE2l1WVkWASgwaAAMytwwU8fY00.jpeg',10),(963,6094618,'http://sales.mafengwo.net/mfs/s14/M00/35/E0/wKgE2l1WVjqAVH8_AAMhOrv8FMU29.jpeg',11),(964,6094618,'http://t1-q.mafengwo.net/s11/M00/65/A7/wKgBEFp9PwOAeMWSAABnGuCeMo8692.png',12),(965,2847830,'http://t1-q.mafengwo.net/s12/M00/DF/BF/wKgED1v9_yWAWsPTAKrUpI23wYk30.jpeg',1),(966,2847830,'http://t1-q.mafengwo.net/s11/M00/65/A7/wKgBEFp9PwOAeMWSAABnGuCeMo8692.png',2),(967,7024151,'http://t1-q.mafengwo.net/s15/M00/0A/EB/CoUBGV2pGGKAQXJUAAcf-e1wGnY28.jpeg',1),(968,7024151,'http://t1-q.mafengwo.net/s15/M00/0A/EC/CoUBGV2pGGKATbGgAA3ZQmAv1iU42.jpeg',2),(969,7024151,'http://t1-q.mafengwo.net/s15/M00/0A/EC/CoUBGV2pGGKAZHtTAAj-T2M7SiU95.jpeg',3),(970,7024151,'http://t1-q.mafengwo.net/s15/M00/0A/ED/CoUBGV2pGGKAXlYvABIZF1Lxnps36.jpeg',4),(971,7024151,'http://t1-q.mafengwo.net/s15/M00/0A/EE/CoUBGV2pGGKAF9goABUVmWgqDeQ76.jpeg',5),(972,7024151,'http://t1-q.mafengwo.net/s15/M00/0A/EC/CoUBGV2pGGKAMka3AAwHNAiboHY20.jpeg',6),(973,7024151,'http://b1-q.mafengwo.net/s15/M00/0A/ED/CoUBGV2pGGKAB1xpAA1Fu9kw_SU61.jpeg',7),(974,7024151,'http://t1-q.mafengwo.net/s15/M00/0A/ED/CoUBGV2pGGKAedrcAA9uBhPK6XA29.jpeg',8),(975,7024151,'http://sales.mafengwo.net/mfs/s15/M00/0A/EB/CoUBGV2pGGKAQXJUAAcf-e1wGnY28.jpeg',9),(976,7024151,'http://sales.mafengwo.net/mfs/s15/M00/0A/EC/CoUBGV2pGGKATbGgAA3ZQmAv1iU42.jpeg',10),(977,7024151,'http://sales.mafengwo.net/mfs/s15/M00/0A/EC/CoUBGV2pGGKAZHtTAAj-T2M7SiU95.jpeg',11),(978,7024151,'http://sales.mafengwo.net/mfs/s15/M00/0A/ED/CoUBGV2pGGKAXlYvABIZF1Lxnps36.jpeg',12),(979,7024151,'http://sales.mafengwo.net/mfs/s15/M00/0A/EE/CoUBGV2pGGKAF9goABUVmWgqDeQ76.jpeg',13),(980,7024151,'http://sales.mafengwo.net/mfs/s15/M00/0A/EC/CoUBGV2pGGKAMka3AAwHNAiboHY20.jpeg',14),(981,7024151,'http://sales.mafengwo.net/mfs/s15/M00/0A/ED/CoUBGV2pGGKAB1xpAA1Fu9kw_SU61.jpeg',15),(982,7024151,'http://sales.mafengwo.net/mfs/s15/M00/0A/ED/CoUBGV2pGGKAedrcAA9uBhPK6XA29.jpeg',16),(983,7024151,'http://t1-q.mafengwo.net/s11/M00/65/A7/wKgBEFp9PwOAeMWSAABnGuCeMo8692.png',17),(984,6056784,'http://sales.mafengwo.net/mfs/s12/M00/19/92/wKgED1z41saAWU3JAAQNpFvlBLQ77.jpeg',1),(985,6056784,'http://sales.mafengwo.net/mfs/s12/M00/19/9A/wKgED1z41s6AQpHoAAsnxyki5jo04.jpeg',2),(986,6056784,'http://sales.mafengwo.net/mfs/s12/M00/19/A2/wKgED1z41tSAJI1VAAQfK9fWa3A25.jpeg',3),(987,6056784,'http://sales.mafengwo.net/mfs/s12/M00/19/AA/wKgED1z41tyAFK_VAAjnog_xmxY34.jpeg',4),(988,6056784,'http://sales.mafengwo.net/mfs/s14/M00/D5/FE/wKgE2l1XuSyAYuayAANe-X_DPlI08.jpeg',5),(989,6056784,'http://sales.mafengwo.net/mfs/s12/M00/19/B1/wKgED1z41uKAU3xtAAGE5jwVBTs75.jpeg',6),(990,6056784,'http://sales.mafengwo.net/mfs/s15/M00/2A/41/CoUBGV3EwdWAT2sLAAVllB2e3Sc60.jpeg',7),(991,6056784,'http://t1-q.mafengwo.net/s11/M00/65/A7/wKgBEFp9PwOAeMWSAABnGuCeMo8692.png',8),(992,2345332,'http://sales.mafengwo.net/mfs/s14/M00/40/BE/wKgE2l1A9r-AVvfbAAzkpgibbxc23.jpeg',1),(993,2345332,'http://sales.mafengwo.net/mfs/s15/M00/34/AC/CoUBGV2j5Z-AXeWIAA2dSrXYCBY42.jpeg',2),(994,2345332,'http://sales.mafengwo.net/mfs/s14/M00/40/F0/wKgE2l1A9s6AEKXmAA3rJzvGIa437.jpeg',3),(995,2345332,'http://sales.mafengwo.net/mfs/s14/M00/41/AA/wKgE2l1A9xOAIa-iAAvf5W-O_Ss36.jpeg',4),(996,2345332,'http://sales.mafengwo.net/mfs/s10/M00/0C/C8/wKgBZ12NdUmAJUe6AA0d7mYn-V004.jpeg',5),(997,2345332,'http://sales.mafengwo.net/mfs/s13/M00/AA/EE/wKgEaV2j5auAKsFUAAmTZ_CMSTc51.jpeg',6),(998,2345332,'http://sales.mafengwo.net/mfs/s14/M00/41/1F/wKgE2l1A9tyAQvPsAAa-NV366Zo90.jpeg',7),(999,2345332,'http://sales.mafengwo.net/mfs/s14/M00/42/96/wKgE2l1A92SARvCCAAp6noeeccQ27.jpeg',8),(1000,2345332,'http://sales.mafengwo.net/mfs/s14/M00/42/AC/wKgE2l1A92yALffcABVZ4WjDJ8o52.jpeg',9),(1001,2345332,'http://sales.mafengwo.net/mfs/s14/M00/42/C8/wKgE2l1A93WABnqyABExT9xjXcc38.jpeg',10),(1002,2345332,'http://sales.mafengwo.net/mfs/s14/M00/42/F1/wKgE2l1A94KAd4ZDABDFaFstCf410.jpeg',11),(1003,2345332,'http://sales.mafengwo.net/mfs/s14/M00/43/1D/wKgE2l1A95WAKA2aAA0ZUCeXVL482.jpeg',12),(1004,2345332,'http://sales.mafengwo.net/mfs/s14/M00/43/2D/wKgE2l1A95qAUWc1AAgJzgd3Txc34.jpeg',13),(1005,2345332,'http://sales.mafengwo.net/mfs/s14/M00/BB/76/wKgE2l0v42qAfztmAAIIHCLbq2c51.jpeg',14),(1006,2345332,'http://sales.mafengwo.net/mfs/s14/M00/49/A5/wKgE2l1A-gaABIvOAAE2lHrziKs02.jpeg',15),(1007,2345332,'http://sales.mafengwo.net/mfs/s14/M00/BB/87/wKgE2l0v43CABU6aAAEveetM-AY72.jpeg',16),(1008,2345332,'http://sales.mafengwo.net/mfs/s14/M00/BB/8D/wKgE2l0v43KAfGMWAAF3kONr-GQ69.jpeg',17),(1009,2345332,'http://sales.mafengwo.net/mfs/s14/M00/BB/96/wKgE2l0v43SAUc5ZAAFjDUJlk-Q68.jpeg',18),(1010,2345332,'http://sales.mafengwo.net/mfs/s14/M00/BB/A2/wKgE2l0v43iAAj1aAAFlXcfFx3U40.jpeg',19),(1011,2345332,'http://sales.mafengwo.net/mfs/s14/M00/BB/A8/wKgE2l0v43qAD-usAAFGTL1MHC844.jpeg',20),(1012,2345332,'http://sales.mafengwo.net/mfs/s14/M00/BB/AC/wKgE2l0v43yACAM7AAEdvOIfYtE06.jpeg',21),(1013,2345332,'http://sales.mafengwo.net/mfs/s14/M00/BB/B1/wKgE2l0v436ADAj9AAFHgu2QVyQ56.jpeg',22),(1014,2345332,'http://sales.mafengwo.net/mfs/s14/M00/BB/B6/wKgE2l0v44CAJvknAAEZMNHj49889.jpeg',23),(1015,2345332,'http://sales.mafengwo.net/mfs/s14/M00/59/14/wKgE2l1A_rWAfh9wAAbGiplEEGU92.jpeg',24),(1016,2345332,'http://t1-q.mafengwo.net/s11/M00/65/A7/wKgBEFp9PwOAeMWSAABnGuCeMo8692.png',25),(1017,2333535,'http://sales.mafengwo.net/mfs/s14/M00/34/D8/wKgE2l1A8mWAXmEuAAlBFz43Fw048.jpeg',1),(1018,2333535,'http://sales.mafengwo.net/mfs/s15/M00/34/AC/CoUBGV2j5Z-AXeWIAA2dSrXYCBY42.jpeg',2),(1019,2333535,'http://sales.mafengwo.net/mfs/s14/M00/5A/5C/wKgE2l1A_xqADU85AAuIbH0Kv3819.jpeg',3),(1020,2333535,'http://sales.mafengwo.net/mfs/s14/M00/35/00/wKgE2l1A8nSALRisAAuepLRVcUk55.jpeg',4),(1021,2333535,'http://sales.mafengwo.net/mfs/s14/M00/35/14/wKgE2l1A8n6AEI_kAAyuKBRPtuo45.jpeg',5),(1022,2333535,'http://sales.mafengwo.net/mfs/s14/M00/35/24/wKgE2l1A8oWAWag0ABR1_XaXOj474.jpeg',6),(1023,2333535,'http://sales.mafengwo.net/mfs/s14/M00/35/34/wKgE2l1A8ouAZCEoABTqF3b3cCQ29.jpeg',7),(1024,2333535,'http://sales.mafengwo.net/mfs/s14/M00/35/4A/wKgE2l1A8pSAencNAA7xS50Wx0027.jpeg',8),(1025,2333535,'http://sales.mafengwo.net/mfs/s14/M00/35/58/wKgE2l1A8pqAR85UAAyz709-ALY10.jpeg',9),(1026,2333535,'http://sales.mafengwo.net/mfs/s14/M00/35/5E/wKgE2l1A8pyAXH1fAAf-BYckBOU69.jpeg',10),(1027,2333535,'http://sales.mafengwo.net/mfs/s14/M00/BB/76/wKgE2l0v42qAfztmAAIIHCLbq2c51.jpeg',11),(1028,2333535,'http://sales.mafengwo.net/mfs/s14/M00/BB/80/wKgE2l0v426AEENPAAF8hO8ueG436.jpeg',12),(1029,2333535,'http://sales.mafengwo.net/mfs/s14/M00/BB/87/wKgE2l0v43CABU6aAAEveetM-AY72.jpeg',13),(1030,2333535,'http://sales.mafengwo.net/mfs/s14/M00/BB/8D/wKgE2l0v43KAfGMWAAF3kONr-GQ69.jpeg',14),(1031,2333535,'http://sales.mafengwo.net/mfs/s14/M00/BB/96/wKgE2l0v43SAUc5ZAAFjDUJlk-Q68.jpeg',15),(1032,2333535,'http://sales.mafengwo.net/mfs/s14/M00/BB/A2/wKgE2l0v43iAAj1aAAFlXcfFx3U40.jpeg',16),(1033,2333535,'http://sales.mafengwo.net/mfs/s14/M00/BB/A8/wKgE2l0v43qAD-usAAFGTL1MHC844.jpeg',17),(1034,2333535,'http://sales.mafengwo.net/mfs/s14/M00/BB/AC/wKgE2l0v43yACAM7AAEdvOIfYtE06.jpeg',18),(1035,2333535,'http://sales.mafengwo.net/mfs/s14/M00/BB/B1/wKgE2l0v436ADAj9AAFHgu2QVyQ56.jpeg',19),(1036,2333535,'http://sales.mafengwo.net/mfs/s14/M00/BB/B6/wKgE2l0v44CAJvknAAEZMNHj49889.jpeg',20),(1037,2333535,'http://sales.mafengwo.net/mfs/s14/M00/5A/92/wKgE2l1A_yqAd3ewAAaU8gryi8Q99.jpeg',21),(1038,2333535,'http://t1-q.mafengwo.net/s11/M00/65/A7/wKgBEFp9PwOAeMWSAABnGuCeMo8692.png',22),(1039,2616115,'http://sales.mafengwo.net/mfs/s15/M00/3C/99/CoUBGV3SbXCAffWyAAitBfM-Rr855.jpeg',1),(1040,2616115,'http://sales.mafengwo.net/mfs/s15/M00/3C/A1/CoUBGV3SbXOAfeD1AAgx-AA5IZY47.jpeg',2),(1041,2616115,'http://sales.mafengwo.net/mfs/s15/M00/3C/A8/CoUBGV3SbXWAegfjAA5_MBN1K7c26.jpeg',3),(1042,2616115,'http://sales.mafengwo.net/mfs/s15/M00/3C/AB/CoUBGV3SbXeAJ2DFAAX0R8y7dBw23.jpeg',4),(1043,2616115,'http://sales.mafengwo.net/mfs/s15/M00/3C/B2/CoUBGV3SbXmACQrjAAxhxc6TkvM58.jpeg',5),(1044,2616115,'http://sales.mafengwo.net/mfs/s15/M00/3C/B9/CoUBGV3SbXqABczlAAhxwLqmJGM99.jpeg',6),(1045,2616115,'http://sales.mafengwo.net/mfs/s15/M00/3C/BD/CoUBGV3SbXyAW8opAAYw1pJqv6Q46.jpeg',7),(1046,2616115,'http://sales.mafengwo.net/mfs/s15/M00/3C/C3/CoUBGV3SbX6AdkBpABAaLwr871E05.jpeg',8),(1047,2616115,'http://sales.mafengwo.net/mfs/s15/M00/3C/C6/CoUBGV3SbYCAYrWDAAoSqxxE0pc56.jpeg',9),(1048,2616115,'http://sales.mafengwo.net/mfs/s15/M00/3C/CB/CoUBGV3SbYKAUoUiAAzvUOFBalU37.jpeg',10),(1049,2616115,'http://sales.mafengwo.net/mfs/s15/M00/3C/CD/CoUBGV3SbYSATt6iAA-4RUU5D5k74.jpeg',11),(1050,2616115,'http://sales.mafengwo.net/mfs/s15/M00/3C/DC/CoUBGV3SbZGAOmNxAAns5uHDuM825.jpeg',12),(1051,2616115,'http://sales.mafengwo.net/mfs/s15/M00/3C/EB/CoUBGV3SbZiAV1XHAAiei-sIaP854.jpeg',13),(1052,2616115,'http://sales.mafengwo.net/mfs/s15/M00/3C/FB/CoUBGV3SbZ-AGyR4AAg_ZD1FZa896.jpeg',14),(1053,2616115,'http://sales.mafengwo.net/mfs/s15/M00/3D/19/CoUBGV3Sba-AQ1q4AAmOsamJRck42.jpeg',15),(1054,2616115,'http://sales.mafengwo.net/mfs/s15/M00/3D/27/CoUBGV3SbbSAHjvrAAgaJNVlxoc36.jpeg',16),(1055,2616115,'http://sales.mafengwo.net/mfs/s14/M00/BB/76/wKgE2l0v42qAfztmAAIIHCLbq2c51.jpeg',17),(1056,2616115,'http://sales.mafengwo.net/mfs/s14/M00/BB/80/wKgE2l0v426AEENPAAF8hO8ueG436.jpeg',18),(1057,2616115,'http://sales.mafengwo.net/mfs/s14/M00/49/A5/wKgE2l1A-gaABIvOAAE2lHrziKs02.jpeg',19),(1058,2616115,'http://sales.mafengwo.net/mfs/s14/M00/BB/B1/wKgE2l0v436ADAj9AAFHgu2QVyQ56.jpeg',20),(1059,2616115,'http://sales.mafengwo.net/mfs/s14/M00/BB/96/wKgE2l0v43SAUc5ZAAFjDUJlk-Q68.jpeg',21),(1060,2616115,'http://sales.mafengwo.net/mfs/s14/M00/BB/8D/wKgE2l0v43KAfGMWAAF3kONr-GQ69.jpeg',22),(1061,2616115,'http://sales.mafengwo.net/mfs/s14/M00/BB/87/wKgE2l0v43CABU6aAAEveetM-AY72.jpeg',23),(1062,2616115,'http://sales.mafengwo.net/mfs/s15/M00/F6/D1/CoUBGV3BGX6Aer4QAAFJWkKg51M57.jpeg',24),(1063,2616115,'http://sales.mafengwo.net/mfs/s14/M00/BB/A2/wKgE2l0v43iAAj1aAAFlXcfFx3U40.jpeg',25),(1064,2616115,'http://sales.mafengwo.net/mfs/s14/M00/BB/AC/wKgE2l0v43yACAM7AAEdvOIfYtE06.jpeg',26),(1065,2616115,'http://sales.mafengwo.net/mfs/s15/M00/B2/99/CoUBGV3TUD6AeGurAAVjR15oNLk63.jpeg',27),(1066,2616115,'http://t1-q.mafengwo.net/s11/M00/65/A7/wKgBEFp9PwOAeMWSAABnGuCeMo8692.png',28),(1067,7009189,'http://t1-q.mafengwo.net/s14/M00/CA/44/wKgE2l0NiqKAJzhHAABr3BZQLdA77.jpeg',1),(1068,7009189,'http://t1-q.mafengwo.net/s12/M00/45/35/wKgED12OuNSAJKDXAALPFifpkq053.jpeg',2),(1069,7009189,'http://t1-q.mafengwo.net/s12/M00/45/39/wKgED12OuNaAE4rYAAeGO8bNnGo44.jpeg',3),(1070,7009189,'http://t1-q.mafengwo.net/s12/M00/45/3C/wKgED12OuNuAS9CIAAcHUBo6EOk16.jpeg',4),(1071,7009189,'http://t1-q.mafengwo.net/s11/M00/91/04/wKgBEF2OuNyAUpHvAApKKmkk4kE49.jpeg',5),(1072,7009189,'http://t1-q.mafengwo.net/s12/M00/45/40/wKgED12OuN2AaEkbAAZ-9jZkQJc25.jpeg',6),(1073,7009189,'http://t1-q.mafengwo.net/s11/M00/91/07/wKgBEF2OuN2ADA9GAAV_MdnF-g469.jpeg',7),(1074,7009189,'http://t1-q.mafengwo.net/s12/M00/45/42/wKgED12OuN6AdMPmAALID2k5Bic09.jpeg',8),(1075,7009189,'http://t1-q.mafengwo.net/s11/M00/65/A7/wKgBEFp9PwOAeMWSAABnGuCeMo8692.png',9),(1076,7368824,'http://t1-q.mafengwo.net/s15/M00/5A/59/CoUBGV3c0PmAHiadALwVvWPzK7w75.jpeg',1),(1077,7368824,'http://t1-q.mafengwo.net/s11/M00/65/A7/wKgBEFp9PwOAeMWSAABnGuCeMo8692.png',2),(1078,2736819,'http://b1-q.mafengwo.net/s12/M00/12/A1/wKgED1ukwjWAG_SuAA8xwihF0Kc22.jpeg',1),(1079,2736819,'http://t1-q.mafengwo.net/s12/M00/12/A7/wKgED1ukwjeAGbsBAAsRHjZIYZw70.jpeg',2),(1080,2736819,'http://t1-q.mafengwo.net/s14/M00/A7/0B/wKgE2l1kyEqAP93CAAVfTFR4uKI72.jpeg',3),(1081,2736819,'http://t1-q.mafengwo.net/s12/M00/12/AF/wKgED1ukwjqAGpphAB3BlVAqIWQ85.jpeg',4),(1082,2736819,'http://t1-q.mafengwo.net/s12/M00/12/B6/wKgED1ukwjyAap0DABmcOc8eeAU97.jpeg',5),(1083,2736819,'http://t1-q.mafengwo.net/s14/M00/AB/CB/wKgE2l1kyWiAT3zTAAlU6uFLckk59.jpeg',6),(1084,2736819,'http://t1-q.mafengwo.net/s12/M00/12/C6/wKgED1ukwkKAdsXLABc296S5-1Y90.jpeg',7),(1085,2736819,'http://t1-q.mafengwo.net/s12/M00/12/CD/wKgED1ukwkSAKklxABkgYKzkCHI91.jpeg',8),(1086,2736819,'http://t1-q.mafengwo.net/s14/M00/A8/1A/wKgE2l1kyIeASgFtABF5jOpJeWI58.jpeg',9),(1087,2736819,'http://t1-q.mafengwo.net/s14/M00/B1/25/wKgE2l1kypiABpI4AAiXwnfsoew94.jpeg',10),(1088,2736819,'http://t1-q.mafengwo.net/s14/M00/91/65/wKgE2l1BY7CAe8hIAAAtd6CJh-M00.jpeg',11),(1089,2736819,'http://t1-q.mafengwo.net/s14/M00/91/7F/wKgE2l1BY7qATI2LAAkM1PdPijU71.jpeg',12),(1090,2736819,'http://t1-q.mafengwo.net/s11/M00/65/A7/wKgBEFp9PwOAeMWSAABnGuCeMo8692.png',13),(1091,6675622,'http://t1-q.mafengwo.net/s13/M00/51/B1/wKgEaVzOPAaAfUYaAACB_o1O6_M32.jpeg',1),(1092,6675622,'http://t1-q.mafengwo.net/s14/M00/19/50/wKgE2l1TulmANIrrAAepkmvV1V882.jpeg',2),(1093,6675622,'http://t1-q.mafengwo.net/s14/M00/19/53/wKgE2l1TulqALSQGAAZk94YFFOw55.jpeg',3),(1094,6675622,'http://t1-q.mafengwo.net/s14/M00/19/56/wKgE2l1TulqAIe1wAAWff5zuDp089.jpeg',4),(1095,6675622,'http://t1-q.mafengwo.net/s14/M00/19/59/wKgE2l1TuluAJXAnAAeRDdsMSbs05.jpeg',5),(1096,6675622,'http://t1-q.mafengwo.net/s14/M00/19/5C/wKgE2l1TulyAKJVQAAmsEglDWE456.jpeg',6),(1097,6675622,'http://t1-q.mafengwo.net/s14/M00/19/5C/wKgE2l1TulyAHvflAAbsyBHSuo433.jpeg',7),(1098,6675622,'http://t1-q.mafengwo.net/s14/M00/19/5F/wKgE2l1Tul2AeUTmAAh-TXsDPao31.jpeg',8),(1099,6675622,'http://t1-q.mafengwo.net/s14/M00/19/61/wKgE2l1Tul2ALikUAAd8D2Ou0ZU20.jpeg',9),(1100,6675622,'http://t1-q.mafengwo.net/s11/M00/65/A7/wKgBEFp9PwOAeMWSAABnGuCeMo8692.png',10),(1101,2551292,'http://t1-q.mafengwo.net/s11/M00/CB/4A/wKgBEFsZMdOAXN4wAA8JOcORwJ415.jpeg',1),(1102,2551292,'http://t1-q.mafengwo.net/s11/M00/CB/4B/wKgBEFsZMdSAADCKAAzTr4cQfGo63.jpeg',2),(1103,2551292,'http://t1-q.mafengwo.net/s11/M00/CB/4C/wKgBEFsZMdSAdW3uAA5OIq1pfw422.jpeg',3),(1104,2551292,'http://t1-q.mafengwo.net/s11/M00/CB/4C/wKgBEFsZMdWAFuuCAAjQljaZv3k41.jpeg',4),(1105,2551292,'http://t1-q.mafengwo.net/s11/M00/CB/4D/wKgBEFsZMdWAR8cOAAjc-fbvKQQ02.jpeg',5),(1106,2551292,'http://t1-q.mafengwo.net/s11/M00/CB/4E/wKgBEFsZMdeAfh2sABWDe0kqigw62.jpeg',6),(1107,2551292,'http://t1-q.mafengwo.net/s11/M00/CB/4F/wKgBEFsZMdeAczqmAAlUTr4GEiA94.jpeg',7),(1108,2551292,'http://t1-q.mafengwo.net/s11/M00/CB/50/wKgBEFsZMdiAIOOQAAqaeQnp2cg25.jpeg',8),(1109,2551292,'http://t1-q.mafengwo.net/s11/M00/CB/52/wKgBEFsZMdmAJepEABRn6-WibqE98.jpeg',9),(1110,2551292,'http://t1-q.mafengwo.net/s11/M00/CB/53/wKgBEFsZMdqAMKHZAAX1xlmZ0Lg73.jpeg',10),(1111,2551292,'http://t1-q.mafengwo.net/s11/M00/65/A7/wKgBEFp9PwOAeMWSAABnGuCeMo8692.png',11),(1112,6160280,'http://sales.mafengwo.net/mfs/s15/M00/E5/58/CoUBGV3GFJWARR_OAAmQMKV1qJw15.jpeg',1),(1113,6160280,'http://sales.mafengwo.net/mfs/s15/M00/29/AC/CoUBGV3FUF-ACBQSAAaMYqcVYEw68.jpeg',2),(1114,6160280,'http://sales.mafengwo.net/mfs/s15/M00/29/C3/CoUBGV3FUHCAW1erAAuC5vn2zA052.jpeg',3),(1115,6160280,'http://sales.mafengwo.net/mfs/s15/M00/29/CC/CoUBGV3FUHaAMbByAApfG8yYXug87.jpeg',4),(1116,6160280,'http://sales.mafengwo.net/mfs/s15/M00/29/B3/CoUBGV3FUGWAH2M8AAnza0MetOI54.jpeg',5),(1117,6160280,'http://sales.mafengwo.net/mfs/s15/M00/29/EB/CoUBGV3FUImAYdkyAAZJp6cQ3Uw39.jpeg',6),(1118,6160280,'http://sales.mafengwo.net/mfs/s15/M00/2A/B5/CoUBGV3FURmAI0pgAAJpPpbg7m027.jpeg',7),(1119,6160280,'http://sales.mafengwo.net/mfs/s15/M00/29/FC/CoUBGV3FUJOAbA8cAAWXcSH3IXc70.jpeg',8),(1120,6160280,'http://sales.mafengwo.net/mfs/s15/M00/2A/41/CoUBGV3EwdWAT2sLAAVllB2e3Sc60.jpeg',9),(1121,6160280,'http://t1-q.mafengwo.net/s11/M00/65/A7/wKgBEFp9PwOAeMWSAABnGuCeMo8692.png',10),(1122,5972745,'http://t1-q.mafengwo.net/s13/M00/A9/80/wKgEaVzcxwKATn86AAB2Rijr0o404.jpeg',1),(1123,5972745,'http://t1-q.mafengwo.net/s13/M00/D6/1E/wKgEaVzt6reABHXkAAfPNo8p6zA34.jpeg',2),(1124,5972745,'http://t1-q.mafengwo.net/s10/M00/08/AF/wKgBZ1zt6riAKKifAAbdg813BKc63.jpeg',3),(1125,5972745,'http://t1-q.mafengwo.net/s13/M00/D6/22/wKgEaVzt6rqADhGtAAi8qfHU49Q18.jpeg',4),(1126,5972745,'http://t1-q.mafengwo.net/s10/M00/08/B1/wKgBZ1zt6ruANXTHAAiMEMVEpxk77.jpeg',5),(1127,5972745,'http://t1-q.mafengwo.net/s10/M00/08/CC/wKgBZ1zt6s6AL-IwAAhdLOqs8ns57.jpeg',6),(1128,5972745,'http://t1-q.mafengwo.net/s13/M00/D6/24/wKgEaVzt6ruAHI37AAZyym1rXdw21.jpeg',7),(1129,5972745,'http://t1-q.mafengwo.net/s10/M00/08/B4/wKgBZ1zt6ryAOC45AAiGEv_HlFM04.jpeg',8),(1130,5972745,'http://t1-q.mafengwo.net/s11/M00/65/A7/wKgBEFp9PwOAeMWSAABnGuCeMo8692.png',9),(1131,5972263,'http://t1-q.mafengwo.net/s13/M00/A9/80/wKgEaVzcxwKATn86AAB2Rijr0o404.jpeg',1),(1132,5972263,'http://b1-q.mafengwo.net/s13/M00/D3/66/wKgEaVzt5JyAUjoeAAwf9-uaqRE37.jpeg',2),(1133,5972263,'http://t1-q.mafengwo.net/s11/M00/47/DD/wKgBEFzt5J2AYKudAAl2TXtXV1k76.jpeg',3),(1134,5972263,'http://t1-q.mafengwo.net/s13/M00/D3/68/wKgEaVzt5J6ALZX8AAq-AyPZaFY81.jpeg',4),(1135,5972263,'http://t1-q.mafengwo.net/s11/M00/11/04/wKgBEFsCYmKAYmR5AAABBDLDiC8110.png',5),(1136,5972263,'http://t1-q.mafengwo.net/s11/M00/11/04/wKgBEFsCYmKAYmR5AAABBDLDiC8110.png',6),(1137,5972263,'http://t1-q.mafengwo.net/s11/M00/47/E0/wKgBEFzt5KGAEIsIAASzlIk5Jmk17.jpeg',7),(1138,5972263,'http://t1-q.mafengwo.net/s11/M00/47/E3/wKgBEFzt5KWAERrhAAlnmokn5GY51.jpeg',8),(1139,5972263,'http://t1-q.mafengwo.net/s10/M00/05/B8/wKgBZ1zt5KeAIrZUAAcND8WYmFA32.jpeg',9),(1140,5972263,'http://t1-q.mafengwo.net/s11/M00/65/A7/wKgBEFp9PwOAeMWSAABnGuCeMo8692.png',10),(1141,5968521,'http://t1-q.mafengwo.net/s13/M00/4A/19/wKgEaVzPkliAV_IcAAF_QYU4FMQ79.jpeg',1),(1142,5968521,'http://t1-q.mafengwo.net/s10/M00/B9/F0/wKgBZ1zs8geAbE47ABEiq4Uc3NQ99.jpeg',2),(1143,5968521,'http://t1-q.mafengwo.net/s10/M00/B9/FD/wKgBZ1zs8g6AGbguABgDvI5PiG047.jpeg',3),(1144,5968521,'http://t1-q.mafengwo.net/s10/M00/BA/02/wKgBZ1zs8hCAG3hnABLIAv3iRPs55.jpeg',4),(1145,5968521,'http://t1-q.mafengwo.net/s11/M00/65/A7/wKgBEFp9PwOAeMWSAABnGuCeMo8692.png',5),(1146,7220781,'http://t1-q.mafengwo.net/s15/M00/C9/40/CoUBGV22XvSAU5rsAAHdYv30yg481.jpeg',1),(1147,7220781,'http://t1-q.mafengwo.net/s15/M00/19/E4/CoUBGV22dbuAUZnQAAc6_7D-9UI034.png',2),(1148,7220781,'http://b1-q.mafengwo.net/s15/M00/1A/0C/CoUBGV22dcaAfzgLAAdylQAsZrY233.png',3),(1149,7220781,'http://b1-q.mafengwo.net/s14/M00/56/A2/wKgE2l1sg5-ANnqPAANN6y_FGKo98.jpeg',4),(1150,7220781,'http://t1-q.mafengwo.net/s14/M00/56/F1/wKgE2l1sg76AJAVcAAOUlaGru0A26.jpeg',5),(1151,7220781,'http://t1-q.mafengwo.net/s12/M00/63/16/wKgED12DSkyAKUf5AAHJSQTrACA98.jpeg',6),(1152,7220781,'http://t1-q.mafengwo.net/s12/M00/2C/45/wKgED1vf1_eAXDlwACMjXUKRvG8413.png',7),(1153,7220781,'http://t1-q.mafengwo.net/s11/M00/65/A7/wKgBEFp9PwOAeMWSAABnGuCeMo8692.png',8),(1154,5973132,'http://t1-q.mafengwo.net/s13/M00/A9/80/wKgEaVzcxwKATn86AAB2Rijr0o404.jpeg',1),(1155,5973132,'http://t1-q.mafengwo.net/s12/M00/87/9A/wKgED1zt7u2AHt-fAAslel2Rewg07.jpeg',2),(1156,5973132,'http://t1-q.mafengwo.net/s12/M00/87/9D/wKgED1zt7u6AfliXAAmX4i-ey3Y72.jpeg',3),(1157,5973132,'http://t1-q.mafengwo.net/s12/M00/87/A5/wKgED1zt7vCARfdnAAcLD-fcLZs91.jpeg',4),(1158,5973132,'http://t1-q.mafengwo.net/s12/M00/87/A6/wKgED1zt7vCAWhz1AAZ5OOL_3j405.jpeg',5),(1159,5973132,'http://t1-q.mafengwo.net/s12/M00/87/A8/wKgED1zt7vGAWXIfAAf8R1KzVJ068.jpeg',6),(1160,5973132,'http://t1-q.mafengwo.net/s12/M00/87/AB/wKgED1zt7vKAep-8AAgkO-nJ5YQ38.jpeg',7),(1161,5973132,'http://t1-q.mafengwo.net/s12/M00/87/AE/wKgED1zt7vOAVnfCAAtUlHxrZPA07.jpeg',8),(1162,5973132,'http://t1-q.mafengwo.net/s12/M00/87/B1/wKgED1zt7vSAfIZKAAfZZS_gkl073.jpeg',9),(1163,5973132,'http://t1-q.mafengwo.net/s11/M00/65/A7/wKgBEFp9PwOAeMWSAABnGuCeMo8692.png',10),(1164,5968041,'http://t1-q.mafengwo.net/s13/M00/51/B1/wKgEaVzOPAaAfUYaAACB_o1O6_M32.jpeg',1),(1165,5968041,'http://t1-q.mafengwo.net/s13/M00/8D/81/wKgEaVzs7V-AVkGrAAbT9l2478Q85.jpeg',2),(1166,5968041,'http://t1-q.mafengwo.net/s10/M00/B7/A7/wKgBZ1zs7V-AddMBAAWEmn_KhHo99.jpeg',3),(1167,5968041,'http://t1-q.mafengwo.net/s13/M00/8D/83/wKgEaVzs7WCAUVKmAASQWVvqQ6U12.jpeg',4),(1168,5968041,'http://t1-q.mafengwo.net/s10/M00/B7/AA/wKgBZ1zs7WKAXbQ2AA3NNBkAKqU14.jpeg',5),(1169,5968041,'http://t1-q.mafengwo.net/s12/M00/35/F0/wKgED1zs7WOAN8yvAAShWxOYAw041.jpeg',6),(1170,5968041,'http://t1-q.mafengwo.net/s10/M00/B7/AD/wKgBZ1zs7WSAQVHvAAYx_VdPm7c16.jpeg',7),(1171,5968041,'http://t1-q.mafengwo.net/s12/M00/35/F4/wKgED1zs7WaAQSSMAAofZltNPOY06.jpeg',8),(1172,5968041,'http://t1-q.mafengwo.net/s11/M00/FC/5B/wKgBEFzs7WiAQTfYAAhg7Oqj1yk26.jpeg',9),(1173,5968041,'http://t1-q.mafengwo.net/s11/M00/65/A7/wKgBEFp9PwOAeMWSAABnGuCeMo8692.png',10),(1174,5549951,'http://t1-q.mafengwo.net/s13/M00/4D/13/wKgEaVzCq9eAHyqcAAHqL0blMes35.jpeg',1),(1175,5549951,'http://t1-q.mafengwo.net/s13/M00/79/24/wKgEaVy9cteAYvPkAAM2wVzB_Fk88.jpeg',2),(1176,5549951,'http://t1-q.mafengwo.net/s13/M00/79/29/wKgEaVy9ctmAVzk2AAV5uZZ2uAc05.jpeg',3),(1177,5549951,'http://t1-q.mafengwo.net/s13/M00/79/2F/wKgEaVy9ctuAMd4gAAYBicZxO6I36.jpeg',4),(1178,5549951,'http://t1-q.mafengwo.net/s13/M00/79/33/wKgEaVy9ct2AGSZhAALEcfgMYKI50.jpeg',5),(1179,5549951,'http://t1-q.mafengwo.net/s13/M00/79/34/wKgEaVy9ct-AAPpqAAfHb-vMQd044.jpeg',6),(1180,5549951,'http://t1-q.mafengwo.net/s13/M00/79/37/wKgEaVy9cuKAP48nAAYkx5KXDp041.jpeg',7),(1181,5549951,'http://t1-q.mafengwo.net/s13/M00/79/3B/wKgEaVy9cuSABC9iAAO9KGf24Kk36.jpeg',8),(1182,5549951,'http://t1-q.mafengwo.net/s13/M00/79/41/wKgEaVy9cuiAPSXnAAhSj0lgNsg31.jpeg',9),(1183,5549951,'http://t1-q.mafengwo.net/s13/M00/79/44/wKgEaVy9cuqAXGPQAAFu3FN8krk61.jpeg',10),(1184,5549951,'http://t1-q.mafengwo.net/s13/M00/79/49/wKgEaVy9cuyAcbTqAAL7jFzpx2U61.jpeg',11),(1185,5549951,'http://t1-q.mafengwo.net/s13/M00/79/4E/wKgEaVy9cu-AFPXYAAVh3_usQCY71.jpeg',12),(1186,5549951,'http://t1-q.mafengwo.net/s14/M00/05/EE/wKgE2l0TRAGAJmv-AAL8mP9L__c71.jpeg',13),(1187,5549951,'http://t1-q.mafengwo.net/s12/M00/E7/C5/wKgED1ugtViANk_-AAGxtMlb1Y003.jpeg',14),(1188,5549951,'http://t1-q.mafengwo.net/s12/M00/E7/D8/wKgED1ugtWCAfgfYAAFbo4aFUTI15.jpeg',15),(1189,5549951,'http://t1-q.mafengwo.net/s12/M00/E7/E5/wKgED1ugtWiAVhj4AAFVpZnxerY86.jpeg',16),(1190,5549951,'http://t1-q.mafengwo.net/s12/M00/E7/ED/wKgED1ugtW2ABZr2AAF7jgzmSO475.jpeg',17),(1191,5549951,'http://t1-q.mafengwo.net/s12/M00/E7/FE/wKgED1ugtXiAXz06AAFeLwRajUE87.jpeg',18),(1192,5549951,'http://t1-q.mafengwo.net/s12/M00/E8/08/wKgED1ugtX2ATOMmAAFEK2WPOJ477.jpeg',19),(1193,5549951,'http://t1-q.mafengwo.net/s12/M00/E8/10/wKgED1ugtYGAceL8AAEOvvq9n1E74.jpeg',20),(1194,5549951,'http://sales.mafengwo.net/mfs/s14/M00/5D/4B/wKgE2lz_F8uANw6YAAzeyuVHxmM87.jpeg',21),(1195,5549951,'http://t1-q.mafengwo.net/s11/M00/65/A7/wKgBEFp9PwOAeMWSAABnGuCeMo8692.png',22),(1196,2227920,'http://t1-q.mafengwo.net/s14/M00/AE/46/wKgE2l0ArzSAeHTMABFp3nq_x48977.gif',1),(1197,2227920,'http://t1-q.mafengwo.net/s15/M00/2C/0F/CoUBGV49gP2AIBBsAAJg-VLDzzY27.jpeg',2),(1198,2227920,'http://t1-q.mafengwo.net/s15/M00/5F/BA/CoUBGV27i12AbV2JAA6kqXmuclU47.jpeg',3),(1199,2227920,'http://t1-q.mafengwo.net/s15/M00/47/B6/CoUBGV2_o3mAFgJiAAkjws_e9l401.jpeg',4),(1200,2227920,'http://t1-q.mafengwo.net/s15/M00/5F/CC/CoUBGV27i2WAd58IAAWKc6BwMHY07.jpeg',5),(1201,2227920,'http://t1-q.mafengwo.net/s15/M00/5F/E3/CoUBGV27i26Ac6IxABcxt8_sXCY41.jpeg',6),(1202,2227920,'http://t1-q.mafengwo.net/s15/M00/60/0A/CoUBGV27i36AegVFAArQqN-FhCc14.jpeg',7),(1203,2227920,'http://t1-q.mafengwo.net/s15/M00/60/37/CoUBGV27i46AA029ABoTaUI1I1044.jpeg',8),(1204,2227920,'http://t1-q.mafengwo.net/s15/M00/60/50/CoUBGV27i5iAE5xGAAoOtQvQMn071.jpeg',9),(1205,2227920,'http://t1-q.mafengwo.net/s15/M00/60/9B/CoUBGV27i7iAfawbAAqAuRDAOLA75.jpeg',10),(1206,2227920,'http://t1-q.mafengwo.net/s15/M00/60/AD/CoUBGV27i8GALSsGABhoefGNMTo21.jpeg',11),(1207,2227920,'http://t1-q.mafengwo.net/s15/M00/60/F1/CoUBGV27i9uAIo2yABN0wr3bc5c15.jpeg',12),(1208,2227920,'http://t1-q.mafengwo.net/s15/M00/61/11/CoUBGV27i-eAffyCAA__BpmxzSM64.jpeg',13),(1209,2227920,'http://t1-q.mafengwo.net/s15/M00/61/26/CoUBGV27i_KAVYcGABMu_noA1YU10.jpeg',14),(1210,2227920,'http://sales.mafengwo.net/mfs/s14/M00/B4/2F/wKgE2l13aMKAGerCAB5edNbHgY8603.gif',15),(1211,2227920,'http://sales.mafengwo.net/mfs/s15/M00/62/D1/CoUBGV27jKOAfzihAAd21H12yz825.jpeg',16),(1212,2227920,'http://sales.mafengwo.net/mfs/s15/M00/63/00/CoUBGV27jLOASRseAAn1CIiVF1E81.jpeg',17),(1213,2227920,'http://sales.mafengwo.net/mfs/s15/M00/63/10/CoUBGV27jLmARbwdAAakdfHRx9o24.jpeg',18),(1214,2227920,'http://sales.mafengwo.net/mfs/s15/M00/63/20/CoUBGV27jL-Aed5fAAUygr7TdoI06.jpeg',19),(1215,2227920,'http://sales.mafengwo.net/mfs/s14/M00/B5/ED/wKgE2l0_v76AVArkAAB3g4kg67E90.jpeg',20),(1216,2227920,'http://sales.mafengwo.net/mfs/s14/M00/25/C4/wKgE2l0_5HSAKVtRAADDHGNDO1w18.jpeg',21),(1217,2227920,'http://sales.mafengwo.net/mfs/s14/M00/26/12/wKgE2l0_5I2AXo3TAAFYjn_bd3Y04.jpeg',22),(1218,2227920,'http://sales.mafengwo.net/mfs/s14/M00/26/6B/wKgE2l0_5KuADds_AAHC9BNerHg79.jpeg',23),(1219,2227920,'http://sales.mafengwo.net/mfs/s14/M00/26/AE/wKgE2l0_5L6AKQgJAAHrcSk8Lfw28.jpeg',24),(1220,2227920,'http://t1-q.mafengwo.net/s11/M00/65/A7/wKgBEFp9PwOAeMWSAABnGuCeMo8692.png',25),(1221,2252777,'http://t1-q.mafengwo.net/s14/M00/AE/46/wKgE2l0ArzSAeHTMABFp3nq_x48977.gif',1),(1222,2252777,'http://t1-q.mafengwo.net/s15/M00/2C/0F/CoUBGV49gP2AIBBsAAJg-VLDzzY27.jpeg',2),(1223,2252777,'http://t1-q.mafengwo.net/s16/M00/42/E2/CoUBUl6qnzmAIo10AAse7nAB8eQ32.jpeg',3),(1224,2252777,'http://t1-q.mafengwo.net/s13/M00/EA/24/wKgEaVyz4BeAASm-AAtey_DTS_w79.jpeg',4),(1225,2252777,'http://b1-q.mafengwo.net/s13/M00/EA/28/wKgEaVyz4BqACwJ9AAkE_sXDd4Q38.jpeg',5),(1226,2252777,'http://t1-q.mafengwo.net/s13/M00/EA/2C/wKgEaVyz4B-AZvnXAAsoDuuiNbU59.jpeg',6),(1227,2252777,'http://t1-q.mafengwo.net/s13/M00/EA/2F/wKgEaVyz4CGAD982AAwUIzBDA8U15.jpeg',7),(1228,2252777,'http://t1-q.mafengwo.net/s13/M00/EA/34/wKgEaVyz4CWANTpMAA5cx6Rw4R826.jpeg',8),(1229,2252777,'http://t1-q.mafengwo.net/s13/M00/EA/37/wKgEaVyz4CiAKmqqAAbQV4M74lc28.jpeg',9),(1230,2252777,'http://t1-q.mafengwo.net/s13/M00/EA/3B/wKgEaVyz4CyABKJgAAYFeasvWkg60.jpeg',10),(1231,2252777,'http://t1-q.mafengwo.net/s13/M00/EA/41/wKgEaVyz4DCAEC5SAAiei7WdZMM60.jpeg',11),(1232,2252777,'http://t1-q.mafengwo.net/s16/M00/67/E6/CoUBUl6-LjGAZqVTAA8kKNCxPyo39.jpeg',12),(1233,2252777,'http://t1-q.mafengwo.net/s13/M00/EA/4C/wKgEaVyz4DiAQyLZAAnpRXflnJY89.jpeg',13),(1234,2252777,'http://t1-q.mafengwo.net/s14/M00/9C/ED/wKgE2l0AqIaAA6BVAB2EdTEhVLA496.gif',14),(1235,2252777,'http://t1-q.mafengwo.net/s14/M00/B5/ED/wKgE2l0_v76AVArkAAB3g4kg67E90.jpeg',15),(1236,2252777,'http://t1-q.mafengwo.net/s14/M00/2D/87/wKgE2l0_5umAKdc5AADmqLATxQ028.jpeg',16),(1237,2252777,'http://t1-q.mafengwo.net/s14/M00/25/C4/wKgE2l0_5HSAKVtRAADDHGNDO1w18.jpeg',17),(1238,2252777,'http://t1-q.mafengwo.net/s14/M00/26/6B/wKgE2l0_5KuADds_AAHC9BNerHg79.jpeg',18),(1239,2252777,'http://t1-q.mafengwo.net/s14/M00/26/AE/wKgE2l0_5L6AKQgJAAHrcSk8Lfw28.jpeg',19),(1240,2252777,'http://sales.mafengwo.net/mfs/s13/M00/7E/3D/wKgEaVyz_4aAY2DDAAIwvAzPYYI53.jpeg',20),(1241,2252777,'http://sales.mafengwo.net/mfs/s13/M00/7E/56/wKgEaVyz_4qAeassAAOgpRXtls872.jpeg',21),(1242,2252777,'http://sales.mafengwo.net/mfs/s13/M00/7E/82/wKgEaVyz_5CAFwRrAAEiYbLhTW062.jpeg',22),(1243,2252777,'http://sales.mafengwo.net/mfs/s13/M00/7E/AC/wKgEaVyz_5eAUsLQAAK5A-h8XAw82.jpeg',23),(1244,2252777,'http://sales.mafengwo.net/mfs/s13/M00/7F/05/wKgEaVyz_6WAH6uKAA2Vc5bdUmU02.jpeg',24),(1245,2252777,'http://sales.mafengwo.net/mfs/s12/M00/78/81/wKgED1wjLe2AFkRJAI26yGKlljU173.gif',25),(1246,2252777,'http://sales.mafengwo.net/mfs/s12/M00/AE/AA/wKgED1w0RoaAAaF4AALJSNbAO9g55.jpeg',26),(1247,2252777,'http://t1-q.mafengwo.net/s11/M00/65/A7/wKgBEFp9PwOAeMWSAABnGuCeMo8692.png',27),(1248,5727351,'http://t1-q.mafengwo.net/s14/M00/4A/AB/wKgE2l1BTl6APi4YAB9-mBzEPj056.jpeg',1),(1249,5727351,'http://t1-q.mafengwo.net/s14/M00/4A/E5/wKgE2l1BTm2AUHWuABOoZEfjbcM37.jpeg',2),(1250,5727351,'http://t1-q.mafengwo.net/s11/M00/65/A7/wKgBEFp9PwOAeMWSAABnGuCeMo8692.png',3),(1251,2199990,'http://t1-q.mafengwo.net/s11/M00/F1/EE/wKgBEFtizdKABModAAYgVgXfxKw37.jpeg',1),(1252,2199990,'http://t1-q.mafengwo.net/s11/M00/F1/FE/wKgBEFtizdyAVZwLAAN1iOe2nDc86.jpeg',2),(1253,2199990,'http://t1-q.mafengwo.net/s11/M00/F2/23/wKgBEFtize2AMyldAA3Mq_GpWys22.jpeg',3),(1254,2199990,'http://t1-q.mafengwo.net/s11/M00/F2/32/wKgBEFtizfWAN8i8AA77ELUVHIY77.jpeg',4),(1255,2199990,'http://t1-q.mafengwo.net/s1/M00/CD/9E/wKgIC1zrrwaABALCAA7PYNy5evo64.jpeg',5),(1256,2199990,'http://t1-q.mafengwo.net/s1/M00/CD/AA/wKgIC1zrrwmAJXAUAA9RmU2a2h453.jpeg',6),(1257,2199990,'http://t1-q.mafengwo.net/s1/M00/CD/B6/wKgIC1zrrwyAYq6KAA9mAwVOEgQ33.jpeg',7),(1258,2199990,'http://t1-q.mafengwo.net/s1/M00/CD/BD/wKgIC1zrrw-Ad_aKAAuoDVUkxlQ20.jpeg',8),(1259,2199990,'http://t1-q.mafengwo.net/s1/M00/CD/C6/wKgIC1zrrxKAaAq9AAjl6mmMIJQ92.jpeg',9),(1260,2199990,'http://t1-q.mafengwo.net/s13/M00/41/35/wKgEaVzru3uAEL4TAAKkpnwZMDM279.png',10),(1261,2199990,'http://t1-q.mafengwo.net/s13/M00/41/3D/wKgEaVzru36AJj9LAAt8cUmqwa0837.png',11),(1262,2199990,'http://t1-q.mafengwo.net/s13/M00/41/80/wKgEaVzru-mAYa8_AB7UpbtZ7t8566.png',12),(1263,2199990,'http://t1-q.mafengwo.net/s10/M00/54/CC/wKgBZ1nJy3-AcRW4AAGkCRf_oTY32.jpeg',13),(1264,2199990,'http://t1-q.mafengwo.net/s10/M00/58/AE/wKgBZ1nJzU2AEPT8AAJLkpvvdK837.jpeg',14),(1265,2199990,'http://t1-q.mafengwo.net/s10/M00/58/DE/wKgBZ1nJzWKAaBRhAAQWhmy_0mY31.jpeg',15),(1266,2199990,'http://t1-q.mafengwo.net/s10/M00/58/E2/wKgBZ1nJzWSAEOUsAAJe_csRE6w92.jpeg',16),(1267,2199990,'http://t1-q.mafengwo.net/s10/M00/58/E8/wKgBZ1nJzWaAR6RGAAKQeBcA_PE75.jpeg',17),(1268,2199990,'http://t1-q.mafengwo.net/s10/M00/58/ED/wKgBZ1nJzWeAXcdjAAOmcnKTeXQ57.jpeg',18),(1269,2199990,'http://t1-q.mafengwo.net/s14/M00/27/C5/wKgE2l1HlbmAEc6SABOK2NXk2zk610.png',19),(1270,2199990,'http://t1-q.mafengwo.net/s11/M00/65/A7/wKgBEFp9PwOAeMWSAABnGuCeMo8692.png',20),(1271,7637025,'http://sales.mafengwo.net/mfs/s15/M00/D0/B6/CoUBGV3uA1CAN56rAAcPEGQO9Ys69.jpeg',1),(1272,7637025,'http://sales.mafengwo.net/mfs/s15/M00/D0/BA/CoUBGV3uA1CADIf6AAXEzwkrZPw45.jpeg',2),(1273,7637025,'http://sales.mafengwo.net/mfs/s15/M00/D0/BA/CoUBGV3uA1CAN1FaAAk7lTDutjQ75.jpeg',3),(1274,7637025,'http://sales.mafengwo.net/mfs/s15/M00/D0/B7/CoUBGV3uA1CAQHiqAAXXMs-vvfM24.jpeg',4),(1275,7637025,'http://sales.mafengwo.net/mfs/s15/M00/D0/BB/CoUBGV3uA1CAAl1DAAdauduT9Fw22.jpeg',5),(1276,7637025,'http://sales.mafengwo.net/mfs/s15/M00/D0/B7/CoUBGV3uA1CABC3qAA1YD1WJsiU79.jpeg',6),(1277,7637025,'http://sales.mafengwo.net/mfs/s15/M00/D0/B5/CoUBGV3uA1CAALSjAAQTTM7mCTc37.jpeg',7),(1278,7637025,'http://sales.mafengwo.net/mfs/s15/M00/5E/78/CoUBGV4kJ0OANK0-AAJpHQSYFYw33.jpeg',8),(1279,7637025,'http://sales.mafengwo.net/mfs/s15/M00/77/51/CoUBGV3KWPyAHJ3IAABDkHfFyzw49.jpeg',9),(1280,7637025,'http://sales.mafengwo.net/mfs/s15/M00/77/58/CoUBGV3KWP6APPFkAAVzYbLuasY36.jpeg',10),(1281,7637025,'http://sales.mafengwo.net/mfs/s15/M00/B9/07/CoUBGV22oBmAZidoAACxVzs74ig11.jpeg',11),(1282,7637025,'http://sales.mafengwo.net/mfs/s15/M00/77/54/CoUBGV3KWP2AV8GTAAIcW_qTMKc16.jpeg',12),(1283,7637025,'http://sales.mafengwo.net/mfs/s15/M00/B9/06/CoUBGV22oBiAUY_XAACN_cXzviI38.jpeg',13),(1284,7637025,'http://sales.mafengwo.net/mfs/s15/M00/77/65/CoUBGV3KWQOAQdGiAGV0wa7qf9409.jpeg',14),(1285,7637025,'http://t1-q.mafengwo.net/s11/M00/65/A7/wKgBEFp9PwOAeMWSAABnGuCeMo8692.png',15),(1286,2434419,'http://t1-q.mafengwo.net/s14/M00/F6/5E/wKgE2l1mSC6AOO8NAAe3hosAfF8630.gif',1),(1287,2434419,'http://t1-q.mafengwo.net/s15/M00/8E/83/CoUBGV3SLrSAOlngAAaswQTuYZs51.jpeg',2),(1288,2434419,'http://t1-q.mafengwo.net/s15/M00/8E/94/CoUBGV3SLruAV_pwAA7wgpTbgZ831.jpeg',3),(1289,2434419,'http://t1-q.mafengwo.net/s15/M00/A1/08/CoUBGV3l0E2AOZM5AAk0AaElurQ00.jpeg',4),(1290,2434419,'http://b1-q.mafengwo.net/s15/M00/8E/AC/CoUBGV3SLsiAV5cuAAaCU_2NfUE48.jpeg',5),(1291,2434419,'http://t1-q.mafengwo.net/s15/M00/8E/BA/CoUBGV3SLtKAfIv6AAbGf7p25YQ04.jpeg',6),(1292,2434419,'http://t1-q.mafengwo.net/s14/M00/EF/E3/wKgE2l1mRh2AbazbAAP4OFQBFek088.gif',7),(1293,2434419,'http://t1-q.mafengwo.net/s15/M00/8E/F6/CoUBGV3SLu2AL3RPAAmoRPALvvI02.jpeg',8),(1294,2434419,'http://t1-q.mafengwo.net/s15/M00/8F/07/CoUBGV3SLvSATk0LAAfh2DvrlJU12.jpeg',9),(1295,2434419,'http://t1-q.mafengwo.net/s15/M00/8F/18/CoUBGV3SLvqAMd6kAAkPm1P9rXs72.jpeg',10),(1296,2434419,'http://t1-q.mafengwo.net/s15/M00/8F/23/CoUBGV3SLv-AQVRWAAZEoIW-5MM44.jpeg',11),(1297,2434419,'http://t1-q.mafengwo.net/s15/M00/8F/26/CoUBGV3SLwKAORY7AATjWUw47rg48.jpeg',12),(1298,2434419,'http://t1-q.mafengwo.net/s15/M00/8F/2A/CoUBGV3SLwWAXH8iAAaInstX8Fo65.jpeg',13),(1299,2434419,'http://t1-q.mafengwo.net/s14/M00/F7/4B/wKgE2l1mSHmAaSmzAAQOi1cBm9g713.gif',14),(1300,2434419,'http://t1-q.mafengwo.net/s15/M00/8F/66/CoUBGV3SLx-AMrDWAAWK0eJhzeQ70.jpeg',15),(1301,2434419,'http://t1-q.mafengwo.net/s15/M00/8F/82/CoUBGV3SLyuAVfBDAAgoex67SRw10.jpeg',16),(1302,2434419,'http://t1-q.mafengwo.net/s15/M00/8F/89/CoUBGV3SLy6AGAXMAAXU25B0vQU29.jpeg',17),(1303,2434419,'http://t1-q.mafengwo.net/s15/M00/7A/A4/CoUBGV2gO6GAF6opAAO5AtVhE9I79.jpeg',18),(1304,2434419,'http://t1-q.mafengwo.net/s14/M00/F6/E8/wKgE2l1mSFyADIQPAArAb2VaDKc307.gif',19),(1305,2434419,'http://t1-q.mafengwo.net/s14/M00/14/FC/wKgE2l1CoAWACO8UABz7tat6j8w88.jpeg',20),(1306,2434419,'http://t1-q.mafengwo.net/s14/M00/D1/D8/wKgE2l1I5_KABmUKAAXhloCsAZo21.jpeg',21),(1307,2434419,'http://t1-q.mafengwo.net/s14/M00/FA/1B/wKgE2l1ogE2AHyvNAAXQWbup5bk39.jpeg',22),(1308,2434419,'http://t1-q.mafengwo.net/s14/M00/4A/85/wKgE2l2EK36AT69SAAe5r92_exo79.jpeg',23),(1309,2434419,'http://t1-q.mafengwo.net/s12/M00/93/8F/wKgED1vz1EGAdytWAA7creGIa1M38.jpeg',24),(1310,2434419,'http://t1-q.mafengwo.net/s12/M00/DD/B8/wKgED1vSq26AM4oIAAEUpxH518A41.jpeg',25),(1311,2434419,'http://t1-q.mafengwo.net/s14/M00/BF/85/wKgE2l0u4D-AQ7TKAAQdBQbTJzg60.jpeg',26),(1312,2434419,'http://t1-q.mafengwo.net/s14/M00/66/47/wKgE2l0lfheAQCaoAAQfZH5Ekg007.jpeg',27),(1313,2434419,'http://t1-q.mafengwo.net/s11/M00/65/A7/wKgBEFp9PwOAeMWSAABnGuCeMo8692.png',28),(1314,7422849,'http://t1-q.mafengwo.net/s15/M00/80/99/CoUBGV3TqM2AE0lUAAKWk7oMoe839.jpeg',1),(1315,7422849,'http://t1-q.mafengwo.net/s15/M00/33/1A/CoUBGV3UrlCALQBWAAKKiZbCRTA31.jpeg',2),(1316,7422849,'http://t1-q.mafengwo.net/s15/M00/80/9A/CoUBGV3TqM2AGXZxAAKisXfI3Zc54.jpeg',3),(1317,7422849,'http://t1-q.mafengwo.net/s15/M00/33/1A/CoUBGV3UrlCAWAKbAALEdAh5qTI28.jpeg',4),(1318,7422849,'http://t1-q.mafengwo.net/s15/M00/80/9B/CoUBGV3TqM2APYEgAAVR2cqx5_853.jpeg',5),(1319,7422849,'http://t1-q.mafengwo.net/s15/M00/80/9B/CoUBGV3TqM2AStzoAAYwFO7XsrE40.jpeg',6),(1320,7422849,'http://t1-q.mafengwo.net/s15/M00/80/9A/CoUBGV3TqM2AK5OAAAONsXlCQj834.jpeg',7),(1321,7422849,'http://t1-q.mafengwo.net/s15/M00/80/99/CoUBGV3TqM2AU20RAALN4bv54o018.jpeg',8),(1322,7422849,'http://t1-q.mafengwo.net/s15/M00/80/9A/CoUBGV3TqM2AGzWWAANkkHUVPEE13.jpeg',9),(1323,7422849,'http://t1-q.mafengwo.net/s15/M00/80/9B/CoUBGV3TqM2AGYqeAASgC1KjCnk56.jpeg',10),(1324,7422849,'http://t1-q.mafengwo.net/s15/M00/E2/CA/CoUBGV3KEQSAMglOAAKe0U2GJPs88.jpeg',11),(1325,7422849,'http://t1-q.mafengwo.net/s15/M00/33/1A/CoUBGV3UrlCAE8huAABE16Qx60c72.jpeg',12),(1326,7422849,'http://t1-q.mafengwo.net/s11/M00/65/A7/wKgBEFp9PwOAeMWSAABnGuCeMo8692.png',13),(1327,2706819,'http://t1-q.mafengwo.net/s14/M00/AE/46/wKgE2l0ArzSAeHTMABFp3nq_x48977.gif',1),(1328,2706819,'http://t1-q.mafengwo.net/s15/M00/2C/0F/CoUBGV49gP2AIBBsAAJg-VLDzzY27.jpeg',2),(1329,2706819,'http://t1-q.mafengwo.net/s15/M00/3D/16/CoUBGV3LmWGASEHyAANbYb6W75049.jpeg',3),(1330,2706819,'http://t1-q.mafengwo.net/s15/M00/3D/1D/CoUBGV3LmWOAK2WXAAR4qdAMNbg42.jpeg',4),(1331,2706819,'http://t1-q.mafengwo.net/s15/M00/3D/21/CoUBGV3LmWWABdneAAU_1TTVGHY57.jpeg',5),(1332,2706819,'http://t1-q.mafengwo.net/s14/M00/26/CE/wKgE2l1CpfuAbMtLAAogYoa2x1s55.jpeg',6),(1333,2706819,'http://b1-q.mafengwo.net/s15/M00/3D/28/CoUBGV3LmWiAVOZQAAhk19gaITs74.jpeg',7),(1334,2706819,'http://t1-q.mafengwo.net/s15/M00/3D/28/CoUBGV3LmWiAfpTOAAhJ2Q_DxFM98.jpeg',8),(1335,2706819,'http://t1-q.mafengwo.net/s15/M00/3D/2A/CoUBGV3LmWmAGhD_AAkVG21yIQo52.jpeg',9),(1336,2706819,'http://t1-q.mafengwo.net/s15/M00/08/8C/CoUBGV355I2Ablq6AAZ-dqFGTFA01.jpeg',10),(1337,2706819,'http://t1-q.mafengwo.net/s15/M00/3D/25/CoUBGV3LmWeAP-6xAAZ7l8gFirI42.jpeg',11),(1338,2706819,'http://t1-q.mafengwo.net/s15/M00/3D/23/CoUBGV3LmWaAGskPAAYz4b4GLrE94.jpeg',12),(1339,2706819,'http://t1-q.mafengwo.net/s14/M00/3C/A3/wKgE2l1CrQuAPalhAAbZ3sE1umM59.jpeg',13),(1340,2706819,'http://t1-q.mafengwo.net/s14/M00/3C/C1/wKgE2l1CrRSAOKeyAAZlOlXR4Fo56.jpeg',14),(1341,2706819,'http://t1-q.mafengwo.net/s15/M00/3D/29/CoUBGV3LmWmAYt-HAAjEuTXdl-837.jpeg',15),(1342,2706819,'http://t1-q.mafengwo.net/s15/M00/3D/2D/CoUBGV3LmWqAGTZFAA0e1Aco5pA77.jpeg',16),(1343,2706819,'http://t1-q.mafengwo.net/s15/M00/3D/23/CoUBGV3LmWaAQ7hrAAXJV2-E7Fs34.jpeg',17),(1344,2706819,'http://b1-q.mafengwo.net/s15/M00/3D/28/CoUBGV3LmWiANOXxAAibqsKKZ1s01.jpeg',18),(1345,2706819,'http://t1-q.mafengwo.net/s15/M00/EE/9C/CoUBGV4Bt3KAUdvrAApVOmvbHqI85.jpeg',19),(1346,2706819,'http://t1-q.mafengwo.net/s13/M00/A8/EA/wKgEaVx0qMKAcQAWAAH9I-N7fOo021.png',20),(1347,2706819,'http://t1-q.mafengwo.net/s13/M00/B0/E9/wKgEaVx0rVuAIUz-AAB3J-ObYCY395.png',21),(1348,2706819,'http://t1-q.mafengwo.net/s13/M00/A9/5D/wKgEaVx0qRWAGLuoAABq7Rgbf7k695.png',22),(1349,2706819,'http://t1-q.mafengwo.net/s13/M00/A9/BE/wKgEaVx0qVqAai--AAB4pz8oHX0648.png',23),(1350,2706819,'http://b1-q.mafengwo.net/s13/M00/AC/18/wKgEaVx0qtuAUyZAAABx1t8b1HY931.png',24),(1351,2706819,'http://t1-q.mafengwo.net/s13/M00/B2/E0/wKgEaVx0roWANJmDAACiMdL-s4E103.png',25),(1352,2706819,'http://t1-q.mafengwo.net/s13/M00/AC/9D/wKgEaVx0qy2AZuL2AABvlsPA9E4208.png',26),(1353,2706819,'http://sales.mafengwo.net/mfs/s14/M00/9C/ED/wKgE2l0AqIaAA6BVAB2EdTEhVLA496.gif',27),(1354,2706819,'http://sales.mafengwo.net/mfs/s14/M00/D2/3C/wKgE2l1vhNuAT1xCAAXn2aks1IM03.jpeg',28),(1355,2706819,'http://sales.mafengwo.net/mfs/s15/M00/19/3D/CoUBGV3Lg9KAa8sIAAIp_2lWCVs85.jpeg',29),(1356,2706819,'http://sales.mafengwo.net/mfs/s15/M00/19/42/CoUBGV3Lg9SAf46nAAuzx4y2I4I60.jpeg',30),(1357,2706819,'http://sales.mafengwo.net/mfs/s15/M00/19/3B/CoUBGV3Lg9GAQk69AAGktanxs2A71.jpeg',31),(1358,2706819,'http://sales.mafengwo.net/mfs/s15/M00/19/3E/CoUBGV3Lg9KAMzDOAAJxzY1p23o14.jpeg',32),(1359,2706819,'http://sales.mafengwo.net/mfs/s15/M00/19/3F/CoUBGV3Lg9KAdtVRAANinyTEoXg84.jpeg',33),(1360,2706819,'http://sales.mafengwo.net/mfs/s14/M00/0F/E4/wKgE2l0_3YaATNb1ABRtN7e0xRo76.jpeg',34),(1361,2706819,'http://sales.mafengwo.net/mfs/s14/M00/0D/2F/wKgE2l0_3ImARw5dAAOvaM7hfa842.jpeg',35),(1362,2706819,'http://t1-q.mafengwo.net/s11/M00/65/A7/wKgBEFp9PwOAeMWSAABnGuCeMo8692.png',36),(1363,2414143,'http://sales.mafengwo.net/mfs/s14/M00/F6/5E/wKgE2l1mSC6AOO8NAAe3hosAfF8630.gif',1),(1364,2414143,'http://sales.mafengwo.net/mfs/s15/M00/AF/98/CoUBGV3TvPSAIVb2AAiBoangLsg75.jpeg',2),(1365,2414143,'http://sales.mafengwo.net/mfs/s15/M00/AF/AA/CoUBGV3TvP-AD-SgAAjZwy4Ar6444.jpeg',3),(1366,2414143,'http://sales.mafengwo.net/mfs/s15/M00/AF/B1/CoUBGV3TvQSARUx1AAmYpZPvLxI16.jpeg',4),(1367,2414143,'http://sales.mafengwo.net/mfs/s15/M00/AF/EA/CoUBGV3TvSGAVTtmAAt8PlYUc_w08.jpeg',5),(1368,2414143,'http://sales.mafengwo.net/mfs/s15/M00/B0/05/CoUBGV3TvS-ATF9lAArJu773oJ407.jpeg',6),(1369,2414143,'http://sales.mafengwo.net/mfs/s15/M00/B0/16/CoUBGV3TvTeALhLFAA2kHhrPhxo06.jpeg',7),(1370,2414143,'http://sales.mafengwo.net/mfs/s15/M00/B0/30/CoUBGV3TvT-AOn0vAAsQc6Gw8Z464.jpeg',8),(1371,2414143,'http://sales.mafengwo.net/mfs/s15/M00/B0/3F/CoUBGV3TvUmAOwQhAActLWV0WD850.jpeg',9),(1372,2414143,'http://sales.mafengwo.net/mfs/s14/M00/EF/E3/wKgE2l1mRh2AbazbAAP4OFQBFek088.gif',10),(1373,2414143,'http://sales.mafengwo.net/mfs/s15/M00/B0/6D/CoUBGV3TvWmAU7CkAArtCW1bUiw26.jpeg',11),(1374,2414143,'http://sales.mafengwo.net/mfs/s15/M00/B0/8F/CoUBGV3TvYKARJBtAAsNxw5nAys89.jpeg',12),(1375,2414143,'http://sales.mafengwo.net/mfs/s15/M00/B0/9A/CoUBGV3TvYaAXjKbAAhFPqZzdgg91.jpeg',13),(1376,2414143,'http://sales.mafengwo.net/mfs/s15/M00/B0/A2/CoUBGV3TvYuAQx5UAAiheszmoOI32.jpeg',14),(1377,2414143,'http://sales.mafengwo.net/mfs/s15/M00/B0/A6/CoUBGV3TvY6AXqlHAArkphILW0Y89.jpeg',15),(1378,2414143,'http://sales.mafengwo.net/mfs/s15/M00/B0/A9/CoUBGV3TvZGAahtEAApF61pY99068.jpeg',16),(1379,2414143,'http://sales.mafengwo.net/mfs/s14/M00/F7/4B/wKgE2l1mSHmAaSmzAAQOi1cBm9g713.gif',17),(1380,2414143,'http://sales.mafengwo.net/mfs/s15/M00/B0/BF/CoUBGV3TvZ-AaKyNAAUU5SNzkkY19.jpeg',18),(1381,2414143,'http://sales.mafengwo.net/mfs/s15/M00/B0/C4/CoUBGV3TvaWAHGlgAAsIZmD2Fww56.jpeg',19),(1382,2414143,'http://sales.mafengwo.net/mfs/s15/M00/7A/A4/CoUBGV2gO6GAF6opAAO5AtVhE9I79.jpeg',20),(1383,2414143,'http://sales.mafengwo.net/mfs/s14/M00/F6/E8/wKgE2l1mSFyADIQPAArAb2VaDKc307.gif',21),(1384,2414143,'http://sales.mafengwo.net/mfs/s14/M00/65/9D/wKgE2l0lfdqAKWkYAAUi6fern4076.jpeg',22),(1385,2414143,'http://sales.mafengwo.net/mfs/s14/M00/66/47/wKgE2l0lfheAQCaoAAQfZH5Ekg007.jpeg',23),(1386,2414143,'http://sales.mafengwo.net/mfs/s14/M00/14/FC/wKgE2l1CoAWACO8UABz7tat6j8w88.jpeg',24),(1387,2414143,'http://sales.mafengwo.net/mfs/s14/M00/D1/D8/wKgE2l1I5_KABmUKAAXhloCsAZo21.jpeg',25),(1388,2414143,'http://sales.mafengwo.net/mfs/s14/M00/FA/1B/wKgE2l1ogE2AHyvNAAXQWbup5bk39.jpeg',26),(1389,2414143,'http://sales.mafengwo.net/mfs/s12/M00/20/22/wKgED12C3HiAGA5jACVbBe50_So93.jpeg',27),(1390,2414143,'http://sales.mafengwo.net/mfs/s12/M00/93/8F/wKgED1vz1EGAdytWAA7creGIa1M38.jpeg',28),(1391,2414143,'http://sales.mafengwo.net/mfs/s11/M00/A5/8D/wKgBEFs9uvOADM6vAAD-_WN5z9A71.jpeg',29),(1392,2414143,'http://t1-q.mafengwo.net/s11/M00/65/A7/wKgBEFp9PwOAeMWSAABnGuCeMo8692.png',30),(1393,5499261,'http://sales.mafengwo.net/mfs/s13/M00/91/66/wKgEaVy1iqWAG7p3AAlK53tW6Fs26.jpeg',1),(1394,5499261,'http://sales.mafengwo.net/mfs/s13/M00/77/DB/wKgEaVy20ACAbKTaAA54jv1S1R896.jpeg',2),(1395,5499261,'http://sales.mafengwo.net/mfs/s13/M00/91/D8/wKgEaVy1iraAE3ugAAqWPVccNjE82.jpeg',3),(1396,5499261,'http://sales.mafengwo.net/mfs/s13/M00/91/EA/wKgEaVy1irmAVldbAAkd1XYv6DA36.jpeg',4),(1397,5499261,'http://sales.mafengwo.net/mfs/s13/M00/92/1B/wKgEaVy1isGAbddWAAi-AIOLe3o67.jpeg',5),(1398,5499261,'http://sales.mafengwo.net/mfs/s13/M00/78/36/wKgEaVy20BaAcJUAAAgL_9ZtTLs60.jpeg',6),(1399,5499261,'http://sales.mafengwo.net/mfs/s13/M00/93/CF/wKgEaVy1iwOAE1MwAAahpCSBMY058.jpeg',7),(1400,5499261,'http://sales.mafengwo.net/mfs/s13/M00/AE/3A/wKgEaVy1j1WAJXv9AATnF0hGvDI98.jpeg',8),(1401,5499261,'http://sales.mafengwo.net/mfs/s13/M00/94/05/wKgEaVy1iw2AdXrMAAwyEAxsrYc29.jpeg',9),(1402,5499261,'http://sales.mafengwo.net/mfs/s13/M00/94/29/wKgEaVy1ixOAILyzAA9rsjKvIyA83.jpeg',10),(1403,5499261,'http://sales.mafengwo.net/mfs/s14/M00/27/C5/wKgE2l1HlbmAEc6SABOK2NXk2zk610.png',11),(1404,5499261,'http://t1-q.mafengwo.net/s11/M00/65/A7/wKgBEFp9PwOAeMWSAABnGuCeMo8692.png',12),(1405,2638051,'http://t1-q.mafengwo.net/s14/M00/F6/5E/wKgE2l1mSC6AOO8NAAe3hosAfF8630.gif',1),(1406,2638051,'http://t1-q.mafengwo.net/s14/M00/54/A2/wKgE2l2EOOSAMICdAAZ65LBZ9S827.jpeg',2),(1407,2638051,'http://t1-q.mafengwo.net/s14/M00/54/D5/wKgE2l2EOPeAKvv7AAfSwXYThOA29.jpeg',3),(1408,2638051,'http://t1-q.mafengwo.net/s15/M00/B2/A8/CoUBGV26pdiARLkbAAQU_jEGWps59.jpeg',4),(1409,2638051,'http://t1-q.mafengwo.net/s15/M00/B2/CA/CoUBGV26peCAafzwAAggsKtTOFI44.jpeg',5),(1410,2638051,'http://t1-q.mafengwo.net/s13/M00/66/7D/wKgEaV2EOSCAaaEUAAbGvhtG2nc80.jpeg',6),(1411,2638051,'http://t1-q.mafengwo.net/s10/M00/36/91/wKgBZ12EOSiAakcYAAwMXk8dgLI52.jpeg',7),(1412,2638051,'http://t1-q.mafengwo.net/s15/M00/16/0A/CoUBGV3kiACAJYHeAAwjGHcCiDY35.jpeg',8),(1413,2638051,'http://t1-q.mafengwo.net/s14/M00/EF/E3/wKgE2l1mRh2AbazbAAP4OFQBFek088.gif',9),(1414,2638051,'http://t1-q.mafengwo.net/s9/M00/66/F9/wKgBs12EOViAS85mAApFWfIUDLM94.jpeg',10),(1415,2638051,'http://t1-q.mafengwo.net/s15/M00/16/3D/CoUBGV3kiBOAM0N7AAiIDczTyXY31.jpeg',11),(1416,2638051,'http://t1-q.mafengwo.net/s10/M00/36/E3/wKgBZ12EOXiAWZTIAAvjA2IhzD095.jpeg',12),(1417,2638051,'http://t1-q.mafengwo.net/s10/M00/36/F3/wKgBZ12EOX6AZYZaAA7IMxrXwoA60.jpeg',13),(1418,2638051,'http://t1-q.mafengwo.net/s10/M00/37/35/wKgBZ12EOaCAK5oWAAntm8zuXS802.jpeg',14),(1419,2638051,'http://t1-q.mafengwo.net/s9/M00/67/63/wKgBs12EOaaAJ8IrAAUMW8c7d7870.jpeg',15),(1420,2638051,'http://t1-q.mafengwo.net/s15/M00/18/26/CoUBGV3KJyOAOpBaAArHq4pubck74.jpeg',16),(1421,2638051,'http://t1-q.mafengwo.net/s14/M00/F7/4B/wKgE2l1mSHmAaSmzAAQOi1cBm9g713.gif',17),(1422,2638051,'http://t1-q.mafengwo.net/s12/M00/CD/8C/wKgED12EObyAVyG7AAlp2axyY-Y06.jpeg',18),(1423,2638051,'http://b1-q.mafengwo.net/s13/M00/66/D0/wKgEaV2EOd6AYOgPAAqjEwNHzmc66.jpeg',19),(1424,2638051,'http://t1-q.mafengwo.net/s15/M00/16/94/CoUBGV3kiDWAF1rGAAhIPhWdGOk47.jpeg',20),(1425,2638051,'http://t1-q.mafengwo.net/s15/M00/7A/A4/CoUBGV2gO6GAF6opAAO5AtVhE9I79.jpeg',21),(1426,2638051,'http://t1-q.mafengwo.net/s14/M00/F6/E8/wKgE2l1mSFyADIQPAArAb2VaDKc307.gif',22),(1427,2638051,'http://t1-q.mafengwo.net/s14/M00/15/AC/wKgE2l1CoDqAZsscABwTkEt_ZF882.jpeg',23),(1428,2638051,'http://t1-q.mafengwo.net/s14/M00/D1/D8/wKgE2l1I5_KABmUKAAXhloCsAZo21.jpeg',24),(1429,2638051,'http://t1-q.mafengwo.net/s14/M00/FA/1B/wKgE2l1ogE2AHyvNAAXQWbup5bk39.jpeg',25),(1430,2638051,'http://t1-q.mafengwo.net/s14/M00/4A/85/wKgE2l2EK36AT69SAAe5r92_exo79.jpeg',26),(1431,2638051,'http://t1-q.mafengwo.net/s14/M00/BB/32/wKgE2l0u3x6ALfa2AASrjeBTk5c17.jpeg',27),(1432,2638051,'http://t1-q.mafengwo.net/s11/M00/65/A7/wKgBEFp9PwOAeMWSAABnGuCeMo8692.png',28),(1433,2777507,'http://t1-q.mafengwo.net/s13/M00/F6/83/wKgEaVyZkZiAWYKFAAkeZ09UUmU46.jpeg',1),(1434,2777507,'http://sales.mafengwo.net/mfs/s15/M00/49/E6/CoUBGV4hKQCAWdOwAAcl5xH_qPU04.jpeg',2),(1435,2777507,'http://sales.mafengwo.net/mfs/s13/M00/C3/8A/wKgEaVydlsKAYvgYAAr-CEyjuyc29.jpeg',3),(1436,2777507,'http://sales.mafengwo.net/mfs/s13/M00/C3/93/wKgEaVydlsiAFK7LAAZrMuO1DIY19.jpeg',4),(1437,2777507,'http://sales.mafengwo.net/mfs/s13/M00/C3/9A/wKgEaVydls2AcCftAAJ2qwrKWJA91.jpeg',5),(1438,2777507,'http://sales.mafengwo.net/mfs/s13/M00/C3/A3/wKgEaVydltKAbpnYAAdXIOnraDs59.jpeg',6),(1439,2777507,'http://sales.mafengwo.net/mfs/s13/M00/C3/B2/wKgEaVydltiASAIAAArJf9WwgUU63.jpeg',7),(1440,2777507,'http://sales.mafengwo.net/mfs/s13/M00/C3/D8/wKgEaVydluuAQooeAAlcRobD7kI69.jpeg',8),(1441,2777507,'http://sales.mafengwo.net/mfs/s13/M00/C3/E3/wKgEaVydlvGAPoqcAAMUMwW0lEo12.jpeg',9),(1442,2777507,'http://sales.mafengwo.net/mfs/s13/M00/C3/E9/wKgEaVydlvaAfcYsAApuYE-YhDs01.jpeg',10),(1443,2777507,'http://sales.mafengwo.net/mfs/s13/M00/C3/F0/wKgEaVydlvqAY_4yAAN5XFIFpco10.jpeg',11),(1444,2777507,'http://sales.mafengwo.net/mfs/s13/M00/C3/FA/wKgEaVydlv-AYW1gAApGkp3Du8Y03.jpeg',12),(1445,2777507,'http://sales.mafengwo.net/mfs/s13/M00/C4/02/wKgEaVydlwOABNwyAAkKP9U-Bro59.jpeg',13),(1446,2777507,'http://sales.mafengwo.net/mfs/s13/M00/C4/19/wKgEaVydlxGAVs-BAAQD6v6qEQM06.jpeg',14),(1447,2777507,'http://sales.mafengwo.net/mfs/s13/M00/C4/28/wKgEaVydlxuAM2YrAAsaIF11v3s92.jpeg',15),(1448,2777507,'http://sales.mafengwo.net/mfs/s13/M00/C4/2F/wKgEaVydlx-AFdcXAAzeIA3lu8g47.jpeg',16),(1449,2777507,'http://sales.mafengwo.net/mfs/s13/M00/C4/3A/wKgEaVydlySAUsxFAAMmOoP-EGU65.jpeg',17),(1450,2777507,'http://sales.mafengwo.net/mfs/s13/M00/C4/4E/wKgEaVydlzGAVBnEAA4yZ7-8UvQ31.jpeg',18),(1451,2777507,'http://sales.mafengwo.net/mfs/s13/M00/C4/57/wKgEaVydlzaAPE0KAARqrtxgHq054.jpeg',19),(1452,2777507,'http://sales.mafengwo.net/mfs/s13/M00/C4/60/wKgEaVydlzyAQp8OAAG1EaluxIA74.jpeg',20),(1453,2777507,'http://sales.mafengwo.net/mfs/s13/M00/C4/6A/wKgEaVydl0GAEqaVAAeQzaIXazk67.jpeg',21),(1454,2777507,'http://sales.mafengwo.net/mfs/s13/M00/C4/DA/wKgEaVydl3iAfyO9AAm0wM--6ks90.jpeg',22),(1455,2777507,'http://sales.mafengwo.net/mfs/s13/M00/C4/E4/wKgEaVydl3-ACBVWAAlaQmpUxtc07.jpeg',23),(1456,2777507,'http://sales.mafengwo.net/mfs/s12/M00/E7/ED/wKgED1wSMY6Ae9RaAATaJF6LFcs20.jpeg',24),(1457,2777507,'http://sales.mafengwo.net/mfs/s13/M00/08/97/wKgEaVzk7beAXXCOAALSLSKAFuo96.jpeg',25),(1458,2777507,'http://sales.mafengwo.net/mfs/s13/M00/08/A1/wKgEaVzk7bqAJA6DAAMffcHEuTU46.jpeg',26),(1459,2777507,'http://sales.mafengwo.net/mfs/s14/M00/9F/CF/wKgE2l1BaMyAJpwQAAROkldxQIg69.jpeg',27),(1460,2777507,'http://sales.mafengwo.net/mfs/s14/M00/A9/67/wKgE2l1BbImAXvw8AArz2eyQZaM87.jpeg',28),(1461,2777507,'http://sales.mafengwo.net/mfs/s13/M00/C4/ED/wKgEaVydl4SAE4zjAAUflDqeBJ042.jpeg',29),(1462,2777507,'http://sales.mafengwo.net/mfs/s14/M00/07/06/wKgE2l0sRfSAWuqIAABQcddG4U077.jpeg',30),(1463,2777507,'http://sales.mafengwo.net/mfs/s14/M00/07/31/wKgE2l0sRf-AJLfQAAFPglfqEUw75.jpeg',31),(1464,2777507,'http://sales.mafengwo.net/mfs/s14/M00/07/3D/wKgE2l0sRgSAXw3zAAH9LBBb4vQ86.jpeg',32),(1465,2777507,'http://sales.mafengwo.net/mfs/s14/M00/07/4E/wKgE2l0sRgmAYDhuAAEJStE3TJc23.jpeg',33),(1466,2777507,'http://t1-q.mafengwo.net/s11/M00/65/A7/wKgBEFp9PwOAeMWSAABnGuCeMo8692.png',34),(1467,2773659,'http://t1-q.mafengwo.net/s9/M00/9A/16/wKgBs12EnH6AGQVdAAmSNgVPmo411.jpeg',1),(1468,2773659,'http://t1-q.mafengwo.net/s9/M00/9A/3F/wKgBs12EnJCANrNNAA43A2CxnfA47.jpeg',2),(1469,2773659,'http://t1-q.mafengwo.net/s14/M00/90/65/wKgE2l2EnK6AZJjjACiEBBUbgvM01.jpeg',3),(1470,2773659,'http://t1-q.mafengwo.net/s14/M00/90/77/wKgE2l2EnLuALBvNACGmJlWKWa455.jpeg',4),(1471,2773659,'http://t1-q.mafengwo.net/s14/M00/90/94/wKgE2l2EnMyAcyjwAB-wyVOI2rY95.jpeg',5),(1472,2773659,'http://t1-q.mafengwo.net/s10/M00/6D/EA/wKgBZ12EnNKAHsLRABpuslSkLF010.jpeg',6),(1473,2773659,'http://t1-q.mafengwo.net/s14/M00/90/A5/wKgE2l2EnNmAdZlGACYYOtWsf8I56.jpeg',7),(1474,2773659,'http://t1-q.mafengwo.net/s14/M00/90/AB/wKgE2l2EnN2ANOE8AB0eK5Lhjoc94.jpeg',8),(1475,2773659,'http://t1-q.mafengwo.net/s14/M00/90/B6/wKgE2l2EnOKAcIhwACeva6LVuJo40.jpeg',9),(1476,2773659,'http://t1-q.mafengwo.net/s14/M00/91/05/wKgE2l2EnkSAR06aABGve48IiMo19.jpeg',10),(1477,2773659,'http://t1-q.mafengwo.net/s11/M00/69/A9/wKgBEF2EnRWAAQ8dABKjR_ZBTS874.jpeg',11),(1478,2773659,'http://b1-q.mafengwo.net/s12/M00/CB/F6/wKgED1vJn42AZBLWAAi0FrPMj9s73.jpeg',12),(1479,2773659,'http://t1-q.mafengwo.net/s13/M00/68/F6/wKgEaVyAw8KAYBz8AAKNS6EsdaI20.jpeg',13),(1480,2773659,'http://t1-q.mafengwo.net/s12/M00/87/2C/wKgED1vJgZCAcJDUAB4eHENKp9Y84.jpeg',14),(1481,2773659,'http://t1-q.mafengwo.net/s14/M00/15/AC/wKgE2l1CoDqAZsscABwTkEt_ZF882.jpeg',15),(1482,2773659,'http://t1-q.mafengwo.net/s14/M00/D1/D8/wKgE2l1I5_KABmUKAAXhloCsAZo21.jpeg',16),(1483,2773659,'http://t1-q.mafengwo.net/s14/M00/FA/1B/wKgE2l1ogE2AHyvNAAXQWbup5bk39.jpeg',17),(1484,2773659,'http://t1-q.mafengwo.net/s14/M00/4A/85/wKgE2l2EK36AT69SAAe5r92_exo79.jpeg',18),(1485,2773659,'http://t1-q.mafengwo.net/s12/M00/0D/C5/wKgED1vFpy6ACdB1AAEKXqCNxKc20.jpeg',19),(1486,2773659,'http://t1-q.mafengwo.net/s13/M00/9C/1F/wKgEaV2EnmSAI_gIAAQW2bm6g6k79.jpeg',20),(1487,2773659,'http://t1-q.mafengwo.net/s11/M00/65/A7/wKgBEFp9PwOAeMWSAABnGuCeMo8692.png',21),(1488,2419713,'http://t1-q.mafengwo.net/s16/M00/1D/3D/CoUBUl7pbCKASnN5AAPdQVCMcZE69.jpeg',1),(1489,2419713,'http://t1-q.mafengwo.net/s16/M00/1D/4B/CoUBUl7pbCyAQNreAAVRgTRzZaQ67.jpeg',2),(1490,2419713,'http://t1-q.mafengwo.net/s16/M00/1D/51/CoUBUl7pbDCARKFqAAVJ3h4Z1K895.jpeg',3),(1491,2419713,'http://t1-q.mafengwo.net/s16/M00/1D/54/CoUBUl7pbDOAVi-eAARrDscUdw428.jpeg',4),(1492,2419713,'http://t1-q.mafengwo.net/s16/M00/1D/5E/CoUBUl7pbDmAWXVwAAX8tjUSo0o80.jpeg',5),(1493,2419713,'http://t1-q.mafengwo.net/s16/M00/1D/61/CoUBUl7pbDuAXxr2AAQjN-P1TTU06.jpeg',6),(1494,2419713,'http://t1-q.mafengwo.net/s16/M00/1D/66/CoUBUl7pbD6APNrIAAMZqTo65B046.jpeg',7),(1495,2419713,'http://t1-q.mafengwo.net/s16/M00/1D/91/CoUBUl7pbFuAO3j_AAKTCdSo0mg07.jpeg',8),(1496,2419713,'http://t1-q.mafengwo.net/s16/M00/1D/9B/CoUBUl7pbGCAFTb2AAJYtgGkGRQ91.jpeg',9),(1497,2419713,'http://t1-q.mafengwo.net/s15/M00/7A/A4/CoUBGV2gO6GAF6opAAO5AtVhE9I79.jpeg',10),(1498,2419713,'http://t1-q.mafengwo.net/s14/M00/FA/1B/wKgE2l1ogE2AHyvNAAXQWbup5bk39.jpeg',11),(1499,2419713,'http://t1-q.mafengwo.net/s14/M00/4A/85/wKgE2l2EK36AT69SAAe5r92_exo79.jpeg',12),(1500,2419713,'http://t1-q.mafengwo.net/s11/M00/65/A7/wKgBEFp9PwOAeMWSAABnGuCeMo8692.png',13),(1501,2715700,'http://t1-q.mafengwo.net/s12/M00/DE/D0/wKgED1uWHZyAXHRCAAFmOgLCQEA69.jpeg',1),(1502,2715700,'http://t1-q.mafengwo.net/s10/M00/54/CC/wKgBZ1nJy3-AcRW4AAGkCRf_oTY32.jpeg',2),(1503,2715700,'http://t1-q.mafengwo.net/s10/M00/58/AE/wKgBZ1nJzU2AEPT8AAJLkpvvdK837.jpeg',3),(1504,2715700,'http://t1-q.mafengwo.net/s10/M00/58/DE/wKgBZ1nJzWKAaBRhAAQWhmy_0mY31.jpeg',4),(1505,2715700,'http://t1-q.mafengwo.net/s10/M00/58/E2/wKgBZ1nJzWSAEOUsAAJe_csRE6w92.jpeg',5),(1506,2715700,'http://t1-q.mafengwo.net/s10/M00/58/E8/wKgBZ1nJzWaAR6RGAAKQeBcA_PE75.jpeg',6),(1507,2715700,'http://t1-q.mafengwo.net/s10/M00/58/ED/wKgBZ1nJzWeAXcdjAAOmcnKTeXQ57.jpeg',7),(1508,2715700,'http://t1-q.mafengwo.net/s11/M00/65/A7/wKgBEFp9PwOAeMWSAABnGuCeMo8692.png',8),(1509,2230337,'http://t1-q.mafengwo.net/s11/M00/00/84/wKgBEFsVNQuANP3sABGfz9h4heo72.jpeg',1),(1510,2230337,'http://t1-q.mafengwo.net/s11/M00/00/8D/wKgBEFsVNQ-AdGrdABS_SWE-Ilk71.jpeg',2),(1511,2230337,'http://t1-q.mafengwo.net/s11/M00/00/91/wKgBEFsVNRKAd3-kABlw7uvrBGw34.jpeg',3),(1512,2230337,'http://t1-q.mafengwo.net/s12/M00/B0/9A/wKgED1ugl3yAPBuVAAIgJCevHLQ40.jpeg',4),(1513,2230337,'http://t1-q.mafengwo.net/s12/M00/B0/AD/wKgED1ugl4qAeabXABITW6aE6S884.jpeg',5),(1514,2230337,'http://t1-q.mafengwo.net/s12/M00/B0/B2/wKgED1ugl46AO3q2AAwL1UzNf6g77.jpeg',6),(1515,2230337,'http://t1-q.mafengwo.net/s11/M00/00/96/wKgBEFsVNRWAMzANABFkAFNvi2s99.jpeg',7),(1516,2230337,'http://t1-q.mafengwo.net/s11/M00/00/9C/wKgBEFsVNRmAJLT8ABTDpbb4fWg19.jpeg',8),(1517,2230337,'http://t1-q.mafengwo.net/s10/M00/54/CC/wKgBZ1nJy3-AcRW4AAGkCRf_oTY32.jpeg',9),(1518,2230337,'http://t1-q.mafengwo.net/s10/M00/58/AE/wKgBZ1nJzU2AEPT8AAJLkpvvdK837.jpeg',10),(1519,2230337,'http://t1-q.mafengwo.net/s10/M00/58/DE/wKgBZ1nJzWKAaBRhAAQWhmy_0mY31.jpeg',11),(1520,2230337,'http://t1-q.mafengwo.net/s10/M00/58/E2/wKgBZ1nJzWSAEOUsAAJe_csRE6w92.jpeg',12),(1521,2230337,'http://t1-q.mafengwo.net/s10/M00/58/E8/wKgBZ1nJzWaAR6RGAAKQeBcA_PE75.jpeg',13),(1522,2230337,'http://t1-q.mafengwo.net/s10/M00/58/ED/wKgBZ1nJzWeAXcdjAAOmcnKTeXQ57.jpeg',14),(1523,2230337,'http://t1-q.mafengwo.net/s14/M00/39/6B/wKgE2l1H4EqAIwM7AAjiHiatPTM86.jpeg',15),(1524,2230337,'http://t1-q.mafengwo.net/s11/M00/65/A7/wKgBEFp9PwOAeMWSAABnGuCeMo8692.png',16),(1525,7637025,'http://sales.mafengwo.net/mfs/s15/M00/D0/B6/CoUBGV3uA1CAN56rAAcPEGQO9Ys69.jpeg',1),(1526,7637025,'http://sales.mafengwo.net/mfs/s15/M00/D0/BA/CoUBGV3uA1CADIf6AAXEzwkrZPw45.jpeg',2),(1527,7637025,'http://sales.mafengwo.net/mfs/s15/M00/D0/BA/CoUBGV3uA1CAN1FaAAk7lTDutjQ75.jpeg',3),(1528,7637025,'http://sales.mafengwo.net/mfs/s15/M00/D0/B7/CoUBGV3uA1CAQHiqAAXXMs-vvfM24.jpeg',4),(1529,7637025,'http://sales.mafengwo.net/mfs/s15/M00/D0/BB/CoUBGV3uA1CAAl1DAAdauduT9Fw22.jpeg',5),(1530,7637025,'http://sales.mafengwo.net/mfs/s15/M00/D0/B7/CoUBGV3uA1CABC3qAA1YD1WJsiU79.jpeg',6),(1531,7637025,'http://sales.mafengwo.net/mfs/s15/M00/D0/B5/CoUBGV3uA1CAALSjAAQTTM7mCTc37.jpeg',7),(1532,7637025,'http://sales.mafengwo.net/mfs/s15/M00/5E/78/CoUBGV4kJ0OANK0-AAJpHQSYFYw33.jpeg',8),(1533,7637025,'http://sales.mafengwo.net/mfs/s15/M00/77/51/CoUBGV3KWPyAHJ3IAABDkHfFyzw49.jpeg',9),(1534,7637025,'http://sales.mafengwo.net/mfs/s15/M00/77/58/CoUBGV3KWP6APPFkAAVzYbLuasY36.jpeg',10),(1535,7637025,'http://sales.mafengwo.net/mfs/s15/M00/B9/07/CoUBGV22oBmAZidoAACxVzs74ig11.jpeg',11),(1536,7637025,'http://sales.mafengwo.net/mfs/s15/M00/77/54/CoUBGV3KWP2AV8GTAAIcW_qTMKc16.jpeg',12),(1537,7637025,'http://sales.mafengwo.net/mfs/s15/M00/B9/06/CoUBGV22oBiAUY_XAACN_cXzviI38.jpeg',13),(1538,7637025,'http://sales.mafengwo.net/mfs/s15/M00/77/65/CoUBGV3KWQOAQdGiAGV0wa7qf9409.jpeg',14),(1539,7637025,'http://t1-q.mafengwo.net/s11/M00/65/A7/wKgBEFp9PwOAeMWSAABnGuCeMo8692.png',15),(1540,2434419,'http://t1-q.mafengwo.net/s14/M00/F6/5E/wKgE2l1mSC6AOO8NAAe3hosAfF8630.gif',1),(1541,2434419,'http://t1-q.mafengwo.net/s15/M00/8E/83/CoUBGV3SLrSAOlngAAaswQTuYZs51.jpeg',2),(1542,2434419,'http://t1-q.mafengwo.net/s15/M00/8E/94/CoUBGV3SLruAV_pwAA7wgpTbgZ831.jpeg',3),(1543,2434419,'http://t1-q.mafengwo.net/s15/M00/A1/08/CoUBGV3l0E2AOZM5AAk0AaElurQ00.jpeg',4),(1544,2434419,'http://b1-q.mafengwo.net/s15/M00/8E/AC/CoUBGV3SLsiAV5cuAAaCU_2NfUE48.jpeg',5),(1545,2434419,'http://t1-q.mafengwo.net/s15/M00/8E/BA/CoUBGV3SLtKAfIv6AAbGf7p25YQ04.jpeg',6),(1546,2434419,'http://t1-q.mafengwo.net/s14/M00/EF/E3/wKgE2l1mRh2AbazbAAP4OFQBFek088.gif',7),(1547,2434419,'http://t1-q.mafengwo.net/s15/M00/8E/F6/CoUBGV3SLu2AL3RPAAmoRPALvvI02.jpeg',8),(1548,2434419,'http://t1-q.mafengwo.net/s15/M00/8F/07/CoUBGV3SLvSATk0LAAfh2DvrlJU12.jpeg',9),(1549,2434419,'http://t1-q.mafengwo.net/s15/M00/8F/18/CoUBGV3SLvqAMd6kAAkPm1P9rXs72.jpeg',10),(1550,2434419,'http://t1-q.mafengwo.net/s15/M00/8F/23/CoUBGV3SLv-AQVRWAAZEoIW-5MM44.jpeg',11),(1551,2434419,'http://t1-q.mafengwo.net/s15/M00/8F/26/CoUBGV3SLwKAORY7AATjWUw47rg48.jpeg',12),(1552,2434419,'http://t1-q.mafengwo.net/s15/M00/8F/2A/CoUBGV3SLwWAXH8iAAaInstX8Fo65.jpeg',13),(1553,2434419,'http://t1-q.mafengwo.net/s14/M00/F7/4B/wKgE2l1mSHmAaSmzAAQOi1cBm9g713.gif',14),(1554,2434419,'http://t1-q.mafengwo.net/s15/M00/8F/66/CoUBGV3SLx-AMrDWAAWK0eJhzeQ70.jpeg',15),(1555,2434419,'http://t1-q.mafengwo.net/s15/M00/8F/82/CoUBGV3SLyuAVfBDAAgoex67SRw10.jpeg',16),(1556,2434419,'http://t1-q.mafengwo.net/s15/M00/8F/89/CoUBGV3SLy6AGAXMAAXU25B0vQU29.jpeg',17),(1557,2434419,'http://t1-q.mafengwo.net/s15/M00/7A/A4/CoUBGV2gO6GAF6opAAO5AtVhE9I79.jpeg',18),(1558,2434419,'http://t1-q.mafengwo.net/s14/M00/F6/E8/wKgE2l1mSFyADIQPAArAb2VaDKc307.gif',19),(1559,2434419,'http://t1-q.mafengwo.net/s14/M00/14/FC/wKgE2l1CoAWACO8UABz7tat6j8w88.jpeg',20),(1560,2434419,'http://t1-q.mafengwo.net/s14/M00/D1/D8/wKgE2l1I5_KABmUKAAXhloCsAZo21.jpeg',21),(1561,2434419,'http://t1-q.mafengwo.net/s14/M00/FA/1B/wKgE2l1ogE2AHyvNAAXQWbup5bk39.jpeg',22),(1562,2434419,'http://t1-q.mafengwo.net/s14/M00/4A/85/wKgE2l2EK36AT69SAAe5r92_exo79.jpeg',23),(1563,2434419,'http://t1-q.mafengwo.net/s12/M00/93/8F/wKgED1vz1EGAdytWAA7creGIa1M38.jpeg',24),(1564,2434419,'http://t1-q.mafengwo.net/s12/M00/DD/B8/wKgED1vSq26AM4oIAAEUpxH518A41.jpeg',25),(1565,2434419,'http://t1-q.mafengwo.net/s14/M00/BF/85/wKgE2l0u4D-AQ7TKAAQdBQbTJzg60.jpeg',26),(1566,2434419,'http://t1-q.mafengwo.net/s14/M00/66/47/wKgE2l0lfheAQCaoAAQfZH5Ekg007.jpeg',27),(1567,2434419,'http://t1-q.mafengwo.net/s11/M00/65/A7/wKgBEFp9PwOAeMWSAABnGuCeMo8692.png',28),(1568,7422849,'http://t1-q.mafengwo.net/s15/M00/80/99/CoUBGV3TqM2AE0lUAAKWk7oMoe839.jpeg',1),(1569,7422849,'http://t1-q.mafengwo.net/s15/M00/33/1A/CoUBGV3UrlCALQBWAAKKiZbCRTA31.jpeg',2),(1570,7422849,'http://t1-q.mafengwo.net/s15/M00/80/9A/CoUBGV3TqM2AGXZxAAKisXfI3Zc54.jpeg',3),(1571,7422849,'http://t1-q.mafengwo.net/s15/M00/33/1A/CoUBGV3UrlCAWAKbAALEdAh5qTI28.jpeg',4),(1572,7422849,'http://t1-q.mafengwo.net/s15/M00/80/9B/CoUBGV3TqM2APYEgAAVR2cqx5_853.jpeg',5),(1573,7422849,'http://t1-q.mafengwo.net/s15/M00/80/9B/CoUBGV3TqM2AStzoAAYwFO7XsrE40.jpeg',6),(1574,7422849,'http://t1-q.mafengwo.net/s15/M00/80/9A/CoUBGV3TqM2AK5OAAAONsXlCQj834.jpeg',7),(1575,7422849,'http://t1-q.mafengwo.net/s15/M00/80/99/CoUBGV3TqM2AU20RAALN4bv54o018.jpeg',8),(1576,7422849,'http://t1-q.mafengwo.net/s15/M00/80/9A/CoUBGV3TqM2AGzWWAANkkHUVPEE13.jpeg',9),(1577,7422849,'http://t1-q.mafengwo.net/s15/M00/80/9B/CoUBGV3TqM2AGYqeAASgC1KjCnk56.jpeg',10),(1578,7422849,'http://t1-q.mafengwo.net/s15/M00/E2/CA/CoUBGV3KEQSAMglOAAKe0U2GJPs88.jpeg',11),(1579,7422849,'http://t1-q.mafengwo.net/s15/M00/33/1A/CoUBGV3UrlCAE8huAABE16Qx60c72.jpeg',12),(1580,7422849,'http://t1-q.mafengwo.net/s11/M00/65/A7/wKgBEFp9PwOAeMWSAABnGuCeMo8692.png',13),(1581,2977953,'http://t1-q.mafengwo.net/s14/M00/AE/46/wKgE2l0ArzSAeHTMABFp3nq_x48977.gif',1),(1582,2977953,'http://t1-q.mafengwo.net/s15/M00/2C/0F/CoUBGV49gP2AIBBsAAJg-VLDzzY27.jpeg',2),(1583,2977953,'http://t1-q.mafengwo.net/s14/M00/B3/76/wKgE2l13aHiAGtcrAAjBaQnSSvQ076.gif',3),(1584,2977953,'http://t1-q.mafengwo.net/s14/M00/40/4E/wKgE2l04FECAFIhxAABItXMpCss03.jpeg',4),(1585,2977953,'http://t1-q.mafengwo.net/s14/M00/7A/5F/wKgE2l04J5eAcfYfAAGCpIpQ7EI00.jpeg',5),(1586,2977953,'http://b1-q.mafengwo.net/s14/M00/41/B9/wKgE2l04FL6AVzpPAAE-ymFBEqk15.jpeg',6),(1587,2977953,'http://t1-q.mafengwo.net/s14/M00/7A/E1/wKgE2l04J8KARG4NAAEogmRP74A43.jpeg',7),(1588,2977953,'http://t1-q.mafengwo.net/s14/M00/43/04/wKgE2l04FS2ATn2GAAGTEoK-4AE88.jpeg',8),(1589,2977953,'http://t1-q.mafengwo.net/s14/M00/43/D6/wKgE2l04FWmAUpl3AAGIK1r69wM26.jpeg',9),(1590,2977953,'http://sales.mafengwo.net/mfs/s14/M00/D2/3C/wKgE2l1vhNuAT1xCAAXn2aks1IM03.jpeg',10),(1591,2977953,'http://sales.mafengwo.net/mfs/s13/M00/AA/E6/wKgEaVyHbO-AaSoXABBx1MUb4Mg39.jpeg',11),(1592,2977953,'http://sales.mafengwo.net/mfs/s12/M00/22/AA/wKgED1w0bsOAP543AAMxnnh0eao18.jpeg',12),(1593,2977953,'http://sales.mafengwo.net/mfs/s12/M00/22/B7/wKgED1w0bseAHWbMAATFMo7GIug43.jpeg',13),(1594,2977953,'http://sales.mafengwo.net/mfs/s12/M00/22/BE/wKgED1w0bsqAFhHYAAaF9y3qTAE66.jpeg',14),(1595,2977953,'http://sales.mafengwo.net/mfs/s14/M00/0F/E4/wKgE2l0_3YaATNb1ABRtN7e0xRo76.jpeg',15),(1596,2977953,'http://sales.mafengwo.net/mfs/s14/M00/0D/2F/wKgE2l0_3ImARw5dAAOvaM7hfa842.jpeg',16),(1597,2977953,'http://t1-q.mafengwo.net/s11/M00/65/A7/wKgBEFp9PwOAeMWSAABnGuCeMo8692.png',17),(1598,2706819,'http://t1-q.mafengwo.net/s14/M00/AE/46/wKgE2l0ArzSAeHTMABFp3nq_x48977.gif',1),(1599,2706819,'http://t1-q.mafengwo.net/s15/M00/2C/0F/CoUBGV49gP2AIBBsAAJg-VLDzzY27.jpeg',2),(1600,2706819,'http://t1-q.mafengwo.net/s15/M00/3D/16/CoUBGV3LmWGASEHyAANbYb6W75049.jpeg',3),(1601,2706819,'http://t1-q.mafengwo.net/s15/M00/3D/1D/CoUBGV3LmWOAK2WXAAR4qdAMNbg42.jpeg',4),(1602,2706819,'http://t1-q.mafengwo.net/s15/M00/3D/21/CoUBGV3LmWWABdneAAU_1TTVGHY57.jpeg',5),(1603,2706819,'http://t1-q.mafengwo.net/s14/M00/26/CE/wKgE2l1CpfuAbMtLAAogYoa2x1s55.jpeg',6),(1604,2706819,'http://b1-q.mafengwo.net/s15/M00/3D/28/CoUBGV3LmWiAVOZQAAhk19gaITs74.jpeg',7),(1605,2706819,'http://t1-q.mafengwo.net/s15/M00/3D/28/CoUBGV3LmWiAfpTOAAhJ2Q_DxFM98.jpeg',8),(1606,2706819,'http://t1-q.mafengwo.net/s15/M00/3D/2A/CoUBGV3LmWmAGhD_AAkVG21yIQo52.jpeg',9),(1607,2706819,'http://t1-q.mafengwo.net/s15/M00/08/8C/CoUBGV355I2Ablq6AAZ-dqFGTFA01.jpeg',10),(1608,2706819,'http://t1-q.mafengwo.net/s15/M00/3D/25/CoUBGV3LmWeAP-6xAAZ7l8gFirI42.jpeg',11),(1609,2706819,'http://t1-q.mafengwo.net/s15/M00/3D/23/CoUBGV3LmWaAGskPAAYz4b4GLrE94.jpeg',12),(1610,2706819,'http://t1-q.mafengwo.net/s14/M00/3C/A3/wKgE2l1CrQuAPalhAAbZ3sE1umM59.jpeg',13),(1611,2706819,'http://t1-q.mafengwo.net/s14/M00/3C/C1/wKgE2l1CrRSAOKeyAAZlOlXR4Fo56.jpeg',14),(1612,2706819,'http://t1-q.mafengwo.net/s15/M00/3D/29/CoUBGV3LmWmAYt-HAAjEuTXdl-837.jpeg',15),(1613,2706819,'http://t1-q.mafengwo.net/s15/M00/3D/2D/CoUBGV3LmWqAGTZFAA0e1Aco5pA77.jpeg',16),(1614,2706819,'http://t1-q.mafengwo.net/s15/M00/3D/23/CoUBGV3LmWaAQ7hrAAXJV2-E7Fs34.jpeg',17),(1615,2706819,'http://b1-q.mafengwo.net/s15/M00/3D/28/CoUBGV3LmWiANOXxAAibqsKKZ1s01.jpeg',18),(1616,2706819,'http://t1-q.mafengwo.net/s15/M00/EE/9C/CoUBGV4Bt3KAUdvrAApVOmvbHqI85.jpeg',19),(1617,2706819,'http://t1-q.mafengwo.net/s13/M00/A8/EA/wKgEaVx0qMKAcQAWAAH9I-N7fOo021.png',20),(1618,2706819,'http://t1-q.mafengwo.net/s13/M00/B0/E9/wKgEaVx0rVuAIUz-AAB3J-ObYCY395.png',21),(1619,2706819,'http://t1-q.mafengwo.net/s13/M00/A9/5D/wKgEaVx0qRWAGLuoAABq7Rgbf7k695.png',22),(1620,2706819,'http://t1-q.mafengwo.net/s13/M00/A9/BE/wKgEaVx0qVqAai--AAB4pz8oHX0648.png',23),(1621,2706819,'http://b1-q.mafengwo.net/s13/M00/AC/18/wKgEaVx0qtuAUyZAAABx1t8b1HY931.png',24),(1622,2706819,'http://t1-q.mafengwo.net/s13/M00/B2/E0/wKgEaVx0roWANJmDAACiMdL-s4E103.png',25),(1623,2706819,'http://t1-q.mafengwo.net/s13/M00/AC/9D/wKgEaVx0qy2AZuL2AABvlsPA9E4208.png',26),(1624,2706819,'http://sales.mafengwo.net/mfs/s14/M00/9C/ED/wKgE2l0AqIaAA6BVAB2EdTEhVLA496.gif',27),(1625,2706819,'http://sales.mafengwo.net/mfs/s14/M00/D2/3C/wKgE2l1vhNuAT1xCAAXn2aks1IM03.jpeg',28),(1626,2706819,'http://sales.mafengwo.net/mfs/s15/M00/19/3D/CoUBGV3Lg9KAa8sIAAIp_2lWCVs85.jpeg',29),(1627,2706819,'http://sales.mafengwo.net/mfs/s15/M00/19/42/CoUBGV3Lg9SAf46nAAuzx4y2I4I60.jpeg',30),(1628,2706819,'http://sales.mafengwo.net/mfs/s15/M00/19/3B/CoUBGV3Lg9GAQk69AAGktanxs2A71.jpeg',31),(1629,2706819,'http://sales.mafengwo.net/mfs/s15/M00/19/3E/CoUBGV3Lg9KAMzDOAAJxzY1p23o14.jpeg',32),(1630,2706819,'http://sales.mafengwo.net/mfs/s15/M00/19/3F/CoUBGV3Lg9KAdtVRAANinyTEoXg84.jpeg',33),(1631,2706819,'http://sales.mafengwo.net/mfs/s14/M00/0F/E4/wKgE2l0_3YaATNb1ABRtN7e0xRo76.jpeg',34),(1632,2706819,'http://sales.mafengwo.net/mfs/s14/M00/0D/2F/wKgE2l0_3ImARw5dAAOvaM7hfa842.jpeg',35),(1633,2706819,'http://t1-q.mafengwo.net/s11/M00/65/A7/wKgBEFp9PwOAeMWSAABnGuCeMo8692.png',36),(1634,2471618,'http://t1-q.mafengwo.net/s15/M00/50/5A/CoUBGV3g6duAf8ehAAkjv603SOs12.jpeg',1),(1635,2471618,'http://t1-q.mafengwo.net/s15/M00/50/68/CoUBGV3g6eSAKrASAAcnPG15Y5M81.jpeg',2),(1636,2471618,'http://t1-q.mafengwo.net/s15/M00/50/77/CoUBGV3g6eyAdGQdAAkRycHD6E895.jpeg',3),(1637,2471618,'http://t1-q.mafengwo.net/s15/M00/50/A4/CoUBGV3g6gGAHSpUAAjLeIGs-4Y36.jpeg',4),(1638,2471618,'http://t1-q.mafengwo.net/s15/M00/51/1A/CoUBGV3g6kqADNB0ABD3yXLVYsw90.jpeg',5),(1639,2471618,'http://t1-q.mafengwo.net/s15/M00/51/5A/CoUBGV3g6muAGHSrABIvCblBfJA85.jpeg',6),(1640,2471618,'http://t1-q.mafengwo.net/s15/M00/51/84/CoUBGV3g6oaAdh4eABON96fYiyk73.jpeg',7),(1641,2471618,'http://t1-q.mafengwo.net/s15/M00/51/9E/CoUBGV3g6pWAcvmAAAVIe3N4two61.jpeg',8),(1642,2471618,'http://t1-q.mafengwo.net/s15/M00/51/A8/CoUBGV3g6pqAItHYAAYLsvBGbpc75.jpeg',9),(1643,2471618,'http://t1-q.mafengwo.net/s15/M00/51/B6/CoUBGV3g6qKASezCAAm-ngHet8c81.jpeg',10),(1644,2471618,'http://t1-q.mafengwo.net/s15/M00/51/C2/CoUBGV3g6quAC_EgAAh0e5MChAU28.jpeg',11),(1645,2471618,'http://t1-q.mafengwo.net/s15/M00/51/CC/CoUBGV3g6rKAO3pdAAd_Zi92PTE65.jpeg',12),(1646,2471618,'http://t1-q.mafengwo.net/s15/M00/51/DB/CoUBGV3g6ruAUYV_AAh-4kow0iY64.jpeg',13),(1647,2471618,'http://t1-q.mafengwo.net/s15/M00/51/E6/CoUBGV3g6sKAP5knAAmu6TuKZow36.jpeg',14),(1648,2471618,'http://t1-q.mafengwo.net/s15/M00/51/F1/CoUBGV3g6sqAY_fzAATg_fIBa3E94.jpeg',15),(1649,2471618,'http://t1-q.mafengwo.net/s15/M00/51/FA/CoUBGV3g6s-ARFqAAAi55wydcm056.jpeg',16),(1650,2471618,'http://t1-q.mafengwo.net/s15/M00/7A/A4/CoUBGV2gO6GAF6opAAO5AtVhE9I79.jpeg',17),(1651,2471618,'http://t1-q.mafengwo.net/s14/M00/16/28/wKgE2l1CoFqAQg0hAByIHufXqeg61.jpeg',18),(1652,2471618,'http://t1-q.mafengwo.net/s14/M00/FA/1B/wKgE2l1ogE2AHyvNAAXQWbup5bk39.jpeg',19),(1653,2471618,'http://t1-q.mafengwo.net/s14/M00/4A/85/wKgE2l2EK36AT69SAAe5r92_exo79.jpeg',20),(1654,2471618,'http://t1-q.mafengwo.net/s11/M00/65/A7/wKgBEFp9PwOAeMWSAABnGuCeMo8692.png',21),(1655,2749368,'http://t1-q.mafengwo.net/s14/M00/AE/46/wKgE2l0ArzSAeHTMABFp3nq_x48977.gif',1),(1656,2749368,'http://t1-q.mafengwo.net/s15/M00/2C/0F/CoUBGV49gP2AIBBsAAJg-VLDzzY27.jpeg',2),(1657,2749368,'http://t1-q.mafengwo.net/s15/M00/33/9E/CoUBGV5OQjKART7_AARstWRgv7E72.jpeg',3),(1658,2749368,'http://t1-q.mafengwo.net/s15/M00/33/A1/CoUBGV5OQjSAIxHWAAfHC4TBRJU33.jpeg',4),(1659,2749368,'http://t1-q.mafengwo.net/s15/M00/33/A3/CoUBGV5OQjSAR76gAAoA71BHK4A40.jpeg',5),(1660,2749368,'http://t1-q.mafengwo.net/s15/M00/33/A2/CoUBGV5OQjSALv6MAAfrXn0MqGg24.jpeg',6),(1661,2749368,'http://t1-q.mafengwo.net/s15/M00/33/A4/CoUBGV5OQjSAFcqNAAuqUmLUI-k20.jpeg',7),(1662,2749368,'http://t1-q.mafengwo.net/s15/M00/33/A0/CoUBGV5OQjOAOnAAAAX3tSDw3Io86.jpeg',8),(1663,2749368,'http://t1-q.mafengwo.net/s15/M00/33/A3/CoUBGV5OQjSAN1-WAAmPqlJIpLs21.jpeg',9),(1664,2749368,'http://t1-q.mafengwo.net/s15/M00/33/9F/CoUBGV5OQjOALcDjAAZFQ93Ic2g19.jpeg',10),(1665,2749368,'http://t1-q.mafengwo.net/s15/M00/33/9E/CoUBGV5OQjKAC5HMAAPXAvXoQbw52.jpeg',11),(1666,2749368,'http://t1-q.mafengwo.net/s14/M00/40/4E/wKgE2l04FECAFIhxAABItXMpCss03.jpeg',12),(1667,2749368,'http://t1-q.mafengwo.net/s14/M00/7A/5F/wKgE2l04J5eAcfYfAAGCpIpQ7EI00.jpeg',13),(1668,2749368,'http://b1-q.mafengwo.net/s14/M00/41/B9/wKgE2l04FL6AVzpPAAE-ymFBEqk15.jpeg',14),(1669,2749368,'http://t1-q.mafengwo.net/s14/M00/7A/E1/wKgE2l04J8KARG4NAAEogmRP74A43.jpeg',15),(1670,2749368,'http://t1-q.mafengwo.net/s14/M00/43/04/wKgE2l04FS2ATn2GAAGTEoK-4AE88.jpeg',16),(1671,2749368,'http://t1-q.mafengwo.net/s14/M00/52/48/wKgE2l04GpGAXSJWAAHOAckpfaE97.jpeg',17),(1672,2749368,'http://sales.mafengwo.net/mfs/s14/M00/9C/ED/wKgE2l0AqIaAA6BVAB2EdTEhVLA496.gif',18),(1673,2749368,'http://sales.mafengwo.net/mfs/s14/M00/D2/3C/wKgE2l1vhNuAT1xCAAXn2aks1IM03.jpeg',19),(1674,2749368,'http://sales.mafengwo.net/mfs/s12/M00/D8/1F/wKgED1wko1OAH-swAAQpnWnn9CM56.jpeg',20),(1675,2749368,'http://sales.mafengwo.net/mfs/s13/M00/AA/E6/wKgEaVyHbO-AaSoXABBx1MUb4Mg39.jpeg',21),(1676,2749368,'http://sales.mafengwo.net/mfs/s12/M00/22/AA/wKgED1w0bsOAP543AAMxnnh0eao18.jpeg',22),(1677,2749368,'http://sales.mafengwo.net/mfs/s12/M00/22/B7/wKgED1w0bseAHWbMAATFMo7GIug43.jpeg',23),(1678,2749368,'http://sales.mafengwo.net/mfs/s12/M00/22/BE/wKgED1w0bsqAFhHYAAaF9y3qTAE66.jpeg',24),(1679,2749368,'http://sales.mafengwo.net/mfs/s14/M00/0F/E4/wKgE2l0_3YaATNb1ABRtN7e0xRo76.jpeg',25),(1680,2749368,'http://sales.mafengwo.net/mfs/s14/M00/0D/2F/wKgE2l0_3ImARw5dAAOvaM7hfa842.jpeg',26),(1681,2749368,'http://t1-q.mafengwo.net/s11/M00/65/A7/wKgBEFp9PwOAeMWSAABnGuCeMo8692.png',27),(1682,2744190,'http://t1-q.mafengwo.net/s12/M00/7E/1A/wKgED1ussSyAES6lAAGXLTsjCr079.jpeg',1),(1683,2744190,'http://t1-q.mafengwo.net/s11/M00/20/B2/wKgBEFtVniOAbjmNAADPima58Zw94.jpeg',2),(1684,2744190,'http://t1-q.mafengwo.net/s11/M00/20/BD/wKgBEFtVnimABiZwAAEPfpQZhMw87.jpeg',3),(1685,2744190,'http://t1-q.mafengwo.net/s11/M00/20/D8/wKgBEFtVnj6AYsPmAAHcQ3PXDKg30.jpeg',4),(1686,2744190,'http://t1-q.mafengwo.net/s11/M00/23/E9/wKgBEFtVoAmAbdjFAAEMHwpANbA80.jpeg',5),(1687,2744190,'http://t1-q.mafengwo.net/s11/M00/23/ED/wKgBEFtVoA2AW7C1AAE1nYJm1Uk60.jpeg',6),(1688,2744190,'http://t1-q.mafengwo.net/s11/M00/23/F1/wKgBEFtVoBCARgQHAAHMUH_X8Uo22.jpeg',7),(1689,2744190,'http://t1-q.mafengwo.net/s11/M00/65/A7/wKgBEFp9PwOAeMWSAABnGuCeMo8692.png',8),(1690,6479597,'http://sales.mafengwo.net/mfs/s14/M00/2F/93/wKgE2l0y5mOAF0MPAAzgSqQOVfc79.jpeg',1),(1691,6479597,'http://sales.mafengwo.net/mfs/s14/M00/2F/A2/wKgE2l0y5mmAehdAACBoOnoE41462.jpeg',2),(1692,6479597,'http://sales.mafengwo.net/mfs/s14/M00/2F/B5/wKgE2l0y5m-AICQyAAnrLSSm-2M18.jpeg',3),(1693,6479597,'http://sales.mafengwo.net/mfs/s14/M00/2F/C6/wKgE2l0y5nSAPj28AByvLrekH2886.jpeg',4),(1694,6479597,'http://sales.mafengwo.net/mfs/s14/M00/2F/D5/wKgE2l0y5nqAHYm8AA7rWbpJVHo33.jpeg',5),(1695,6479597,'http://sales.mafengwo.net/mfs/s14/M00/2F/E2/wKgE2l0y5oCAV-3jAAjsg75CgMc54.jpeg',6),(1696,6479597,'http://sales.mafengwo.net/mfs/s14/M00/2F/F0/wKgE2l0y5oaAYY3YAAJu4-TAksk05.jpeg',7),(1697,6479597,'http://sales.mafengwo.net/mfs/s14/M00/2F/FB/wKgE2l0y5oyAfu0aAAmLstirZiA31.jpeg',8),(1698,6479597,'http://sales.mafengwo.net/mfs/s15/M00/2A/41/CoUBGV3EwdWAT2sLAAVllB2e3Sc60.jpeg',9),(1699,6479597,'http://t1-q.mafengwo.net/s11/M00/65/A7/wKgBEFp9PwOAeMWSAABnGuCeMo8692.png',10),(1700,5222131,'http://sales.mafengwo.net/mfs/s14/M00/B4/85/wKgE2l1ky2WAPEwzAAePZBlk5Qg70.jpeg',1),(1701,5222131,'http://sales.mafengwo.net/mfs/s14/M00/20/87/wKgE2l1VKgSAF6a3AAuAVB7tu3Q52.jpeg',2),(1702,5222131,'http://sales.mafengwo.net/mfs/s14/M00/BB/03/wKgE2l1kzQSAEBrfAABV_4tMwtM04.jpeg',3),(1703,5222131,'http://sales.mafengwo.net/mfs/s14/M00/BB/27/wKgE2l1kzQ2AeXT5AAFu_re63gY01.jpeg',4),(1704,5222131,'http://sales.mafengwo.net/mfs/s14/M00/BB/40/wKgE2l1kzRaAUJ1TAAo_fVkTYpI73.jpeg',5),(1705,5222131,'http://sales.mafengwo.net/mfs/s14/M00/BB/66/wKgE2l1kzR6APgSWAACorcKvCSc34.jpeg',6),(1706,5222131,'http://sales.mafengwo.net/mfs/s14/M00/BB/8F/wKgE2l1kzSuAGJc5AAvvkaWBfSI05.jpeg',7),(1707,5222131,'http://sales.mafengwo.net/mfs/s14/M00/BB/B1/wKgE2l1kzTKATMfkAABFvNqdyQw20.jpeg',8),(1708,5222131,'http://sales.mafengwo.net/mfs/s14/M00/BB/C5/wKgE2l1kzTiAFza8AAC3ME0xhcc85.jpeg',9),(1709,5222131,'http://sales.mafengwo.net/mfs/s14/M00/BB/DF/wKgE2l1kzUCACawRAAbNBwePP7A37.jpeg',10),(1710,5222131,'http://sales.mafengwo.net/mfs/s14/M00/BB/F6/wKgE2l1kzUeAU3WkAABFmOZwms422.jpeg',11),(1711,5222131,'http://sales.mafengwo.net/mfs/s14/M00/BC/0A/wKgE2l1kzU6AAGuYAADHh0OvYRc74.jpeg',12),(1712,5222131,'http://sales.mafengwo.net/mfs/s14/M00/BC/2C/wKgE2l1kzVyAT-X6AA1tThLC-E454.jpeg',13),(1713,5222131,'http://sales.mafengwo.net/mfs/s14/M00/BC/51/wKgE2l1kzWSAO1lmAABFEQU5VEU09.jpeg',14),(1714,5222131,'http://sales.mafengwo.net/mfs/s14/M00/BC/65/wKgE2l1kzWqAMoe3AABnjHfcUqc34.jpeg',15),(1715,5222131,'http://sales.mafengwo.net/mfs/s14/M00/BC/86/wKgE2l1kzXqAO7EJAA2rpBNdmNw96.jpeg',16),(1716,5222131,'http://sales.mafengwo.net/mfs/s14/M00/BC/A9/wKgE2l1kzYGAAyoFAABEytYHhiQ25.jpeg',17),(1717,5222131,'http://sales.mafengwo.net/mfs/s14/M00/BC/BA/wKgE2l1kzYeAD5kGAAB4lrhEEpY56.jpeg',18),(1718,5222131,'http://sales.mafengwo.net/mfs/s14/M00/BC/CE/wKgE2l1kzY6AIh8zAAkUXlYD4YU81.jpeg',19),(1719,5222131,'http://sales.mafengwo.net/mfs/s14/M00/BD/00/wKgE2l1kzZyAXC3QAABExMywaaU94.jpeg',20),(1720,5222131,'http://sales.mafengwo.net/mfs/s14/M00/BD/19/wKgE2l1kzaSAG9WkAABv8gCmQvE71.jpeg',21),(1721,5222131,'http://sales.mafengwo.net/mfs/s14/M00/BD/47/wKgE2l1kzbKAFo_uAALPobYZkkw68.jpeg',22),(1722,5222131,'http://sales.mafengwo.net/mfs/s14/M00/BD/62/wKgE2l1kzbqAG0AFAAKbD8fwOsw78.jpeg',23),(1723,5222131,'http://sales.mafengwo.net/mfs/s14/M00/BD/79/wKgE2l1kzcGAWh9oAAKULYqV2oU50.jpeg',24),(1724,5222131,'http://sales.mafengwo.net/mfs/s14/M00/BD/96/wKgE2l1kzcmAXPL7AABht818Z8Q70.jpeg',25),(1725,5222131,'http://sales.mafengwo.net/mfs/s14/M00/BD/A9/wKgE2l1kzdCAdidWAAOI9H9qngs52.jpeg',26),(1726,5222131,'http://sales.mafengwo.net/mfs/s14/M00/BD/BA/wKgE2l1kzdaAI6TnAANXHF-XQXk56.jpeg',27),(1727,5222131,'http://sales.mafengwo.net/mfs/s14/M00/ED/8A/wKgE2l0sPkSAQYQBAALz6pvem3I30.jpeg',28),(1728,5222131,'http://sales.mafengwo.net/mfs/s14/M00/03/BA/wKgE2l0sRPCAB1EfAAYo0y3E88A27.jpeg',29),(1729,5222131,'http://sales.mafengwo.net/mfs/s12/M00/BE/D7/wKgED1v_meOAEPFHAAfKiAVR0K478.jpeg',30),(1730,5222131,'http://sales.mafengwo.net/mfs/s12/M00/15/57/wKgED1wh2iSAB86uAAHwIl1XK9c22.jpeg',31),(1731,5222131,'http://sales.mafengwo.net/mfs/s12/M00/15/D4/wKgED1wh2niAEwpjAABzuMAEsjI442.png',32),(1732,5222131,'http://t1-q.mafengwo.net/s11/M00/65/A7/wKgBEFp9PwOAeMWSAABnGuCeMo8692.png',33),(1733,2533927,'http://t1-q.mafengwo.net/s14/M00/AE/46/wKgE2l0ArzSAeHTMABFp3nq_x48977.gif',1),(1734,2533927,'http://t1-q.mafengwo.net/s15/M00/2C/0F/CoUBGV49gP2AIBBsAAJg-VLDzzY27.jpeg',2),(1735,2533927,'http://t1-q.mafengwo.net/s15/M00/AC/0C/CoUBGV4SpcGAIr4mACDK32rjlJk39.jpeg',3),(1736,2533927,'http://t1-q.mafengwo.net/s15/M00/41/6F/CoUBGV3SB6-AaW7xAAjlbAenMvM33.jpeg',4),(1737,2533927,'http://t1-q.mafengwo.net/s15/M00/41/72/CoUBGV3SB7CAKg3uABDy2oAmPMk11.jpeg',5),(1738,2533927,'http://t1-q.mafengwo.net/s15/M00/41/68/CoUBGV3SB62AAlbqAAU5peiciRA32.jpeg',6),(1739,2533927,'http://t1-q.mafengwo.net/s15/M00/41/71/CoUBGV3SB7CAHv3hAAu8sc2ybdw05.jpeg',7),(1740,2533927,'http://t1-q.mafengwo.net/s15/M00/41/72/CoUBGV3SB7CAU4IiAAt7nVdtReY23.jpeg',8),(1741,2533927,'http://t1-q.mafengwo.net/s15/M00/41/6D/CoUBGV3SB66ATHt7AAfCIfVInW028.jpeg',9),(1742,2533927,'http://t1-q.mafengwo.net/s15/M00/41/6E/CoUBGV3SB6-AY0vWAAfudjh5IsE64.jpeg',10),(1743,2533927,'http://t1-q.mafengwo.net/s14/M00/9C/ED/wKgE2l0AqIaAA6BVAB2EdTEhVLA496.gif',11),(1744,2533927,'http://t1-q.mafengwo.net/s14/M00/CD/45/wKgE2l0lRL2AWeIbAABp-R1Vupo10.jpeg',12),(1745,2533927,'http://t1-q.mafengwo.net/s14/M00/CF/8D/wKgE2l0lRYGASHx8AACHpMSDEjY19.jpeg',13),(1746,2533927,'http://t1-q.mafengwo.net/s14/M00/CF/A7/wKgE2l0lRYuANFxpAACTIYVvgbg66.jpeg',14),(1747,2533927,'http://t1-q.mafengwo.net/s14/M00/CF/C0/wKgE2l0lRZOAWlCYAACtZw67Ny861.jpeg',15),(1748,2533927,'http://t1-q.mafengwo.net/s14/M00/D3/30/wKgE2l0lRq-ALG3UAACFpDVLf6U26.jpeg',16),(1749,2533927,'http://t1-q.mafengwo.net/s14/M00/D3/51/wKgE2l0lRreAe2HMAAC5Rk2ZTLw43.jpeg',17),(1750,2533927,'http://t1-q.mafengwo.net/s14/M00/D3/77/wKgE2l0lRr-AGWPmAAJUb80TRNg74.jpeg',18),(1751,2533927,'http://sales.mafengwo.net/mfs/s12/M00/D7/64/wKgED1w1wxGAZDSiAAC1nyTuzUw973.gif',19),(1752,2533927,'http://sales.mafengwo.net/mfs/s12/M00/D7/6D/wKgED1w1wxaAAJL7AAf8fKC3nZY90.jpeg',20),(1753,2533927,'http://sales.mafengwo.net/mfs/s14/M00/D2/3C/wKgE2l1vhNuAT1xCAAXn2aks1IM03.jpeg',21),(1754,2533927,'http://sales.mafengwo.net/mfs/s14/M00/3E/76/wKgE2l0_7DaAB17SAAQcfL0CqMI49.jpeg',22),(1755,2533927,'http://sales.mafengwo.net/mfs/s14/M00/0F/E4/wKgE2l0_3YaATNb1ABRtN7e0xRo76.jpeg',23),(1756,2533927,'http://t1-q.mafengwo.net/s11/M00/65/A7/wKgBEFp9PwOAeMWSAABnGuCeMo8692.png',24),(1757,2785098,'http://t1-q.mafengwo.net/s15/M00/2E/97/CoUBGV3g2aaAfVOzAAkmtQkv6Cg45.jpeg',1),(1758,2785098,'http://t1-q.mafengwo.net/s14/M00/59/D7/wKgE2l1wdn2APpLkAAE7FChj7Ic56.jpeg',2),(1759,2785098,'http://t1-q.mafengwo.net/s13/M00/58/ED/wKgEaVzGXPaAJzbgAAFZ8hyrTSc72.jpeg',3),(1760,2785098,'http://t1-q.mafengwo.net/s13/M00/58/FB/wKgEaVzGXP-ADQmQAAF_n11ino063.jpeg',4),(1761,2785098,'http://t1-q.mafengwo.net/s13/M00/59/08/wKgEaVzGXQqAGp_XAAOxAGsXNUk44.jpeg',5),(1762,2785098,'http://t1-q.mafengwo.net/s13/M00/59/2C/wKgEaVzGXSCAQt24AAMQXYCI0y068.jpeg',6),(1763,2785098,'http://t1-q.mafengwo.net/s13/M00/59/66/wKgEaVzGXUWAR-sMAAN5atAYTxo94.jpeg',7),(1764,2785098,'http://t1-q.mafengwo.net/s13/M00/59/77/wKgEaVzGXU-AbUNGAAKmZzYbtjE04.jpeg',8),(1765,2785098,'http://t1-q.mafengwo.net/s13/M00/59/86/wKgEaVzGXViATf4kAANvQC56V2002.jpeg',9),(1766,2785098,'http://t1-q.mafengwo.net/s13/M00/59/AE/wKgEaVzGXXKAEZjMAAKDyb6YxsI68.jpeg',10),(1767,2785098,'http://t1-q.mafengwo.net/s13/M00/59/C9/wKgEaVzGXYCAXAHlAAW_IE5aWbU33.jpeg',11),(1768,2785098,'http://t1-q.mafengwo.net/s13/M00/59/DF/wKgEaVzGXYqAAhOSAAfEKwRclY015.jpeg',12),(1769,2785098,'http://t1-q.mafengwo.net/s13/M00/59/FE/wKgEaVzGXZyAEXn4AAIkUFPJxoc27.jpeg',13),(1770,2785098,'http://t1-q.mafengwo.net/s13/M00/5A/0F/wKgEaVzGXaeAOHkgAARBR9dUARI72.jpeg',14),(1771,2785098,'http://t1-q.mafengwo.net/s14/M00/00/08/wKgE2l1jXoOANz7JAAP883b5aPg82.jpeg',15),(1772,2785098,'http://t1-q.mafengwo.net/s15/M00/E2/CA/CoUBGV3KEQSAMglOAAKe0U2GJPs88.jpeg',16),(1773,2785098,'http://t1-q.mafengwo.net/s14/M00/FB/31/wKgE2l1jXEmACJibAAR_qy4c8qI53.jpeg',17),(1774,2785098,'http://t1-q.mafengwo.net/s13/M00/6D/CD/wKgEaV2hfEyAAaeEAAGZW3-paRk86.jpeg',18),(1775,2785098,'http://t1-q.mafengwo.net/s14/M00/48/BF/wKgE2l1kqqSAVuNgAAGbxXLJ30Q50.jpeg',19),(1776,2785098,'http://t1-q.mafengwo.net/s11/M00/65/A7/wKgBEFp9PwOAeMWSAABnGuCeMo8692.png',20),(1777,2662665,'http://sales.mafengwo.net/mfs/s16/M00/1D/B5/CoUBUl8j0VuAI7tWABHxMxIpl3M243.png',1),(1778,2662665,'http://sales.mafengwo.net/mfs/s16/M00/1D/A6/CoUBUl8j0VKASwKZAALwbn1Ks6M076.png',2),(1779,2662665,'http://sales.mafengwo.net/mfs/s16/M00/1D/B8/CoUBUl8j0V2AC-5iABel8UBOyB8198.png',3),(1780,2662665,'http://sales.mafengwo.net/mfs/s16/M00/1D/A6/CoUBUl8j0VKAZpN_AALUvtsuvBU693.png',4),(1781,2662665,'http://sales.mafengwo.net/mfs/s16/M00/1D/B0/CoUBUl8j0VeADadZAAr09zSoH7k083.png',5),(1782,2662665,'http://sales.mafengwo.net/mfs/s16/M00/1D/A7/CoUBUl8j0VKAIwGuAALWqFBUdww544.png',6),(1783,2662665,'http://sales.mafengwo.net/mfs/s16/M00/1D/B7/CoUBUl8j0V2ARTpHABX7ozu3dak227.png',7),(1784,2662665,'http://sales.mafengwo.net/mfs/s16/M00/1D/A5/CoUBUl8j0VGARwMpAAKE57EimRE804.png',8),(1785,2662665,'http://sales.mafengwo.net/mfs/s16/M00/1D/B5/CoUBUl8j0VuAZhGbABDCaP7myTo029.png',9),(1786,2662665,'http://sales.mafengwo.net/mfs/s16/M00/1D/A5/CoUBUl8j0VGAJBoUAAKwjj1b1QQ498.png',10),(1787,2662665,'http://sales.mafengwo.net/mfs/s16/M00/1D/BA/CoUBUl8j0V2ABodPABgtxkqUM_c608.png',11),(1788,2662665,'http://sales.mafengwo.net/mfs/s16/M00/1D/A4/CoUBUl8j0VGAWFXAAAIe9kUwcOw287.png',12),(1789,2662665,'http://sales.mafengwo.net/mfs/s16/M00/1D/A3/CoUBUl8j0VCANftYAAFaL6W7iAM240.png',13),(1790,2662665,'http://sales.mafengwo.net/mfs/s15/M00/03/42/CoUBGV354f-AAPrAAARqOJaEyjQ41.jpeg',14),(1791,2662665,'http://sales.mafengwo.net/mfs/s15/M00/03/3F/CoUBGV354f2ANyVUAAIE6xv9oUo33.jpeg',15),(1792,2662665,'http://sales.mafengwo.net/mfs/s15/M00/03/40/CoUBGV354f6ADnyDAAKC1_m3kKA94.jpeg',16),(1793,2662665,'http://sales.mafengwo.net/mfs/s15/M00/03/41/CoUBGV354f-AZ7HEAAN9TjeteWw90.jpeg',17),(1794,2662665,'http://sales.mafengwo.net/mfs/s15/M00/03/44/CoUBGV354gGAR3VmAAkFLVGYDpo31.jpeg',18),(1795,2662665,'http://sales.mafengwo.net/mfs/s15/M00/1F/2B/CoUBGV2u1x6ASXIdAAKc_3mUTXU874.gif',19),(1796,2662665,'http://sales.mafengwo.net/mfs/s15/M00/1F/29/CoUBGV2u1x6ARlOFAAJN3kjfvLw330.gif',20),(1797,2662665,'http://sales.mafengwo.net/mfs/s15/M00/6C/4F/CoUBGV2pOFiAHi95AAFqroue1dU34.jpeg',21),(1798,2662665,'http://sales.mafengwo.net/mfs/s15/M00/6C/4E/CoUBGV2pOFeAddg9AADKN2TQLsQ27.jpeg',22),(1799,2662665,'http://t1-q.mafengwo.net/s11/M00/65/A7/wKgBEFp9PwOAeMWSAABnGuCeMo8692.png',23),(1800,6654643,'http://t1-q.mafengwo.net/s15/M00/99/F0/CoUBGV4divaAfvx2AAq5JEQvGQs80.jpeg',1),(1801,6654643,'http://t1-q.mafengwo.net/s12/M00/E6/9D/wKgED1xGtcOATnSZAAJH0NPLEkQ064.png',2),(1802,6654643,'http://t1-q.mafengwo.net/s12/M00/E6/AF/wKgED1xGtdGAft3nABD4Qvhscps336.png',3),(1803,6654643,'http://t1-q.mafengwo.net/s12/M00/E6/BA/wKgED1xGtdiASNNhACR2nK8_y0w190.png',4),(1804,6654643,'http://t1-q.mafengwo.net/s12/M00/E6/D9/wKgED1xGte-AUDCyAAyceR8URhE368.png',5),(1805,6654643,'http://t1-q.mafengwo.net/s12/M00/0F/D2/wKgED1wEq_CAEy2FACXrsS1vsq8927.png',6),(1806,6654643,'http://t1-q.mafengwo.net/s15/M00/7C/51/CoUBGV4dgNeAYCrnAAignF6t0cA00.jpeg',7),(1807,6654643,'http://t1-q.mafengwo.net/s15/M00/83/B6/CoUBGV4dg6-AMMg-AAV0raXcFZA532.png',8),(1808,6654643,'http://t1-q.mafengwo.net/s15/M00/D0/0F/CoUBGV4cOZaAbTb1AACQNYahuNg705.png',9),(1809,6654643,'http://t1-q.mafengwo.net/s15/M00/A2/AA/CoUBGV4djdCAdb8XAAjbpi71jKc30.jpeg',10),(1810,6654643,'http://t1-q.mafengwo.net/s11/M00/65/A7/wKgBEFp9PwOAeMWSAABnGuCeMo8692.png',11),(1811,2421320,'http://sales.mafengwo.net/mfs/s15/M00/49/E6/CoUBGV4hKQCAWdOwAAcl5xH_qPU04.jpeg',1),(1812,2421320,'http://sales.mafengwo.net/mfs/s13/M00/03/06/wKgEaVzH9vaABNDVAAxA0Dosp9k62.jpeg',2),(1813,2421320,'http://sales.mafengwo.net/mfs/s13/M00/03/23/wKgEaVzH9v2AMO-ZAAs9ikyz81o18.jpeg',3),(1814,2421320,'http://sales.mafengwo.net/mfs/s13/M00/03/3F/wKgEaVzH9wOALMxXAAfpCEdTzto49.jpeg',4),(1815,2421320,'http://sales.mafengwo.net/mfs/s13/M00/03/5A/wKgEaVzH9wmAP-OiAAWJ_m1622Q64.jpeg',5),(1816,2421320,'http://sales.mafengwo.net/mfs/s13/M00/03/6B/wKgEaVzH9w2Ab5amAAZmOBc65Sw72.jpeg',6),(1817,2421320,'http://sales.mafengwo.net/mfs/s13/M00/03/81/wKgEaVzH9xKAMJKaAAi1pwJMeqM49.jpeg',7),(1818,2421320,'http://sales.mafengwo.net/mfs/s13/M00/03/91/wKgEaVzH9xaAVcWcAAWMR1TNaa839.jpeg',8),(1819,2421320,'http://sales.mafengwo.net/mfs/s13/M00/03/A5/wKgEaVzH9xqAZQECAAgMSnjyw9835.jpeg',9),(1820,2421320,'http://sales.mafengwo.net/mfs/s13/M00/03/BB/wKgEaVzH9x-AbT62AAiYbIJit1853.jpeg',10),(1821,2421320,'http://sales.mafengwo.net/mfs/s13/M00/03/CF/wKgEaVzH9ySAEY3TAAQ-X0rRCog67.jpeg',11),(1822,2421320,'http://sales.mafengwo.net/mfs/s13/M00/03/E1/wKgEaVzH9yiAOiCVAAeP5gAWvXk71.jpeg',12),(1823,2421320,'http://sales.mafengwo.net/mfs/s13/M00/03/F1/wKgEaVzH9yyAb2X1AAPdk-6qT6g16.jpeg',13),(1824,2421320,'http://sales.mafengwo.net/mfs/s13/M00/04/9B/wKgEaVzH91uABcATAAZeh4yeBpI50.jpeg',14),(1825,2421320,'http://sales.mafengwo.net/mfs/s13/M00/04/C4/wKgEaVzH92KAPrZiAAWKIJueuKQ15.jpeg',15),(1826,2421320,'http://sales.mafengwo.net/mfs/s13/M00/04/DF/wKgEaVzH92mAGWydAATnK04RMqk91.jpeg',16),(1827,2421320,'http://sales.mafengwo.net/mfs/s13/M00/08/97/wKgEaVzk7beAXXCOAALSLSKAFuo96.jpeg',17),(1828,2421320,'http://sales.mafengwo.net/mfs/s13/M00/08/A1/wKgEaVzk7bqAJA6DAAMffcHEuTU46.jpeg',18),(1829,2421320,'http://sales.mafengwo.net/mfs/s14/M00/9F/CF/wKgE2l1BaMyAJpwQAAROkldxQIg69.jpeg',19),(1830,2421320,'http://sales.mafengwo.net/mfs/s14/M00/A2/C9/wKgE2l1BafiAFga2AAaFYz0rwRI01.jpeg',20),(1831,2421320,'http://sales.mafengwo.net/mfs/s13/M00/C4/ED/wKgEaVydl4SAE4zjAAUflDqeBJ042.jpeg',21),(1832,2421320,'http://t1-q.mafengwo.net/s11/M00/65/A7/wKgBEFp9PwOAeMWSAABnGuCeMo8692.png',22),(1833,7388210,'https://m.tuniucdn.com/fb2/t1/G5/M00/FF/2A/Cii-sluM6rmIfTVIAAF9PDTBsmQAANHaQPzinMAAX1U81_w800_h0_c0_t0.jpeg',1),(1834,7388210,'https://m.tuniucdn.com/fb2/t1/G5/M00/AD/6D/Cii-tFx2UuuIO7AXAA_HD6Xh8cQAAUH1wN2YZQAD8cn98_w800_h0_c0_t0.jpeg',2),(1835,7388210,'https://m.tuniucdn.com/fb2/t1/G5/M00/AD/6D/Cii-slx2UvCIVwClAA7mCtlVLLkAAUH1wPs-swADuYi04_w800_h0_c0_t0.jpeg',3),(1836,7388210,'https://m.tuniucdn.com/fb2/t1/G5/M00/AD/6E/Cii-slx2UvOIBArEAA7XazVpGogAAUH2AC5dpYADteD80_w800_h0_c0_t0.jpeg',4),(1837,7388210,'https://m.tuniucdn.com/fb2/t1/G5/M00/AD/6E/Cii-tFx2UvaISngiAA9m0yGbt9UAAUH2AF7mBMAD2br26_w800_h0_c0_t0.jpeg',5),(1838,7388210,'https://m.tuniucdn.com/fb2/t1/G5/M00/AD/6E/Cii-tFx2UvqIOK7rAA9aUW8E1EQAAUH2AKu2e0AD1pp94_w800_h0_c0_t0.jpeg',6),(1839,7388210,'https://m.tuniucdn.com/fb2/t1/G5/M00/AD/6E/Cii-tFx2Uv2IU51QAA83WCWQQ2EAAUH2AN_bw4ADzdw26_w800_h0_c0_t0.jpeg',7),(1840,7388210,'https://img1.tuniucdn.com/static/img/201911081800/common/placeholder.png',8),(1841,7388210,'https://m.tuniucdn.com/fb2/t1/G5/M00/AD/6E/Cii-slx2UweIXazgAA9WXevGp_MAAUH2QIgtKMAD1Z124_w800_h0_c0_t0.jpeg',9),(1842,7388210,'http://t1-q.mafengwo.net/s11/M00/65/A7/wKgBEFp9PwOAeMWSAABnGuCeMo8692.png',10),(1843,2436618,'http://sales.mafengwo.net/mfs/s15/M00/49/E6/CoUBGV4hKQCAWdOwAAcl5xH_qPU04.jpeg',1),(1844,2436618,'http://sales.mafengwo.net/mfs/s13/M00/66/26/wKgEaVzaP-mABdNsAA1D2Y3JnLM81.jpeg',2),(1845,2436618,'http://sales.mafengwo.net/mfs/s13/M00/66/59/wKgEaVzaP_2AUiMGAAZNFDuK8_401.jpeg',3),(1846,2436618,'http://sales.mafengwo.net/mfs/s13/M00/66/72/wKgEaVzaQAaACkswAAQGztBlbhM77.jpeg',4),(1847,2436618,'http://sales.mafengwo.net/mfs/s13/M00/66/97/wKgEaVzaQBOAK8A8AAgrW_38Y1U59.jpeg',5),(1848,2436618,'http://sales.mafengwo.net/mfs/s13/M00/66/A6/wKgEaVzaQBiAWDc8AAZo6h5nydU60.jpeg',6),(1849,2436618,'http://sales.mafengwo.net/mfs/s13/M00/66/AF/wKgEaVzaQB2AU494AANlNx3bTtQ33.jpeg',7),(1850,2436618,'http://sales.mafengwo.net/mfs/s13/M00/66/BA/wKgEaVzaQCKAK7P1AAUaI6QvGMQ51.jpeg',8),(1851,2436618,'http://sales.mafengwo.net/mfs/s13/M00/66/C4/wKgEaVzaQCeAPk50AAWl_wDc7bs50.jpeg',9),(1852,2436618,'http://sales.mafengwo.net/mfs/s13/M00/66/CF/wKgEaVzaQCuAVKcBAAZhlQsaIuE89.jpeg',10),(1853,2436618,'http://sales.mafengwo.net/mfs/s13/M00/66/EE/wKgEaVzaQDeAaerPAAS9X4i32_A63.jpeg',11),(1854,2436618,'http://sales.mafengwo.net/mfs/s13/M00/66/F9/wKgEaVzaQDuADwrXAAPA_GAXBoY95.jpeg',12),(1855,2436618,'http://sales.mafengwo.net/mfs/s13/M00/67/09/wKgEaVzaQEKACx_CAAPEKQmBypE20.jpeg',13),(1856,2436618,'http://sales.mafengwo.net/mfs/s13/M00/67/1D/wKgEaVzaQEmAYxrrAAgTy2_WYWg53.jpeg',14),(1857,2436618,'http://sales.mafengwo.net/mfs/s13/M00/67/29/wKgEaVzaQE2AJaE4AAbaEp7hPKo23.jpeg',15),(1858,2436618,'http://sales.mafengwo.net/mfs/s13/M00/67/33/wKgEaVzaQFGACrOyAASz13d5bpQ61.jpeg',16),(1859,2436618,'http://sales.mafengwo.net/mfs/s13/M00/67/47/wKgEaVzaQFiAKEI0AAYPe6QIFKA45.jpeg',17),(1860,2436618,'http://sales.mafengwo.net/mfs/s13/M00/67/54/wKgEaVzaQFyAHjt2AAchiGu4Qiw71.jpeg',18),(1861,2436618,'http://sales.mafengwo.net/mfs/s13/M00/67/65/wKgEaVzaQGKAKK9XAAfA8i2mKCM78.jpeg',19),(1862,2436618,'http://sales.mafengwo.net/mfs/s13/M00/67/70/wKgEaVzaQGiAfS4xAAenNOPwCXU58.jpeg',20),(1863,2436618,'http://sales.mafengwo.net/mfs/s11/M00/0F/A6/wKgBEFtX2NGANLJKAAJNvNxjrjw57.jpeg',21),(1864,2436618,'http://sales.mafengwo.net/mfs/s13/M00/68/A8/wKgEaVzaQNGAGvbgAAMFm9yi7YY99.jpeg',22),(1865,2436618,'http://sales.mafengwo.net/mfs/s13/M00/68/87/wKgEaVzaQMWAcyDlAAJtIniK-cY63.jpeg',23),(1866,2436618,'http://sales.mafengwo.net/mfs/s13/M00/08/97/wKgEaVzk7beAXXCOAALSLSKAFuo96.jpeg',24),(1867,2436618,'http://sales.mafengwo.net/mfs/s13/M00/08/A1/wKgEaVzk7bqAJA6DAAMffcHEuTU46.jpeg',25),(1868,2436618,'http://sales.mafengwo.net/mfs/s14/M00/9F/CF/wKgE2l1BaMyAJpwQAAROkldxQIg69.jpeg',26),(1869,2436618,'http://sales.mafengwo.net/mfs/s14/M00/07/06/wKgE2l0sRfSAWuqIAABQcddG4U077.jpeg',27),(1870,2436618,'http://sales.mafengwo.net/mfs/s14/M00/0C/BE/wKgE2l0sR6OACm6PAAIrJ4Pwgv889.jpeg',28),(1871,2436618,'http://sales.mafengwo.net/mfs/s14/M00/07/1D/wKgE2l0sRfqAIQU9AAHefZsuQzU15.jpeg',29),(1872,2436618,'http://sales.mafengwo.net/mfs/s14/M00/0D/50/wKgE2l0sR8WAA4wsAAIqLenC3kI64.jpeg',30),(1873,2436618,'http://sales.mafengwo.net/mfs/s14/M00/07/31/wKgE2l0sRf-AJLfQAAFPglfqEUw75.jpeg',31),(1874,2436618,'http://t1-q.mafengwo.net/s11/M00/65/A7/wKgBEFp9PwOAeMWSAABnGuCeMo8692.png',32),(1875,2583645,'http://t1-q.mafengwo.net/s15/M00/F7/97/CoUBGV4j-ZuAJ06vABUof8D3dws78.jpeg',1),(1876,2583645,'http://t1-q.mafengwo.net/s15/M00/F7/A1/CoUBGV4j-Z-ACja8AB3RA2dmQAA74.jpeg',2),(1877,2583645,'http://t1-q.mafengwo.net/s15/M00/F8/E6/CoUBGV4j-kOAAidaAB6kD-yp1Rk19.jpeg',3),(1878,2583645,'http://t1-q.mafengwo.net/s15/M00/F7/B2/CoUBGV4j-aaARiy4ACHCGf95gxs34.jpeg',4),(1879,2583645,'http://t1-q.mafengwo.net/s15/M00/F7/B9/CoUBGV4j-amARgGdAB3qZbNtMRg12.jpeg',5),(1880,2583645,'http://t1-q.mafengwo.net/s15/M00/F7/C2/CoUBGV4j-a2AM_vVAB7R2M65_cA12.jpeg',6),(1881,2583645,'http://t1-q.mafengwo.net/s15/M00/00/31/CoUBGV4j_fSANdogAAwA5Wm59sE38.jpeg',7),(1882,2583645,'http://t1-q.mafengwo.net/s15/M00/00/3C/CoUBGV4j_fmANmmWAAZOliiDdPs60.jpeg',8),(1883,2583645,'http://t1-q.mafengwo.net/s15/M00/F7/D8/CoUBGV4j-bSAMWatAAfnZdBzNuw79.jpeg',9),(1884,2583645,'http://t1-q.mafengwo.net/s11/M00/82/D0/wKgBEF2HIq6AZm9zAANcjFG3XrA71.jpeg',10),(1885,2583645,'http://t1-q.mafengwo.net/s15/M00/3E/9E/CoUBGV2gEkaAH0IZAALMCdZD_-w65.jpeg',11),(1886,2583645,'http://t1-q.mafengwo.net/s11/M00/83/78/wKgBEF2HIviAAcTqAAN88MAEXdE02.jpeg',12),(1887,2583645,'http://t1-q.mafengwo.net/s14/M00/39/4D/wKgE2l2F3beAVe7vAAODIsnOLhY38.jpeg',13),(1888,2583645,'http://t1-q.mafengwo.net/s11/M00/65/A7/wKgBEFp9PwOAeMWSAABnGuCeMo8692.png',14),(1889,5134815,'http://t1-q.mafengwo.net/s15/M00/F3/A6/CoUBGV26xDCAUQqVAAwr2CLcRUw64.jpeg',1),(1890,5134815,'http://t1-q.mafengwo.net/s15/M00/F3/B0/CoUBGV26xDSAWrWQAAtrZRFG6zs11.jpeg',2),(1891,5134815,'http://t1-q.mafengwo.net/s15/M00/F3/B9/CoUBGV26xDiAFYguAAT8IN69kIM29.jpeg',3),(1892,5134815,'http://t1-q.mafengwo.net/s15/M00/F3/C1/CoUBGV26xD2AZbsxAAyvLej8DQM14.jpeg',4),(1893,5134815,'http://t1-q.mafengwo.net/s15/M00/F3/EC/CoUBGV26xEyAOjV2AApYNJE1omI62.jpeg',5),(1894,5134815,'http://t1-q.mafengwo.net/s15/M00/F3/F9/CoUBGV26xFGAYqyjAA-4uYF032w03.jpeg',6),(1895,5134815,'http://t1-q.mafengwo.net/s15/M00/07/F9/CoUBGV4BwgmAIyxSAAogZ0TYpdI05.jpeg',7),(1896,5134815,'http://t1-q.mafengwo.net/s15/M00/F4/0D/CoUBGV26xFyAIR2cAAsTKY0bY6450.jpeg',8),(1897,5134815,'http://t1-q.mafengwo.net/s15/M00/F4/16/CoUBGV26xGCAdZmyAAyoi7eaRC416.jpeg',9),(1898,5134815,'http://t1-q.mafengwo.net/s14/M00/87/C2/wKgE2l1CzDmAGWUpAAP972KqXnI62.jpeg',10),(1899,5134815,'http://t1-q.mafengwo.net/s14/M00/88/27/wKgE2l1CzG2Aev4BAAcadqjOMVs51.jpeg',11),(1900,5134815,'http://t1-q.mafengwo.net/s11/M00/65/A7/wKgBEFp9PwOAeMWSAABnGuCeMo8692.png',12),(1901,6728665,'http://t1-q.mafengwo.net/s13/M00/51/B1/wKgEaVzOPAaAfUYaAACB_o1O6_M32.jpeg',1),(1902,6728665,'http://t1-q.mafengwo.net/s10/M00/99/A9/wKgBZ11_UA2AVdo5AQZcLBGM7Fg14.jpeg',2),(1903,6728665,'http://t1-q.mafengwo.net/s11/M00/65/A7/wKgBEFp9PwOAeMWSAABnGuCeMo8692.png',3),(1904,2785219,'http://t1-q.mafengwo.net/s14/M00/8D/A5/wKgE2l1bnM2ACA2VAAJXBm7hG8M54.jpeg',1),(1905,2785219,'http://t1-q.mafengwo.net/s14/M00/8D/BD/wKgE2l1bnNOAOP99AANNo_n1RxA72.jpeg',2),(1906,2785219,'http://t1-q.mafengwo.net/s14/M00/8D/D4/wKgE2l1bnNmAbPtFAAJpDkRHN9012.jpeg',3),(1907,2785219,'http://t1-q.mafengwo.net/s14/M00/8D/E3/wKgE2l1bnN2ACDZsAAL4_9qg7DM89.jpeg',4),(1908,2785219,'http://t1-q.mafengwo.net/s14/M00/8D/F7/wKgE2l1bnOKAOaNaAAU8WCksEmM90.jpeg',5),(1909,2785219,'http://t1-q.mafengwo.net/s14/M00/8E/0C/wKgE2l1bnOeAJiWKAAV-KsGZBp003.jpeg',6),(1910,2785219,'http://t1-q.mafengwo.net/s14/M00/8E/40/wKgE2l1bnPSAL0CrAAVBtSBwGAA69.jpeg',7),(1911,2785219,'http://t1-q.mafengwo.net/s14/M00/8E/5D/wKgE2l1bnP2AP_8FAAOBFz2XFMc22.jpeg',8),(1912,2785219,'http://t1-q.mafengwo.net/s14/M00/94/F6/wKgE2l1bnrKAcWFFAAjd8lTmGTY49.jpeg',9),(1913,2785219,'http://t1-q.mafengwo.net/s14/M00/95/57/wKgE2l1bnsqAYOa7AAXAgkgiX3s26.jpeg',10),(1914,2785219,'http://t1-q.mafengwo.net/s14/M00/95/6F/wKgE2l1bntCAHkwaAATfcQpCHFQ65.jpeg',11),(1915,2785219,'http://t1-q.mafengwo.net/s14/M00/95/A6/wKgE2l1bnt-AVnDOAAMXZ0ulR-Y73.jpeg',12),(1916,2785219,'http://t1-q.mafengwo.net/s14/M00/95/C0/wKgE2l1bnueAPWJcAAb-SZr2Bag02.jpeg',13),(1917,2785219,'http://t1-q.mafengwo.net/s14/M00/96/2E/wKgE2l1bnwOAPsR9AARnFr7zkUw72.jpeg',14),(1918,2785219,'http://t1-q.mafengwo.net/s14/M00/00/08/wKgE2l1jXoOANz7JAAP883b5aPg82.jpeg',15),(1919,2785219,'http://t1-q.mafengwo.net/s15/M00/E2/CA/CoUBGV3KEQSAMglOAAKe0U2GJPs88.jpeg',16),(1920,2785219,'http://t1-q.mafengwo.net/s14/M00/FB/31/wKgE2l1jXEmACJibAAR_qy4c8qI53.jpeg',17),(1921,2785219,'http://t1-q.mafengwo.net/s13/M00/6D/CD/wKgEaV2hfEyAAaeEAAGZW3-paRk86.jpeg',18),(1922,2785219,'http://t1-q.mafengwo.net/s15/M00/27/08/CoUBGV3d6DiAWgMgAAAjDEbeplQ71.jpeg',19),(1923,2785219,'http://t1-q.mafengwo.net/s11/M00/65/A7/wKgBEFp9PwOAeMWSAABnGuCeMo8692.png',20),(1924,5762165,'http://sales.mafengwo.net/mfs/s13/M00/DC/35/wKgEaVzTojWALu4WAAJyoRFeHkQ80.jpeg',1),(1925,5762165,'http://sales.mafengwo.net/mfs/s13/M00/DC/55/wKgEaVzTokSAZrChAAWW5ohWGzw30.jpeg',2),(1926,5762165,'http://sales.mafengwo.net/mfs/s13/M00/DC/7E/wKgEaVzTol2AAW9JAKXcKapqszs45.jpeg',3),(1927,5762165,'http://sales.mafengwo.net/mfs/s13/M00/DD/3E/wKgEaVzTor2AT0cSAVNr8lEcC2w07.jpeg',4),(1928,5762165,'http://sales.mafengwo.net/mfs/s13/M00/DD/3E/wKgEaVzTor2AT0cSAVNr8lEcC2w07.jpeg',5),(1929,5762165,'http://sales.mafengwo.net/mfs/s13/M00/DF/18/wKgEaVzTo4yAUI1eAJdbvyXLatE97.jpeg',6),(1930,5762165,'http://sales.mafengwo.net/mfs/s13/M00/DF/73/wKgEaVzTo6iAG26eAPmlNtxJQtY63.jpeg',7),(1931,5762165,'http://sales.mafengwo.net/mfs/s13/M00/E2/4F/wKgEaVzZMNOAP9_MAAVwb5CpqYc21.jpeg',8),(1932,5762165,'http://sales.mafengwo.net/mfs/s13/M00/E2/76/wKgEaVzZMNyAKQuqAAZwCq4iOqU88.jpeg',9),(1933,5762165,'http://sales.mafengwo.net/mfs/s13/M00/E3/B7/wKgEaVzZMR2AMKF2AASpBGEhHYU47.jpeg',10),(1934,5762165,'http://sales.mafengwo.net/mfs/s15/M00/2A/41/CoUBGV3EwdWAT2sLAAVllB2e3Sc60.jpeg',11),(1935,5762165,'http://t1-q.mafengwo.net/s11/M00/65/A7/wKgBEFp9PwOAeMWSAABnGuCeMo8692.png',12);

/*Table structure for table `t_seller` */

DROP TABLE IF EXISTS `t_seller`;

CREATE TABLE `t_seller` (
  `seller_id` int(11) NOT NULL AUTO_INCREMENT COMMENT '商家表id',
  `name` varchar(128) CHARACTER SET utf8 NOT NULL COMMENT '店铺名',
  `fullname` varchar(128) COLLATE utf8mb4_unicode_ci DEFAULT NULL COMMENT '全名',
  `logo` varchar(256) COLLATE utf8mb4_unicode_ci DEFAULT '店铺图标logo',
  PRIMARY KEY (`seller_id`)
) ENGINE=InnoDB AUTO_INCREMENT=103616 DEFAULT CHARSET=utf8mb4 COLLATE=utf8mb4_unicode_ci;

/*Data for the table `t_seller` */

insert  into `t_seller`(`seller_id`,`name`,`fullname`,`logo`) values (1252,'景途旅行','前途似锦旅行有限公司','https://dd-static.jd.com/ddimg/jfs/t1/217173/2/11518/26050/61ef63f8E3e458a8b/71fc7a96887a0cac.png'),(1326,'佰廉旅游','佰佰廉廉快乐游旅行社','https://dd-static.jd.com/ddimg/jfs/t1/159915/27/27221/53267/61ef64d4E608cb619/dc62086455e3f0c4.png'),(1853,'大脚驿站',NULL,'店铺图标logo'),(2762,'空港国旅',NULL,'店铺图标logo'),(2875,'享自由','享受自由自在旅行社','https://dd-static.jd.com/ddimg/jfs/t1/173479/24/25350/89521/61ef650bEae0a625e/046eb1b30ca30493.png'),(2896,'达美旅行',NULL,'店铺图标logo'),(3144,'海南百事通',NULL,'店铺图标logo'),(3189,'上海中信旅行',NULL,'店铺图标logo'),(3287,'金海洋',NULL,'店铺图标logo'),(50576,'春雪国际',NULL,'店铺图标logo'),(50639,'海南五只蜗牛','大海南方五只蜗牛公司','https://dd-static.jd.com/ddimg/jfs/t1/88658/6/22211/26605/61ef655fE0d3d1117/85b955a5ec0bba71.png'),(51233,'思鹿旅行',NULL,'店铺图标logo'),(51392,'畅玩旅游',NULL,'店铺图标logo'),(51908,'新国旅',NULL,'店铺图标logo'),(52172,'麦趣旅行',NULL,'店铺图标logo'),(52214,'Kingstar',NULL,'店铺图标logo'),(52292,'六人游',NULL,'店铺图标logo'),(52700,'圣地国旅',NULL,'店铺图标logo'),(52715,'小帮旅行',NULL,'店铺图标logo'),(53729,'蓝途定制',NULL,'店铺图标logo'),(54257,'路书国旅',NULL,'店铺图标logo'),(54551,'云南五洲国旅','云南五洲国际旅行社有限公司','http://t1-q.mafengwo.net/s10/M00/D5/9C/wKgBZ1o0hPeASInvAAAfCtXdmRw03.jpeg'),(56048,'驴行天下',NULL,'店铺图标logo'),(56243,'仙贝自由行',NULL,'店铺图标logo'),(57383,'米驴旅行',NULL,'店铺图标logo'),(57860,'海韵国旅总部',NULL,'店铺图标logo'),(57953,'视界游',NULL,'店铺图标logo'),(58445,'环洋国旅',NULL,'店铺图标logo'),(59087,'全球通旅游',NULL,'店铺图标logo'),(63018,'猎途旅游',NULL,'店铺图标logo'),(70750,'圈子旅行',NULL,'店铺图标logo'),(72313,'探猫旅行',NULL,'店铺图标logo'),(73393,'欢游世界',NULL,'店铺图标logo'),(75049,'旅行定制狮',NULL,'店铺图标logo'),(76090,'地涂旅行',NULL,'店铺图标logo'),(79819,'小众之旅',NULL,'店铺图标logo'),(81193,'两人行旅游',NULL,'店铺图标logo'),(84613,'趣乐途旅行',NULL,'店铺图标logo'),(89140,'陀螺旅行',NULL,'店铺图标logo'),(97519,'乐蜀旅行',NULL,'店铺图标logo'),(98776,'臻途旅游',NULL,'店铺图标logo'),(100981,'鸿鹄逸旅',NULL,'店铺图标logo'),(102313,'SilkRouteTrips',NULL,'店铺图标logo'),(103390,'那岛旅行',NULL,'店铺图标logo'),(103615,'游马旅行',NULL,'店铺图标logo');

/*Table structure for table `t_travel_note` */

DROP TABLE IF EXISTS `t_travel_note`;

CREATE TABLE `t_travel_note` (
  `id` int(11) NOT NULL AUTO_INCREMENT,
  `title` varchar(256) COLLATE utf8mb4_unicode_ci NOT NULL COMMENT '标题',
  `cover_image` varchar(256) COLLATE utf8mb4_unicode_ci DEFAULT NULL COMMENT '封面图',
  `description` varchar(512) COLLATE utf8mb4_unicode_ci DEFAULT NULL COMMENT '描述',
  `location` varchar(128) COLLATE utf8mb4_unicode_ci DEFAULT NULL COMMENT '位置',
  `view_count` varchar(64) COLLATE utf8mb4_unicode_ci DEFAULT NULL COMMENT '浏览量',
  `up` int(11) DEFAULT NULL COMMENT '点赞数',
  `type` tinyint(1) DEFAULT NULL COMMENT '1-热门游记，0-最新发布',
  `create_time` datetime DEFAULT CURRENT_TIMESTAMP COMMENT '创建时间',
  PRIMARY KEY (`id`)
) ENGINE=InnoDB AUTO_INCREMENT=23486068 DEFAULT CHARSET=utf8mb4 COLLATE=utf8mb4_unicode_ci;

/*Data for the table `t_travel_note` */

insert  into `t_travel_note`(`id`,`title`,`cover_image`,`description`,`location`,`view_count`,`up`,`type`,`create_time`) values (23448533,'厦门就是那个我梦中喜欢的样子|#拯救周末计划#48小时带你匆匆...','http://t1-q.mafengwo.net/s17/M00/2D/90/CoUBXmF2lTKAY29tAC4CtVks1Xg152.jpg','如果你拥有48小时，那就让我作为你的导游开启我们这次的 厦门 超短途之旅吧！ 厦门 这座城市是我一直心心念念想要去的旅行目的地，然鹅去过的朋友都跟我说，不要有太多幻想喔，也就那么回事...','厦门','2600/3',54,1,'2021-12-23 17:27:37'),(23448683,'弗吉尼亚州2.0⎮初探弗吉尼亚海滩、诺福克、威廉斯堡与里士满...','http://t1-q.mafengwo.net/s18/M00/EE/A9/CoUBYGF2UniAbpgkAA1_cyRBHtE857.jpg','弗吉尼亚州 有许多有趣的小镇，历史悠久的这一州份值得一而再再而三地访问，而2021年5月1日这一天，我就又一次地来到了这个地方，去探索一下从未去过的 美国 大西洋最大的军港城市 诺福克 ...','弗吉尼亚州','1881/46',106,1,'2021-12-23 17:27:37'),(23449020,'APP','http://t1-q.mafengwo.net/s18/M00/9C/1D/CoUBYGFfrzSAAxgtAAVm-qOmLJk620.jpg','有趣的人生， 一半是家常里短， 一半是山川湖海 而我带着我的家长里短——小豌豆童鞋，在国庆节奔赴 海南 ~ 行程的开始非常美好， 两组闺蜜家庭，一对青梅竹马 在 儋州 挖螃蟹赶海 在棋子湾...','海南','24681/95',878,1,'2021-12-23 17:27:37'),(23449646,'广州社畜的咖啡生活|广州CBD【天河区】咖啡探店指南','http://t1-q.mafengwo.net/s17/M00/5B/96/CoUBXmF49GOABzVQAAa7Yb3INVA966.jpg','关于“功能性饮料”咖啡 现代人，特别是上班一族、白领社畜，每天不喝上一杯咖啡何以续命？除了周末或节假日，或许还有时间细细地品尝一杯油脂丰满充满果香来自不同国家不同晾晒方式的咖啡...','广州','19612/48',913,1,'2021-12-23 17:27:37'),(23449874,'北纬48度的秋天，是被宇宙咬碎的黄昏','http://t1-q.mafengwo.net/s18/M00/FF/E1/CoUBYGFs7tKAIBcBAB7aus-roFU950.jpg','阿勒泰的秋 如果说旅行也分潮流，那“ 喀纳斯 ”在我的印象中一直是“过气明星”般的存在。 禾木 、 可可托海 、 喀纳斯 ...这些国内最早的一批旅行地，名字都听出了茧，几十年过去还剩下什...','阿勒泰','21128/90',1078,1,'2021-12-23 17:27:18'),(23450371,'山水浮生醉，雨润富春色——乘一场富阳的晚风酥雨品味富春山...','http://t1-q.mafengwo.net/s16/M00/37/F9/CoUBUmFy5xOAVBzuAAwJJ3ZPY3k296.jpg','序章｜富春山居，浮生半日 你是否还记得，中学课本里吴均的《与朱元思书》那一句——“自 富阳 至 桐庐 一百许里，奇山异水，天下独绝”？ 你可曾听说过、或是亲眼见过黄公望笔下所绘的那幅...','富阳','35366/8',149,1,'2021-12-23 17:27:18'),(23450510,'探秘梅里北坡徒步丨穿越消失的地平线，一场自我救赎之旅','http://t1-q.mafengwo.net/s18/M00/E2/99/CoUBYGFr2MaAQIqmAA7BRlCI61s438.jpg','So do all who live to see such times. But that is not for them to decide.All we have to decide is what to do with the time that is given to us. 每个人遇到难关都会这么想，但是我...','丽江','28149/162',1326,1,'2021-12-23 17:27:18'),(23450805,'杭州富阳丨秋游诗画春江，寻觅实景“富春山居”','http://t1-q.mafengwo.net/s18/M00/EE/B4/CoUBYGF2UpOAGeyiAAxFV4UXtwE345.JPG','寻寻觅觅，春江秋意浓 富阳 ，古称“富春”，是 杭州 市辖区。一条富春江贯穿城区，青山旖旎在畔，绿水环抱当中。 “自 富阳 至 桐庐 ，一百许里，奇山异水，天下独绝。”南朝梁代著名文学...','富阳','32881/24',196,1,'2021-12-23 17:27:18'),(23451287,'APP','http://t1-q.mafengwo.net/s17/M00/37/8F/CoUBXmF2yTKAe1G-AAwsVXZ7_x4392.jpg','那个一直活在你想象中的事物，突然变成了有形世界的一部分——不管你和它之间相隔多少山脊、河流和炙烤的土路——从此以后，它都永远属于你。——Freya Stark, The Valleys of the Assasins ...','伊犁','28394/141',1623,1,'2021-12-23 17:27:18'),(23451807,'【九色甘南】四年再出发，追寻洛克的足迹','http://t1-q.mafengwo.net/s18/M00/44/28/CoUBYGF6AdCAFOCuAAobCRjPpjM880.jpg','游记开始前，先看看本次旅行VLOG吧 出发吧！时隔四年的甘南之约 甘南 对我，并不陌生， 四年前，早在扎尕那还未大红大紫之时我便驱车自驾过一圈， 那次旅行虽收获满满，却也留下不少遗憾， ...','甘南','25681/54',422,1,'2021-12-23 17:27:18'),(23451930,'忽而“京”夏，忽而秋意浓@小卢澄子','http://t1-q.mafengwo.net/s18/M00/33/BD/CoUBYGGbg9KAMOyrAAed0PcEwJU465.jpg','序言 因为这半年在 石家庄 的天时地利，一直在心里有地位的 北京 终于提上日程 2016年春天第一次到 北京 ，2017年10月1号路过 北京 ，至此便再没有其他计划 北京 的秋在老舍的笔下，就有了...','北京','22215/40',631,1,'2021-12-23 17:27:18'),(23452555,'疆之南，帕米尔之秋 | 带父母南疆10日自驾游','http://t1-q.mafengwo.net/s17/M00/39/A7/CoUBXmGkjjyAVZfDAAlFJgHFgn4559.jpg','| 开篇，溯源 | 电脑上“ 南疆 ”的文件夹里躺着1340个文件，一张张照片带我又回到了30天前。 我其实很庆幸，我能顺利完成这十个日夜的 南疆 行程，太不容易了。 曲折的剧情回顾： 2020年7...','南疆','25062/143',1450,1,'2021-12-23 17:27:18'),(23452685,'寻找香巴拉——库拉岗日、乃钦康桑十日徒步记（2021-10）','http://t1-q.mafengwo.net/s17/M00/9C/6B/CoUBXmF6sA-AUmsAAAimzsgnMKc831.jpg','无径之林，常有情趣; 无人之岸，几多惊喜; 岸畔崖间，鼓涛为乐; 无人驻足，是为 桃源 ; 吾爱世人，自然甚之， 摈弃自我，退身自思， 拥抱自然，灵感如泉， 面对自然，全无顾忌。 ——拜伦 背...','西藏','22161/134',1173,1,'2021-12-23 17:27:17'),(23452758,'APP','http://t1-q.mafengwo.net/s18/M00/20/1A/CoUBYGF4IVmANpvrABgzb2KY1J0748.jpg','缘起 有一天和别人聊天，不知怎么就提到了 东北 。我说 东北 好啊，喜欢人文旅行的，都应该去 东北 看看。对方充满疑问， 东北 有什么人文景点？ 我恍然 大悟 ，原来 东北 被人遗忘的，不止...','东北','4185/43',222,1,'2021-12-23 17:27:17'),(23452888,'72小时漫游镇海，请收下这封海滨小城的秋日来信','http://t1-q.mafengwo.net/s17/M00/DC/45/CoUBXmF9BTiAF91FAAVmcmFD4LU403.jpg','漫游镇海 时隔一个月，我们又去 宁波 了。 这次的目的地是 宁波 镇海，一座 东海 沿岸的海滨小城。 说到镇海，我的思绪便回到了高中的时候。 做为 浙江 的高中生，我想没有人没听说过镇海中...','宁波','22563/35',396,1,'2021-12-23 17:27:17'),(23453056,'自驾千里|我眼中的山川湖海、西域大漠都在这新疆的AB面','http://t1-q.mafengwo.net/s18/M00/1A/9E/CoUBYGGA0YeARIv6ADcsaS2ocXY717.jpg','我想去的新疆 如何在有限的时间里看更多的风景，是我准备去 新疆 旅游时一个大大的烦恼。 新疆 ，一个从名字里就能看出“大”的地方，在这片疆域中，或许一个县城就能抵上2个 浙江 省。在这...','新疆','36314/100',1242,1,'2021-12-23 17:27:17'),(23453238,'APP','http://t1-q.mafengwo.net/s18/M00/C7/B6/CoUBYGFgQsSAEyuIAAVa0oXihN8635.jpg','前言 吃好！住好！玩好！ 可能是每一个家庭出游的主题 我们家，还有一项更重要的主题 摄好！ 老爸是名摄影发烧友。 他有独家赞助商——他老婆， 他有专业私人导游——他女儿。 我们的摄影小...','海西','6857/81',353,1,'2021-12-23 17:27:00'),(23453428,'无锡 惠山古镇 江南最美赏秋地｜包罗万千的亲子研学之旅 收获...','http://t1-q.mafengwo.net/s17/M00/5A/C6/CoUBXmGBOJeAM5ZBAAcd47OUUcM770.jpg','江南最美秋色 弥补了我们今年的秋日遗憾 惠山古镇Vlog 没有人不爱逛古镇，它 太特 别了。 追风思忆的古风建筑，心波荡漾的幽径小巷， 彷佛映射在这里的暖阳与明月，都是与众不同的。 我们家...','无锡','29009/26',250,1,'2021-12-23 17:27:00'),(23454772,'【北京吃喝指南】至少对于游客，这里不是美食荒漠（语气要斩...','http://t1-q.mafengwo.net/s17/M00/F8/89/CoUBXmF-Et6AWSs8ADx17hO-v5Y846.jpg','序：别对美食荒漠的调侃太认真 别对 北京 美食荒漠的调侃太认真。大清早的豆汁的味道可能让你整天都反胃，那为什么不来一张糖油饼配一碗肉沫豆腐脑呢？ 北京 小吃常被嘲讽，但是游玩后的饥...','北京','29736/199',1767,1,'2021-12-23 17:27:00'),(23455199,'南疆秘境 | 跨越千年，寻大漠中失落的古西域','http://t1-q.mafengwo.net/s18/M00/05/C7/CoUBYGF2u-yAMf3WAAdA5Zlefec604.JPG','- 序 - 天山以南，又名 南疆 。 亚欧大陆腹地，离海洋最远的地方。 遥远的中世纪风情，深刻的人文记忆。 这里，是无数人心中向往的西域边疆。 ▲ 喀什 噶尔 的白天格外漫长，弯弯绕绕的古巷...','南疆','4612/42',341,1,'2021-12-23 17:27:00'),(23455278,'海西老友记，派发色彩盲盒给你','http://t1-q.mafengwo.net/s16/M00/C7/04/CoUBUmGIBUeAK58YAAwiYphm4T0363.jpg','序｜为什么是海西？ Life is like a box of chocolates, you never know what you\'re going to get. 生活就像一盒巧克力，你永远不知道接下来会得到哪一颗。 Haixi is like a mystery box o...','海西','107470/66',1177,1,'2021-12-23 17:26:59'),(23455310,'临海知味 | 在秋日里探寻台州府城的古今意蕴','http://t1-q.mafengwo.net/s16/M00/AA/A6/CoUBUmGG5P2AZzdQABD_6dOlUKA256.jpg','序章｜临海之古城新韵 旅行仿佛就是一场以梦为马的路程，带着幻想，怀着期待；总有一些风景不容错过；总有一些美食不可辜负。 悠远的历史让 临海 这座城市沉淀出了岁月的厚度，登“ 江南 长...','临海','35338/28',408,1,'2021-12-23 17:26:59'),(23456110,'山西大同｜年少时不要被琐事与懒惰裹挟，因为你值得看遍世间...','http://t1-q.mafengwo.net/s18/M00/04/B5/CoUBYGF2tuKAFKl5ABWiUmuceKw488.jpg','引子 在今年十一国庆，我经过了长达一周的选择困难症后，选择自驾和他去往 山西 。俗话说“千年历史看 北京 ，三千年历史看 陕西 ，五千年历史看 山西 。”还有人说“地下文物看 陕西 ，地...','大同','3756/29',171,1,'2021-12-23 17:26:59'),(23456124,'我们用一个月来了解丽江，然后一生难忘！','http://t1-q.mafengwo.net/s18/M00/0E/A0/CoUBYGGJF0KAZGTRABzdZH0bRVE883.jpg','说起 丽江 ，你会想到什么呢？是妖娆的古城？还是靓丽的民族风情？是美丽的自然风光？还是自在的民宿生活？ 丽江 是个神奇的地方，这里让人感觉到自由，随处又可以发现惊喜。 丽江 生活了一...','丽江','32417/131',1399,1,'2021-12-23 17:26:59'),(23456279,'致世界的另一个我丨新疆蜜月之旅（附超强攻略）','http://t1-q.mafengwo.net/s17/M00/48/D3/CoUBXmGA35CAVDg9ABDmWiSZHXk59.jpeg','写在开始 当旅行成为我们逃脱现实生活的一种方式开始，我们总会在疲惫的时候计划出游，这些年我们一起走过很多城市、领略很多风景，为何 新疆 如此特别？让我一个极其懒的人愿意把它记录下...','新疆','4643/33',198,1,'2021-12-23 17:26:59'),(23456498,'富春山居 | 跟随传奇画卷游历富阳，不负山水不负城','http://t1-q.mafengwo.net/s17/M00/47/52/CoUBXmGKPkCAbnBoAAVslzjVPdo281.jpg','水送山迎入富春，一川如画晚晴新 云低远渡帆来重，潮落寒沙鸟下频 未必柳间无谢客，也应花里有秦人 严光万古清风在，不敢停桡更问津。 「 一幅画一座城 」 这趟行程从一副画开始，600多年前...','富阳','33219/12',154,1,'2021-12-23 17:26:59'),(23456722,'APP','http://t1-q.mafengwo.net/s17/M00/F9/F3/CoUBXmF1PESAD3WDAAuGFMnWU8o759.jpg','在课本的文字间，在摄影师的镜头下，胡杨林早已成为秋天的印象。我想圆一次看秋天的胡杨的梦，但又不想花昂贵的机票钱，于是就有了我们这次10天自驾5500公里，从 北京 自驾去 额济纳旗 的旅...','内蒙古','5707/14',231,1,'2021-12-23 17:26:59'),(23459513,'48小时青岛漫游指南· 赶上“秋”的末班车','http://b1-q.mafengwo.net/s17/M00/71/97/CoUBXmGLxeeAdRDvAAngEeOdRfQ310.jpg','前言| 秋天的青岛，值得 从夏天开始，就眼馋 青岛 了。 感觉整个朋友圈都去了 青岛 旅行，打开各个app的首页推送都是 青岛 ，每天都在被美图轰炸。在海边的咖啡屋喝下午茶像是在 济州岛 ，...','青岛','29020/89',1485,1,'2021-12-23 17:26:59'),(23459864,'以色列杂记','http://t1-q.mafengwo.net/s16/M00/6F/43/CoUBUmGN1hOAFrPpAALhuvXDjWA149.jpg','去 以色列 很久了，总有种混乱、理不清的感觉。我带着朝圣的心情去，当《圣经》中的很多地点变成现实，出现在我面前时，并没有预想的激动，更多的是被游客、商业和拥挤变得毫无感觉。 以色...','以色列','22738/158',1098,1,'2021-12-23 17:26:39'),(23460509,'贵州六日｜黔与黔寻——黔东南、黄果树瀑布、梵净山、黔南的...','http://t1-q.mafengwo.net/s16/M00/2B/35/CoUBUmFpnTCAHPElAA8AmFXN35s243.jpg','写在前面 2021年的国庆行程，早在7月就开始盘算去哪玩，思考过很多个地方： 甘南 ， 重庆 ， 额济纳旗 ， 贵州 。 甘南 人少，可是太冷，草都黄了； 重庆 国庆人太多，而且两天就玩完了； ...','贵州','5509/28',194,1,'2021-12-23 17:26:39'),(23460652,'疫情年，我在新西兰流浪 | 记第三次环岛','http://t1-q.mafengwo.net/s18/M00/CF/22/CoUBYGGYYgOAZO3NAA3Wa_XfRU8745.jpg','序 ❅ 生活在别处 2020年的这个世界，真是太荒谬了。 从来没有想过会有这么一天：全球航班停摆，各国关了边境，没有口罩手套护体，出门如赴刑场，心慌慌，人焦虑，荧幕上的灾难片成了我们每...','新西兰','27738/164',1070,1,'2021-12-23 17:26:39'),(23460859,'拉萨往事一二则（拉萨及周边超详细打卡攻略）','http://t1-q.mafengwo.net/s16/M00/C5/44/CoUBUmGPWGmAC-AfAAXOK31j-lM552.jpg','30公里，20公里，10公里…… 拉萨 正在靠近。 过了 墨竹工卡 后，我就一直在注意旁边的路牌。随着公里数的减少，越来越激动。转身看到身旁的两只小伙伴，已经开始唱歌、弹响指，兴奋到不能自...','拉萨','26687/142',1069,1,'2021-12-23 17:26:39'),(23461199,'秋日逆行大西北，穿过河西走廊，越过千湖之地，带走你的故事...','http://t1-q.mafengwo.net/s17/M00/ED/F2/CoUBXmGGTvGAIX_nABSVS6MDXUI453.jpg','序 旅行的目的是什么？关于这个问题，每次出行，都会有不一样的答案。无论是大都市的车水马龙、桃花源的高山流水，还是荒无人烟的沙漠冰川，只要是陌生的环境，总能唤起内心的悸动。 一张照...','青海','4799/11',212,1,'2021-12-23 17:26:39'),(23461868,'【蜂首纪念】长白山本溪自驾 | 看尽漫山层林尽染，赴一场极致...','http://t1-q.mafengwo.net/s16/M00/EB/4A/CoUBUmFi9WiAICiyAAzb3Wh6NNs878.jpg','我一直是一个很喜欢彩色事物的人，向往一切浪漫的东西，所以初中的时候给自己取了个网名“彩虹味的棉花糖”，一直用到了现在。忘了从什么时候开始对北方的秋天极其神往，一直盼着能在十月和...','东北','36518/94',811,1,'2021-12-23 17:26:38'),(23461954,'新疆丨心上人，我在可可托海等你丨北疆环线雪地自驾','http://t1-q.mafengwo.net/s16/M00/F9/89/CoUBUmGJ66qAMKx6AAupV4T9px4541.jpg','“我们这一生，要自己上路。 路过踌躇满志，路过困顿怀疑 路过傲慢无礼，路过世俗功利 路过爱与不爱，路过幡然醒悟 路过接受理解，路过自己的一生。” -----赫尔曼·黑塞 我们在路上 关于去...','新疆','1596/8',82,1,'2021-12-23 17:26:38'),(23462357,'深秋与东北的碰撞丨长白山、延吉、长春、吉林｜独自在街头邂...','http://t1-q.mafengwo.net/s18/M00/8C/C4/CoUBYGGSW_aAc3HAAAryKopWxrE288.jpg','Preview 在我的印象中， 吉林 这个省份的存在感一直比较弱。 除了 长白山 和近来因为美食而出圈的 延吉 ，作为南方人的对它我知之甚少。 自从读到一篇游记，才坚定了我要在色彩绚烂的秋季造...','吉林','1494/14',84,1,'2021-12-23 17:26:38'),(23462635,'杭州，再相见也是很有意思的呀','http://t1-q.mafengwo.net/s16/M00/3B/79/CoUBUmAAAsyAAgxyAAwbtSmthBQ534.jpg','杭州啊，再相见 没能泛舟西湖赏三月美景，没能目睹十景之雷峰夕照，没能遇见九溪的深秋，没能登飞来峰寻千古名篇，没能赶上一场许仙偶遇白娘娘的断桥春雨，没能品上一壶梅坞 龙井 ，就连我...','杭州','4491/29',152,1,'2021-12-23 17:26:38'),(23462719,'这一次，6000km新疆南北疆，不一样的打开方式，既洒脱也温柔','http://t1-q.mafengwo.net/s16/M00/F8/A1/CoUBUmFvu-iAf9LaAAmV4UebscQ030.jpg','我有 有没有一次旅行，是你最与众不同的？ 有没有一次旅行，是在你计划之外的？ 有没有一次旅行，是你最释放真我的？ 有没有一次旅行，是你有最多故事的？ 我有。 在这个悄然来临的秋天， ...','新疆','6782/73',277,1,'2021-12-23 17:26:38'),(23462929,'APP','http://t1-q.mafengwo.net/s17/M00/14/D4/CoUBXmF-p1uAMPOBAA1SNeEpSkM019.jpg','公元617年，群雄纷起，隋帝国基本算是完蛋了，隋恭帝杨侑只不过是李渊的提线木偶罢了。而这一年，凤栖郡隋仁寿宫据说出现白麒麟，祥瑞出现，这是李家的祥瑞，而不是杨家的祥瑞，公元618年，...','麟游县','3098/17',116,1,'2021-12-23 17:26:38'),(23463285,'你好，灯塔！▪ 潮汕南澳岛8日亲子吃喝自驾游（内附亲测美食）','http://t1-q.mafengwo.net/s17/M00/38/E1/CoUBXmGXikCAegy2AARU8hwxeFg464.jpg','写在前面 在遥远的天边有一座小岛， 岛上礁石的最高处矗立着一座 灯塔 。 它恒久地站在那里， 面向大海，放射光芒， 为过往的航船指引方向。 从黄昏到黎明， 灯塔 放射出一束束光芒。 —— ...','汕头','1998/4',158,1,'2021-12-23 17:26:38'),(23463366,'APP','http://t1-q.mafengwo.net/s16/M00/4D/42/CoUBUmFKxieARlOfABN7-6HyOwU704.jpg','前言·得不到的永远在骚动 中国 提出建设“新 丝绸之路 经济带”，“ 丝绸之路 ：长安—天山廊道的路网”申遗 成功 ，令一条沉寂千年的传奇路网重新走入人们视野。沿着这条道路，多年前我曾...','新疆','2799/4',190,1,'2021-12-23 17:26:17'),(23463414,'从北走到南，用脚步感受新疆天山风情——2021乌孙古道全记录','http://t1-q.mafengwo.net/s16/M00/13/7D/CoUBUmGXMHuARfI-ABKTPQx1ezY384.jpg','为什么来乌孙古道？ 因为不想浪费国庆长假，又不想去人满为患的城市景区，于是在网上寻找徒步路线，在看了众多游记及攻略后，最终选择了位于 新疆 的“乌孙古道”。 新疆 拥有多条绝美徒步...','新疆','2424/23',124,1,'2021-12-23 17:26:17'),(23463701,'「爱拉手绘 」稍息！立正！在爱拉大脑中，关于湖北的记忆正在...','http://t1-q.mafengwo.net/s17/M00/98/BE/CoUBXmGR4P2AJM9dAAypnAXbgpU515.jpg','感觉好久都没有这么有冲动要写一篇游记了，应该是最近这些年一直把重心放在贝壳儿身上的缘故。 接连不断的考试、考级、复习、预习，让我渐渐丢失了自己。 这次 湖北 之行仿佛打开了爱拉被深...','恩施','2354/15',151,1,'2021-12-23 17:26:16'),(23463899,'房车自驾｜土家族姑娘的湘•黔环游记','http://t1-q.mafengwo.net/s17/M00/74/3D/CoUBXmGL0w6AQP2mAA8EuStb79Y285.JPG','题记 人总要给忙忙碌碌的生活找点不一样的乐趣， 或是约一约许久不见的老朋友吃一顿火锅， 或是打一场酣畅淋漓的篮球比赛， 或是安静的看完一本喜欢的书， 亦或是去那个一直想去却还不曾到...','贵州','32073/240',1372,1,'2021-12-23 17:26:16'),(23463924,'延吉5日游｜一半边境，一半美食。','http://t1-q.mafengwo.net/s17/M00/6E/86/CoUBXmGCI7-AeyjCAAeM5-3ESCY934.jpg','因为不能出国，国内的边境城市便成了可以体验异国风情的地方。 比如 东南亚 风的 西双版纳 、 芒市 ，与 俄罗斯 接壤的 内蒙古 恩和。 还有一个曾经存在感很低，现在却火起来的、与 朝鲜 接...','延吉','37215/151',1974,1,'2021-12-23 17:26:16'),(23464609,'总有那么一个理由让我千里而来，遇见土楼之秋','http://t1-q.mafengwo.net/s17/M00/57/68/CoUBXmGBHQyAHNxVABsBUPqppmc619.jpg','写在前面的话 很多人去土楼都是因为看了大鱼海棠 我呢？其实要从一张邮票说起 小时候写信总会贴邮票 那时候最经常用到的就是 中国 民居中的 福建 民居那一张土楼的邮票了 小小的我第一次在...','南靖','24199/139',1182,1,'2021-12-23 17:26:16'),(23464620,'APP','http://t1-q.mafengwo.net/s18/M00/10/9D/CoUBYGGbJcKAOxRLAAwmSOD_i8A977.jpg','出发前几天临时改的目的地，周一请公休的时候本来是想去 北京 的，因为有疫情新增……我的秋冬 北京 拍照打卡又不得了好难过，哎…… 周三我们就定了去 海南 ，不过 海南 我也没去过，主要是...','三亚','3933/33',142,1,'2021-12-23 17:26:16'),(23465594,'南京南京，该怎么赞美你才好。','http://t1-q.mafengwo.net/s17/M00/CD/C1/CoUBXmGcwpeAB8ixAAzxNAosPrE498.JPG','南京 我去过不知道多少次了，在印象中就是有点沉闷，到处都在施工，永远都在修路。就像现在的 杭州 。 可是这次再去，我就后悔为什么我只能在这里呆2天，2天连钟山都不够好好逛的。 因此非...','南京','6420/39',230,1,'2021-12-23 17:26:16'),(23465699,'8天5千里路，自驾内蒙古边境线！打卡秋天的黄橙蓝灰白内蒙古知秋','http://t1-q.mafengwo.net/s17/M00/97/78/CoUBXmGaKsOAFYZzABeJ-G2DhIc340.jpg','“一期一会”是我的朋友许总给四人青年旅行团起的名字。 “一期一会”的第二年，也是走边境线的第二年，我们选择飞往 海拉尔 ，开启8天的内蒙- 俄罗斯 - 蒙古 边境线自驾之行。 2019年国庆...','内蒙古','4170/36',180,1,'2021-12-23 17:26:16'),(23465727,'佛山三水丨到过不少远方，最爱还是家乡【附小众土著玩法】','http://t1-q.mafengwo.net/s18/M00/D2/A3/CoUBYGFPBoSANMUcAAe673BA4lo01.jpeg','—— 序：粤语Vlog「淼城记忆」 2020年突如其来的疫情，让世界按下了暂停键。有人留在异乡，有人回到家乡。究竟，何处安是吾乡？ 也许是一个契机，跑不了海外，让我细品了祖国的大好山河，...','佛山','28166/130',970,1,'2021-12-23 17:26:16'),(23466871,'石家庄是旅游荒漠？换个打开方式重启试试？｜拯救周末计划','http://t1-q.mafengwo.net/s19/M00/82/4E/CoNK6WGvYZ1riXnWAFD20PbGisY.png','前言和预告 去 石家庄 玩儿？听上去就已经够无趣的了。 首航无限飞飞了6次后，发现实在没太多选择了。 对比了下剩下的航线，最终 石家庄 在起降时间这方面胜出，于是那就干脆来个『 石家庄 ...','石家庄','19741/110',926,1,'2021-12-23 17:26:16'),(23467304,'【蜂首纪念】天上阿里，一错再错 |  城市SUV生死穿越阿里中线...','http://t1-q.mafengwo.net/s17/M00/77/A1/CoUBXmGqJnSAJK2ZAAk30rbkKco725.jpg','开篇序 对祖国大西部的喜爱，真的是一去再去，近几年来一旦有假期就会想着那边的风光，来一趟自驾！ 曾多次去过 西藏 、 青海 、 新疆 ，对 新疆 自驾非常的喜欢，自然风光、人文地貌丰富，...','阿里','25902/262',1772,1,'2021-12-23 17:26:16'),(23467332,'在义乌吃遍全球美食｜拯救周末计划','http://t1-q.mafengwo.net/s16/M00/D6/BF/CoUBUmFNUuyAaM0gAAgO4xLMIBI065.JPG','前言和预告 去 义乌 其实是蓄谋已久又临时的决定。 在一个星期前，路上开着车时我突发奇想和刘老师说，我们找个周末去 义乌 吧，听说 义乌 有特别多异国美食。 在不能出国的2年里，可能这样...','义乌','7430/17',216,1,'2021-12-23 17:25:49'),(23467507,'北京系列5.0：花三天时间，陪父母看看向往的北京城..','http://t1-q.mafengwo.net/s16/M00/EB/79/CoUBUmGVtYuAFvapABG9Gx_W5Io041.jpg','序｜60后向往的北京城 或许真的没有一座城市如 北京 这般，让我能纯粹以玩或者吃为目的，即便相隔千里，也总要时不时的飞过去度个周末。或许是因为 北京 有好姐妹shasha在，这座城市也便有...','北京','22253/96',850,1,'2021-12-23 17:25:49'),(23469634,'深入茫茫天山，徒步乌孙古道','http://t1-q.mafengwo.net/s18/M00/F7/47/CoUBYGGh8geAeY0FAA3WZDsBFCE962.jpg','前言 曾经神往已久的天堂湖， 终于在此行中得见。 见到它的那一瞬，一眼万年， 彷佛一个做了多年的梦，在那一刻醒了。 回想起第一次在网络上看到它的时候， 唯美，深邃， 在远方山峰衬托下...','伊犁','3221/24',188,1,'2021-12-23 17:25:49'),(23469934,'普宁 | 来呀发胖呀，在潮汕吃吃喝喝的快落日子','http://t1-q.mafengwo.net/s17/M00/96/73/CoUBXmGaJ5iAC4PlAAZbqcB3cfo723.jpg','【前言】 说到美食，除了被吃货们发掘了大半的 潮州 、 汕头 等热门打卡地之外，还有哪儿更值得一探究竟？ 普宁 ，便是 潮汕 为数不多的遗珠之一。 如果你没有来过 普宁 ，大概不知道这里美...','普宁','25184/105',1431,1,'2021-12-23 17:25:49'),(23470413,'拯救周末计划 | 打卡双面澳门，年末的治愈旅行','http://t1-q.mafengwo.net/s17/M00/42/4F/CoUBXmGky1iAStljAAdqKM8NqfA506.jpg','开头的唠叨话 小时候去 澳门 ，印象只有跟家里人出游。那个时候的通行证还是本本，通关需要做团队名单，提前准备要费点功夫，一年都难得去一次。翻看旧照片都想不起当时玩了什么，就记着那...','澳门','5434/29',236,1,'2021-12-23 17:25:49'),(23471581,'APP','http://t1-q.mafengwo.net/s16/M00/B1/8E/CoUBUmGnMWuAGjUrAAsPsMv28RE634.jpg','2021年，我的心境 2019年自驾环游 中国 3万公里刚过去一年，2020年我又独自走上了征程。 最近的思绪的平静的，甚至突发奇想产生了创业的念头； 而这种念头又是没有预兆和没有计划的，甚至在...','新疆','1247/3',53,1,'2021-12-23 17:25:49'),(23471693,'若问古今兴废事，请君只看洛阳城！洛阳四日探寻盛世大唐之旅','http://t1-q.mafengwo.net/s17/M00/B5/37/CoUBXmGaaXGAN4j5ACdqwhkCqH8419.jpg','老规矩，先上图！ 龙门 石窟卢舍那大佛。 东山这边拍摄的西山石窟全景。 中国 第一古刹白马寺。 明堂天堂景区，此处天堂为武则天时期重要的內道场。 天堂明堂对面的应天门。 在市集博物馆里...','洛阳','3664/23',265,1,'2021-12-23 17:25:49'),(23472115,'拯救周末计划 | 沈阳周边 四季露营 吹自由的风 将平凡生活玩...','http://t1-q.mafengwo.net/s16/M00/FE/4F/CoUBUmGoZ-qAL3iwAAg_IhHO_gc912.jpg','你最怕什么？ 10年前的我，最怕突然又不负责的喜欢； 现在的我，最怕一成不变的发型和按部就班的生活。 这些恐惧，源于我没法抑制的年龄疯涨和光辉泛滥为云朵妈妈的事实… 那些属于年轻人的...','沈阳','17281/68',726,1,'2021-12-23 17:25:49'),(23472410,'「泰北记忆」文艺.小清新.水灯节.想念我们的清迈','http://t1-q.mafengwo.net/s19/M00/07/93/CoNFtWGwuNwwLr18AAePpbWlxT4.jpg','想念.2019.我们的清迈 上班-回家-打游戏，上班-回家-打游戏…… 三点一线的生活，不知不觉就过了两年 除了时不时疫情突发，好像没有太多的记忆点留下 被成堆的report埋没，被无尽的ppt包围...','清迈','20170/119',686,1,'2021-12-23 17:25:49'),(23472821,'APP','http://t1-q.mafengwo.net/s17/M00/3D/EA/CoUBXmGkqtaAL-iNAA8D-3QTRvU454.JPG','我的碎碎念...... 新疆 ，有 丝绸之路 的文明，有千年华夏的传承，有苍凉戈壁的无言悲歌，有大漠孤烟的塞外风情...... 它孕育了文化，质朴、博大...... 它蓬勃着生命，乐观、豁达...... 它...','新疆','2724/42',175,1,'2021-12-23 17:25:49'),(23473058,'人间朝暮，草黄惊秋，惊鸿一瞥，秋落武功山','http://t1-q.mafengwo.net/s16/M00/1B/6A/CoUBUmGXR5OAZXfVAAuueF9lbQs231.jpg','说来惭愧，我又把base换回 上海 了。前段时间去 定西 路吃西餐，哇噻（一个寻求高质量年轻女性的年轻男性）提醒我，你快把武功山的游记写一下，都过了多久？！ 这才猛然惊觉，好像是很久没有...','萍乡','28743/124',1346,1,'2021-12-23 17:25:49'),(23474113,'拯救深圳周末计划-暴走影视取景地、全程自驾自拍新体验','http://t1-q.mafengwo.net/s18/M00/83/34/CoUBYGGrfWSAX0ktABAXkekg9GA514.jpg','我眼中的深圳 有一个非常有趣的现象，在我印象里很多外地朋友，都没有把 深圳 当作是正儿八经的旅游城市，更多的是把它当成一个去 香港 或者 澳门 之前中转的地方，或者宁愿到旁边的 广州 ...','深圳','2117/12',96,1,'2021-12-23 17:25:48'),(23474307,'#拯救周末计划# 在世界上咖啡店最多的城市过周末','http://t1-q.mafengwo.net/s16/M00/68/5D/CoUBUmGryAiAbDrbABwzIO-Vtns526.JPG','I N T R O 我在某一阶段的工作主要是整理国内出色的小型店铺，因此了解到了不少位于 上海\n                        的精致小店，其中又以咖啡店居多。差不多同时，我阅读到了一条报道，说 上海 以8000多间咖啡店的数...','上海','22323/55',1014,1,'2021-12-23 17:18:03'),(23474551,'重返雪域高原——日光倾城与劫后余生｜记拉萨至阿里环线','http://t1-q.mafengwo.net/s18/M00/DB/B2/CoUBYGGHf5uAbQEWABCsPSH5HvU867.jpg','一念起，天涯咫尺。 2018年，第一次进藏后，许下了“下一个藏历马年前到 冈仁波齐 转山”的愿望。\n                        一场疫情加速了二次进藏的脚步，没想到两年后，就如愿以偿。 北京 距 冈仁波齐 近5000公里...','阿里','20118/167',860,1,'2021-12-23 17:18:02'),(23474670,'APP','http://t1-q.mafengwo.net/s17/M00/97/68/CoUBXmGsvDiAP3igACEuHljdQxg821.jpg','序 湘南，在古代盛名远播。 有个著名的地理博主介绍说， 日本 古代一位名人因为对湘南无比向往，\n                        将居住的海湾命名为“湘南”。 桂北，更是 中国 美景的代名词名片。 两处久负盛名的美景， ...','郴州','976/4',68,1,'2021-12-23 17:18:02'),(23475541,'APP','http://t1-q.mafengwo.net/s18/M00/AB/32/CoUBYGGt9c-AD96VAAa3tTecs3k579.jpg','前言篇 蜜月旅行大概是每个女孩从年少憧憬的旅程，我也一样。\n                        在没结婚之前，甚至是没有遇到我的先生之前，我就已经开始畅想未来的蜜月旅行会去哪儿? 或许是 南非 草原一起去蹲点动物迁徙 ...','海南','4265/26',193,1,'2021-12-23 17:18:02'),(23475723,'逃离城市，去澄迈的乡野间，静享时光美好','http://t1-q.mafengwo.net/s15/M00/B0/C6/CoUBGWGs2GGAeoFuAA3p1FIHhi8569.JPG','前言｜不甘心只做后花园的小县城 在 海口 这小半年，一直都想去被冠以 海口 后花园的 澄迈 县转转。\n                        一是被红树林湿地公园的火烈鸟种草， 二来我这个咖啡重度患者想去福山买点本地咖啡豆尝...','澄迈','2565/10',101,1,'2021-12-23 17:18:02'),(23475724,'潮州吃逛行程全攻略，五条线路一网打尽，应有尽有不踩雷','http://t1-q.mafengwo.net/s17/M00/F0/D0/CoUBXmGV5jqASNsKABhWLYHdrm4734.jpg','潮州 是一座古老又年轻的城市 “ 潮州 ”因 潮州 府建置而得名，取“在潮之洲，潮水往复”之意\n                        具有藴涵浓郁的中古遗风， 素有“海滨邹鲁”、“岭海名邦”之美誉 不可错过的 潮州 美食 独具...','潮州','5032/19',193,1,'2021-12-23 17:18:02'),(23476028,'秋日南雄|邂逅一期一遇的金黄色浪漫，边遛娃边露营','http://t1-q.mafengwo.net/s15/M00/86/AC/CoUBGWGp6KaAIbc_AAgFlE8rkDU054.jpg','广东的秋色 广东 最有秋色的地方是 韶关 南雄 ，可是说了好多年一直没有成行。因为 南雄\n                        的银杏季非常地短，从初黄至落叶大概只有一个月的时间，想在最金黄的那几天看 满城 尽带黄金甲的盛...','南雄','1570/5',61,1,'2021-12-23 17:18:02'),(23476061,'拯救周末计划｜西湖之外，领略别样杭城风韵','http://t1-q.mafengwo.net/s17/M00/FC/68/CoUBXmGWAw-AGuNDAAJKIbONY1g776.jpg','序 即将年底，忙完了手头上的事情，趁着结婚纪念日与老公来 杭州 度假几日。 忆 江南 ，最忆是 杭州\n                        。多年前的冬天也曾到过 杭州 ，遇 上杭 州第一场雨夹雪，南方人第一次看到雪心情激动，...','杭州','1840/6',85,1,'2021-12-23 17:18:02'),(23476163,'杭州 | 周末去品一抹西湖的秋','http://t1-q.mafengwo.net/s18/M00/79/30/CoUBYGGrETiAA6SzABMrBiL7rG0670.jpg','感谢各家航司在去年下半年大力推出各种随心飞和盲盒，让日常 非洲\n                        人的我竟然在OTA双十一活动上少了不少大神对手，连抢我和我妈的单价11块往返机票，加上税费往返122，真是难得的欧气和快手...','杭州','3950/17',135,1,'2021-12-23 17:18:02'),(23476167,'重走长征路│“Z世代”红色旅游新玩法，于都比你想象中更好玩！','http://t1-q.mafengwo.net/s19/M00/F9/79/CoNHsWGvjzAHVdDAAA8zTAAGWqI.jpg','•前言：红色旅游还能这么玩！\n                        作为Z世代的新青年，我们肩负着中华民族伟大复兴的历史使命，也有着独属于我们这个时代的热血情怀，恰逢建党100周年，一场说走就走的红色旅行自然也要提上日...','于都','23891/5',183,1,'2021-12-23 17:18:02'),(23476406,'【附国庆避坑指南】西江千户苗寨与肇兴侗寨--散落在黔东南的明珠','http://t1-q.mafengwo.net/s19/M00/BE/39/CoNBKGGy450KU_0hAA0dFLHT_To.jpg','（前方文字已完结，图片施工中……） 写在前面\n                        每次国庆出游后，都想着下次千万不要在国庆出去玩了。但下一次国庆来临时，还是闲不住想出门。 为了避开人流，特地去物色所谓的小众旅行地。一...','贵州','3087/12',80,1,'2021-12-23 17:18:02'),(23476709,'洛阳慢行记','http://t1-q.mafengwo.net/s18/M00/AF/CE/CoUBYGGuK8qAGaLDAAzcdAcFVNc231.jpg','【古都洛阳】 烟悉雨啸黍华生，宫阙簪裳旧帝京。 若问古今兴废事，请君只看 洛阳 城。\n                        ——司马光《过故 洛阳 城》 2021年春节期间，一个叫做《唐宫夜宴》的舞蹈节目火爆全网。 作品讲述的...','洛阳','3671/16',126,1,'2021-12-23 17:18:02'),(23476754,'APP','http://t1-q.mafengwo.net/s15/M00/D1/8E/CoUBGWGvfbKAQa73ABcde_7tlV836.jpeg','前言 以色列 和 巴勒斯坦 （下文简称 以色列\n                        ），这片位于欧亚非交汇之处的土地，单论面积也许显得毫不起眼，但是在这片总面积不过两万多平方公里的国度上，却诞生了人类历史上最灿烂的文明...','以色列','3511/22',123,1,'2021-12-23 17:16:34'),(23477402,'拯救周未计划｜与世界失联的48小时，我们去了趟魔界','http://t1-q.mafengwo.net/s15/M00/C5/E3/CoUBGWGt_TCAGt-cABHMXKwUt-A359.jpg','四川 以北是集仙境、魔界、人间于一身的世外秘境！ 与世界失联的两天一夜，我们去了趟 “人间魔界”\n                        真正的眼晴在天堂，身体在历劫， 该走的路，该攀的山，该走的一步都不会少。 这里大概是...','阿坝','25158/89',1141,1,'2021-12-23 17:16:34'),(23477405,'【散装游记：西安之旅】每一步都是历史，每一步都是人间烟火...','http://t1-q.mafengwo.net/s19/M00/31/3A/CoNHdWGyqSRg5oLlAAeguw7fV6U.jpg','【我是开头】 ⚠️此篇游记！⚠️多图警告！ 2021年的疫情情况，复 杂多\n                        变，11月末又出现了新变异的奥密克戎变异株，弄的人心惶惶。 公司例年出游，今年的投票地点有两个： 阿坝 羌族藏族...','西安','1414/11',51,1,'2021-12-23 17:16:34'),(23478376,'APP','http://t1-q.mafengwo.net/s19/M00/5F/1E/CoNBKGG0pmNYuZNTAAotmeTKmVw.JPG','“在北平即使不出门去吧，就是在皇城人海之中，租人家一椽破屋来住着，早晨起来，泡一碗浓茶，向院子一坐，你也能看得到很高很高的碧绿的天色，听得到青天下驯鸽的飞声。从槐树叶底，朝东细...','北京','1245/9',52,1,'2021-12-23 17:16:34'),(23478803,'让我四天三夜为之心动的，是只有上海193分之一的澳门','http://t1-q.mafengwo.net/s19/M00/69/D3/CoNCQ2G5fGYmX177AAaoD-HKywc.jpg','序 叮咚：女士们、先生们，飞机已经降落在 澳门\n                        国际机场，地面温度26摄氏度，飞机正在滑行，为了您和他人的安全，请先不要站起或打开行李架。 伴着空姐悦耳的声音，我已难耐兴奋之情，在不...','澳门','2666/32',128,1,'2021-12-23 17:16:34'),(23479471,'地上长了云，天上都是羊，自驾内蒙6天的那些事儿','http://t1-q.mafengwo.net/s19/M00/C4/31/CoNGXmG2sUtlYJshAAs0qTl352g.jpg','每年十一长假来临的节点，我都会患上选择困难症，能休息7天对于一个上班族真的是一笔大恩赐！一定要把在各种内容平台的收藏夹都翻出来一顿朝下倒，遥远的雪山想看，超大片的荒原想看，能把人...','锡林郭勒','16897/79',645,1,'2021-12-23 17:25:09'),(23479595,'APP','http://t1-q.mafengwo.net/s19/M00/51/8E/CoNFtWG3cAU0gwHyAAM-p6Dsk1k.jpg','从2008年读大学来 杭州 ，到如今在 杭州\n                        成家立业，已经第14年了。从大一开始就差不多一个月“进城”一次，跑遍了 杭州 大大小小的景点，都写在14年马蜂窝上发的一篇合集《关于 杭州 的一切...','杭州','1442/8',84,1,'2021-12-23 17:16:34'),(23479756,'【徽州探秋】三赴皖南，集齐6大秋色 | 拯救周末计划','http://t1-q.mafengwo.net/s15/M00/BF/F3/CoUBGWGtwNCAafqRAA-t2u1mxpA481.jpg','至今，初见阳产土楼的画面还能生动地在我脑海中回放：那是由一座座鳞次栉比、高低错落的夯土搭建的楼房而组成的村庄聚落，沿着山的坡度，向上递增。它们被包裹在群山之中，漫山遍野是正在排...','黄山','384/4',34,1,'2021-12-23 17:16:34'),(23479855,'APP','http://t1-q.mafengwo.net/s19/M00/A7/3B/CoNJDmG0hago3vNHAAhNflmPOMU.jpg','“我似乎看到多年以后，你站在蓝色大门前，下午三点的阳光，你仍有几颗青春痘。你笑着，我跑向你问你好不好，你点点头。”\n                        “三年、五年以后，甚至更久更久以后，你会变成什么样的大人呢？”...','中国','1237/26',97,1,'2021-12-23 17:16:34'),(23479870,'长沙6天5晚美食之旅 用嘴丈量长沙15家美食打卡7大地标','http://t1-q.mafengwo.net/s17/M00/A7/C8/CoUBXmGSINeAa-kvABZxei6MfK0922.JPG','虽然现在出不来远门，但是一颗骚动的心无法停止前进的步伐。国庆假期，决定去一个网红城市，是一个有很多很多美食的城市。为了一杯奶茶而去，更为了永远不愿意停止步伐的脚步。\n                        长沙 ，10年...','长沙','2180/5',95,1,'2021-12-23 17:16:34'),(23479981,'拯救周末计划 | 漫游青岛，用脚步探索一座城市的浪漫','http://t1-q.mafengwo.net/s19/M00/AC/A7/CoNEk2G7PI1VjTvLAAsdXq28VO4.jpg','写在前面\n                        2019年末，一场疫情的开始打破了我们平静的生活。在不能去远方的日子里，我们开始放慢脚步，“回归”到自己生活的城市，想要在熟悉的环境里找到不一样的玩法。 旅行，不一定要去很...','青岛','20930/88',949,1,'2021-12-23 17:16:34'),(23480015,'被误解的沙县，原来有这么多只在当地才能吃到的美食！｜拯救...','http://t1-q.mafengwo.net/s19/M00/E0/FB/CoNFWWG4DhlRaPlrAAP5QaOP_U4.JPG','要写 沙县 ，其实有点拿不准该怎么开头，才能最准确地让大家知道我们平时吃的 沙县 小吃，其实和真正的「\n                        沙县 小吃」毫无瓜葛。 在此之前我知道 沙县 这个地方是还挺好吃的，去之后我发现 ...','沙县','3809/16',207,1,'2021-12-23 17:16:34'),(23480272,'拯救周末计划丨漫步山城重庆，每一帧都是名为生活的电影','http://t1-q.mafengwo.net/s16/M00/8C/12/CoUBUmEfVbGAcuPJAAvxI41Q5-w379.JPG','写在前 初到 重庆 时的印象很深刻，很少有城市让人在落地不久就「充满干劲」。\n                        法拉利的士大哥以每公里140的速度冲向市中心，仿佛在告诉你别看手机了看看窗外风景，城市在高低起伏间逐渐露...','重庆','15029/74',787,1,'2021-12-23 17:16:33'),(23480350,'即使你觉得自己多么通透.它也给了你千万种未知的可能---川西1...','http://t1-q.mafengwo.net/s16/M00/03/0B/CoUBUmGodLmAZ5ZYAAn0CllcxU8725.jpg','启程 你呀，要永远相信 川西 你要相信 川西 会给你带来意想不到的惊喜！ 我不知道别人心目中的 川西 是什么样子 但我心中的 川西 ，是我旅行梦想开始的地方！ 岁月沉闷，跑起来就会有风、 ...','川西','4615/17',158,1,'2021-12-23 17:25:10'),(23480762,'【藏地手记】冬回拉萨，寻梦南迦巴瓦（雪山四部曲之壹）','http://t1-q.mafengwo.net/s19/M00/2F/78/CoNCQ2Gw4kQtc6lQAAetWg1AKPY.jpg','预览 | 冬日暖阳，令人向往的西藏 那个冬天最任性的决定，就是独自去 西藏 ~ 时隔这么多年再次返回 日光 之城，领略浓郁而独特的藏地风情，感受古老圣地的崭新变化，更有机会深入 林芝 地区...','西藏','1764/44',118,1,'2021-12-23 17:25:10'),(23483248,'一座葱笼而复古的城，一个回不去的家','http://b1-q.mafengwo.net/s19/M00/31/F2/CoNK6WG731NIvGFdAA7k1ejEO4k.jpg','Day1 惊险入城，夜市游荡 - 缘起 海口 之行我期待很久了，我要去看华晨宇的火星演唱会。严格来说，我算不上火姐。一直觉得花花并不是我最爱的歌手，我对他的感觉是比路人粉多一些，又比火姐...','海口','717/3',32,1,'2021-12-23 17:25:10'),(23483263,'从挪威到芬兰，孤独又灿烂的北欧冰雪之旅（内附视频）','http://t1-q.mafengwo.net/s19/M00/B5/53/CoNCQ2G0yO8mFtClABZtcihVh2w.jpg','多年以来， 北欧 在我心目中都是遥不可及的旅行圣地，而当我终于身临这一片向往已久的土地中，更是在寒冷和空旷中，感受到它真正的魅力。 2018年3月份，向往极光的我踏上了 北欧 的行程，从 ...','芬兰','668/3',42,1,'2021-12-23 17:25:10'),(23483341,'爱你的浪漫与万种风情，不妨试着把时间留在法兰西——圣诞自...','http://t1-q.mafengwo.net/s19/M00/34/D5/CoNJDmG8gxZYHEu9AAa0hH76mdY.jpg','我是燕楠酱·这是一篇拖了两年的游记...... 懒，我确实是有点懒，懒到不知不觉间已是2021的年末，恍然间才发觉原来距离我的上一次出国旅行，已经过了两年的时间；懒到当又一个圣诞节到来时...','法国','92/1',17,1,'2021-12-23 17:25:10'),(23484272,'APP','http://t1-q.mafengwo.net/s18/M00/1E/3A/CoUBYGGjRA2AG6PUAA7EUWPKb2E238.jpg','2021我们的柳州行 来 柳州 之前： 哦～出螺狮粉的地方，可是从来没吃过 来 柳州 之后： 原来螺狮粉这么好吃～ 原来“两面针”“五菱汽车”“金嗓子”出自这里～ 原来刘三姐在这里唱歌～ …...','柳州','1353/8',58,1,'2021-12-23 17:25:10'),(23484480,'七天经历四季，我们在伊犁拍了一部旅行电影','http://t1-q.mafengwo.net/s19/M00/ED/F4/CoNGXmGzcScP8DVvAAjdRAB_Wv8.jpg','我以为 满城 樱花飘落的场景，只能在动漫或遥远的他国里才能看到。但在四月的 新疆 ，同样是花期短暂的杏花，却是漫山遍野开得绚烂，加上远处的雪山，草原的线条，让这个季节成为 伊犁 最美...','新疆','1934/17',60,1,'2021-12-23 17:25:10'),(23484947,'APP','http://t1-q.mafengwo.net/s19/M00/55/11/CoNKrmG0q65QS-v9AA8_jG0uTPc.jpg','第六天： 9月17日 星期五 行： 阿尔山 市区—— 阿尔山 国家森林公园 游：驼峰岭天池 大峡谷 龟背岩 杜鹃湖 不冻河景 住：天池服务区附近农家乐 九月的 阿尔山 市清晨真凉！早早起床，吃了早...','内蒙古','58/1',6,0,'2021-12-23 20:44:59'),(23484950,'2021年度总结暨赏❀花❀合辑第二趴 『时光不语，静待花开』','http://t1-q.mafengwo.net/s16/M00/EE/10/CoUBUmEH5SiAKS2cAAf25rClNis593.jpg','铛~铛~铛，2021年度赏花合辑新鲜出炉。 北川 药王谷的辛夷花惊艳了2019年的春天，而今年又有哪些新的❀繁花❀入镜呢，一起来看看吧~ 顺便第一辑年度赏花合辑指路 2019年度总结之赏❀花❀合辑...','成都','51/1',7,0,'2021-12-23 20:44:59'),(23484954,'APP','http://t1-q.mafengwo.net/s17/M00/12/04/CoUBXmGglIqAIVMSABAk1q10fVk086.JPG','漫山遍野红叶时，是一年中的初冬。 漫山遍野红叶时，是一年中的淡季。 漫山遍野红叶时，是 三峡 “浓妆艳抹总相宜” 因为一部电影《等到满山红叶时》我等待了三十年，就想亲眼目睹满山红叶时...','三峡','212/3',13,0,'2021-12-23 20:44:58'),(23484963,'神秘莫测的鹿角梁（冰雪篇）','http://t1-q.mafengwo.net/s14/M00/55/59/wKgE2lz6HOqAOSkVAAVCsKwWDTg362.jpg','那山峰之间一定掩藏着秘密 鹿角梁 2016年6月10日 那山峰间流淌着云雾，神秘而莫测。 我惊的呆了，久久地凝视，却始终看不真切。 嘿嘿！别瞒我！一定有秘密！ 不然，为什么要掩饰？ 这是返回...','宁陕','165/2',2,0,'2021-12-23 20:44:58'),(23484969,'APP','http://t1-q.mafengwo.net/s17/M00/8B/1D/CoUBXl-LFbiAawrOAA6rHDBqPv8203.jpg','2010 - 2020? 很感慨 岁月轻狂的十年 从一个幼稚的少年开始成长，那些年少无知的时光与经历 仿佛聚集在这一瞬间，那些困难的日子都是因为有身旁那群愿意展开双臂保护我的人 让我明白 我从来...','甘南','231/5',10,0,'2021-12-23 20:44:58'),(23484986,'塞班岛——8天6晚自由行（2015年）','http://t1-q.mafengwo.net/s15/M00/81/D8/CoUBGWESlr6AHLCLAAohTjPmLP464.jpeg','塞班岛 旅行，六年前的回忆。写完 毛里求斯 游记后，就在做带娃去郊游的短途游记，一直没有时间和灵感编写这篇，又怕越拖越不想写，越拖忘记的越多，于是觉得还是先开个头，每天写一点，慢...','塞班岛','154/1',10,0,'2021-12-23 20:44:58'),(23485037,'【洛阳】若问古今兴废事，请君只看洛阳城','http://t1-q.mafengwo.net/s19/M00/3A/F5/CoNHtmG-82I6dbpEAAhduc3m3yE.jpg','慕名而来 缘起旅行时结识的一小伙伴，上半年她的一条 洛阳 博物馆之旅的朋友圈，吸引了我的注意。才知道原来 洛阳 有这么多很不错的博物馆（在这之前的我还只是青睐于省博）。便动了要去 洛...','洛阳','239/4',15,0,'2021-12-23 20:44:58'),(23485042,'APP','http://t1-q.mafengwo.net/s19/M00/68/4D/CoNFtWHC42VWwbi7AAJR9Zj4oVw.jpeg','导览图 ▲一楼信息 ▲二楼信息 ▲三楼信息 沈阳博物馆简介 城市是鲜活的史书，是文明的积淀。城市博物馆就是这座城市刻录历史、承载未来的一叶轻舟，它透射着城市内在的本质和特性，也浸润...','沈阳','319/3',13,0,'2021-12-23 20:44:58'),(23485161,'APP','http://t1-q.mafengwo.net/s19/M00/43/4F/CoNHsWHAsQZx4t35ABRkDbq9a2s.jpg','这次和老公是从东到西的路线，两广的美食体验(位置)从我的口味看： 排名第一： 潮汕 牛肉火锅，吊龙yyds! 排名第二： 佛山 渔港海鲜，皮皮虾yyds! 排名第三：客家菜，每一道都好吃，挑不出来...','广东','292/2',11,0,'2021-12-23 20:44:58'),(23485188,'自助游——2021年12月游重庆','http://t1-q.mafengwo.net/s19/M00/A9/1D/CoNJDmG_BGRhUcJxAAkBvofbiHU.jpg','成都 到 重庆 现在高铁最快的车次1个小时就到了，属于当天来回想去就去的城市，然而我加上这次也才去过二次，2016年8月去过一次转眼间4年过去了，感受到了火炉 重庆 的厉害。上次去 重庆 也...','重庆','132/1',14,0,'2021-12-23 20:44:58'),(23485239,'即使你觉得自己多么的通透.它也给了你千万种未知的可能---山...','http://t1-q.mafengwo.net/s19/M00/44/4D/CoNHdWHBOBgN2AiLAAOgtFvOEXs.jpg','启程 你呀，要永远相信 山西 你要相信 山西 会给你带来意想不到的惊喜！ 我不知道别人眼中的 山西 是什么样子 但我心中的 山西 ，却是我旅行梦想的开始！ 岁月沉闷，跑起来就会有风、 蓝天...','山西','25/0',11,0,'2021-12-23 20:44:58'),(23485284,'APP','http://t1-q.mafengwo.net/s17/M00/80/DF/CoUBXmGrYb2AKCSnAA9bmsiaYBo905.jpg','绪论—— 我是一名驴友，拥有浓厚的旅行兴致和无限的热情，为了踏遍 中国 的大好河山，在每一片土地上留下我的深深足迹，不断与自己的灵魂进行交流对话，使我更加远离世俗，更加接近自然和...','呼伦贝尔','37/0',9,0,'2021-12-23 20:44:58'),(23485301,'总有那么一个理由让我千里而来，遇见山西的冬季','http://b1-q.mafengwo.net/s19/M00/A8/A2/CoNHdWHBRpM52uNnACLcG2Hg3ds.png','山西是没有流量的“实力派老戏骨” 很多人为 山西 暴雨受灾却无人问津而鸣不平，我也想为她说两句。 确实， 山西 是个没有流量的“实力派老戏骨”，如今其存在感可能比 河南 、 河北 还要低...','山西','1264/10',55,1,'2021-12-23 17:25:09'),(23485318,'沿着高速看中国中原行','http://t1-q.mafengwo.net/s19/M00/99/FC/CoNIE2G8pQE5wXa1ABEgSx0udt8.JPG','2021年5月6号-11号到中原大地溜达一趟，避开了五一小长假，此时出行高速路上车少路畅。 自 北京 出发行驶581公里，6个半小时后首先来到位于 河南 省 林州 境内的古村落-石大沟村。 进出石大...','河南','75/12',15,0,'2021-12-23 20:44:28'),(23485464,'山东石岛行','http://t1-q.mafengwo.net/s19/M00/3D/85/CoNJDmHBr-hkK07GAAVHDLxYOsA.JPG','筹备多年的 山东 石岛游终于在2021的国庆假期成行了! 住朋友在那里的房子，本来很简单的事，因种种事一拖再拖。有一年，钥匙都已拿来了，呵……，终于成行在今年。 三家九口，十一假期出发！...','威海','299/2',14,0,'2021-12-23 20:44:28'),(23485475,'APP','http://t1-q.mafengwo.net/s19/M00/FF/9D/CoNKrmG6BHdVZ-IOAAK9jB5qTEY.jpeg','D1： 北京 集合出发。集合地点待定。 租车约的趣友到租车公司网点办理验车，取车手续。 D2：宾馆早餐后出发： 北京 到 秦皇岛 最佳路线一： 北京 到 秦皇岛 约253公里，用时约3小时左右从东...','漠河','58/1',12,0,'2021-12-23 20:44:28'),(23485500,'云南三地2：大理的洱海蓝✖水杉红，让你一秒入坑','http://t1-q.mafengwo.net/s19/M00/08/30/CoNBKGHBb40lEgByAA0jzgEJZPo.jpg','大理 是我们此次 云南 行的第二站。 12月9日 腾冲--大理洱海民宿--大理古城 从 腾冲 搭乘城际快运的奔驰面包车，11：30出发，4个多小时到达，在 大理 下关汽车站附近下车后，叫车前往我们预...','大理','79/1',10,0,'2021-12-23 20:44:28'),(23485505,'一路向西|西北环线自驾攻略，青藏是揉碎在青春里的梦','http://t1-q.mafengwo.net/s19/M00/EA/DA/CoNH2WG-9ANpfT26AAmyr7zrDZ0.JPG','内蒙古的梦幻 一路从 北京 出发，第一站，就要穿越 内蒙古 ，在这趟旅行中，本以为第一站的穿越之旅是非常枯燥的，所以我已经提前做好了只赶路不游玩儿的准备。 但是在中途休息的时候，被位...','西藏','135/2',9,0,'2021-12-23 20:44:28'),(23485520,'APP','http://t1-q.mafengwo.net/s18/M00/C3/0D/CoUBYGDRxSGATFceAAwCi3wpcJo142.jpg','2020年—太阳依旧升起，雾霾终会散去； 2021年—太阳照常升起，一切从新开始！ 当我们还在感叹时光飞逝的时候，时间已经悄然进入了2021年——一个代表着希望，代表着幸福，代表着无病无灾，...','广西','655/16',12,0,'2021-12-23 20:44:27'),(23485558,'EP07.2020.三亚，陵水，万宁','http://t1-q.mafengwo.net/s19/M00/3C/9A/CoNJDmHBveF0eKxHAAeypb-nkvk.jpg','写在前面 行程计划： Day1.出发 三亚 日期：2020-10-26 星期一 天气：22℃ / 25℃ 阴天有小雨 计划： 深圳 - 三亚 ；入住酒店 11点15的飞机，9点出发，9点40到机场。 深航已经采用了集选座...','三亚','473/8',18,0,'2021-12-23 20:44:27'),(23485561,'勒是雾都冇得雾，只有人间市井气','http://t1-q.mafengwo.net/s19/M00/49/5F/CoNIE2HBNwYdJ6drAASUiVIe3kU.png','序 说起 重庆 ，让你最先想到的是什么？ 火锅？8D魔幻城？山城？雾都？桥都？《千与千寻》《少年的你》《从你的全世界路过》等影视作品中的场景？ 不论你为它标签了什么，本小仙女都只用自...','重庆','151/7',16,0,'2021-12-23 20:44:27'),(23485572,'APP','http://t1-q.mafengwo.net/s19/M00/DC/5E/CoNJDmG9oVgHfwJJABhQ2V4pC_Y.jpg','三年没来 海南 了。这次来了“抱团”养老的伙伴们迫不及待要一起出去玩。考虑到天气原因（预报一周后有台风），只能去 昌江 和 白沙 转转（西线其他地方三年前去过）。 提前看了看其他蜂蜂们...','昌江','48/1',10,0,'2021-12-23 20:44:27'),(23485579,'APP','http://t1-q.mafengwo.net/s16/M00/23/90/CoUBUmEvjquAT6qyAA6Ckw1jSAo440.jpg','这次还是习惯性的 广东 周边自驾游，原来想找的线路是 广州 周边温泉二天悠闲游，后来无意中发现了 封开 这里离 广州 不远，自驾车从 广州 海珠区只需三小时多些就到， 封开 的风景空气不错...','封开','30/0',10,0,'2021-12-23 20:44:27'),(23485588,'2021年巫溪红池坝-奉节三峡之巅随心游','http://t1-q.mafengwo.net/s19/M00/85/CA/CoNIE2HAg7UR9qUdAAVJU_sDFfg.jpg','序 今年的 西藏 梦因为疫情又化了，留存的年假也只能化整为零地在大 重庆 范围内消化。 12月13日和14日可休两天，去那儿呢？ 10日晚突然想起去年 巫溪 张哥介绍的“南国第一雪原红池坝”。...','巫溪','166/5',14,0,'2021-12-23 20:44:27'),(23485591,'APP','http://t1-q.mafengwo.net/s18/M00/31/5E/CoUBYGF5WmmAFCOzABPosmSfp8s542.jpg','前言 在 北疆 ，每一个季节都是童话。 中秋的 喀纳斯 ，秋意未很浓，夏色仍参半。 有人说 喀纳斯 是东方小 瑞士 ，对不起，请叫 瑞士 为西方 喀纳斯 。 中秋时份， 禾木 的秋色正浓，但总有...','新疆','235/11',17,0,'2021-12-23 20:44:05'),(23485593,'APP','http://t1-q.mafengwo.net/s18/M00/3A/4A/CoUBYGGbl4SAVSRKABVZlgmgWZ8933.jpg','前言 时令进入深秋，各地都美成了画！ 北京 成了北平， 南京 也变成了金陵！ 为了不辜负美景，我们常常约上三五好友，或去明孝陵3号门处燕雀湖赏红杉林 顺便走走神道最美600米，看那红的三...','皖南','143/8',14,0,'2021-12-23 20:44:05'),(23485596,'APP','http://t1-q.mafengwo.net/s19/M00/CE/20/CoNCQ2HB1DNjnSznABAh0Kdigi4.jpg','当秋天的脚步来临，各种社交媒体上到处充满着黄红相间的照片，每年从十月下旬开始，多彩的颜色便会顺着地球纬度从北往南蔓延整个 中国 。十一月初的 北京 ，金灿灿的银杏，十二月的 杭州 ，...','韶关','90/1',14,0,'2021-12-23 20:44:05'),(23485613,'Dream awake, London','http://t1-q.mafengwo.net/s19/M00/E9/AD/CoNEk2HB-lkOfEDXAA_tAjC53O4.jpeg','Dream awake, 如梦初醒。 14天隔离完，终于回到了家中的小屋。床上换上了新的干净被单，衣柜里的衣服早已叠放整齐，吉他还是靠在飘窗上，WIFI还是时断时续。 熟悉的一切再次向我张开怀抱。 ...','英国','29/0',1,0,'2021-12-23 20:44:05'),(23485615,'从瓦屋山到毕棚沟，这里藏着你想要的冰雪世界','http://t1-q.mafengwo.net/s19/M00/71/F0/CoNBKGHB5_V_7nJPAAtzYh0gJFU.jpg','每个人心中都有一个特别向往的地方，或许是因为热爱、或许是因为信仰、或许是因为好奇。 小时候的我怎么也没能想到，长大了最是怀念踏实的睡眠。有时候也不由得怀疑，很久以前是怎么做到一秒...','阿坝','364/1',11,0,'2021-12-23 20:44:05'),(23485630,'APP','http://t1-q.mafengwo.net/s19/M00/D8/E3/CoNH2WHCSqN8eBm0AA0GMeXIXC0.jpg','在我没有去“龙兴古镇”之前，可以说对于这个古镇是毫无认识，当我走过这个古镇后，我才知道“龙兴古镇”是 重庆 古镇中的“战斗机”，它的特色它的豪横是其他古镇不能比拟的。 想知道为什么...','重庆','68/38',32,0,'2021-12-23 20:44:05'),(23485634,'APP','http://t1-q.mafengwo.net/s16/M00/49/EB/CoUBUmFT6G-Ab9QZAATzorSt6ew362.jpg','封面就是著名的Niagara Falls。 还是因为疫情啊，打算就在 加拿大 境内走一走，正好都没有去过 加拿大 东部，于是我们踩着夏天的小尾巴开启了我们的加东之旅。主要就是先飞到Hamilton，然后...','加拿大','33/0',11,0,'2021-12-23 20:44:05'),(23485698,'APP','http://t1-q.mafengwo.net/s19/M00/B2/44/CoNHPmHEAKU_eAEqAAlGGpoIoGc.jpg','卷首语 | 借光APEC峰会的旅行 北京 的小伙伴们不知是否对2014年11月的APEC二十国峰会还有印象。这次峰会不仅彻底改变了 北京 的生态环境，使 北京 近二十年来第一次见到了蓝天（APEC蓝），...','大同','108/15',11,0,'2021-12-23 20:44:05'),(23485722,'APP','http://t1-q.mafengwo.net/s19/M00/CC/49/CoNGXmG8LPBjbRd3AAfRQRyVATU.JPG','KAY10 8点从 贵阳 市7天优品酒店 ( 贵阳 宝山 南路观水路地铁站店)出发前往梵净山方向。 昨天夜里 贵阳 下起了中到大雨， 贵阳 的天气就像小孩的脸，一会阴一会阳，对我们旅游的人来说是一件...','贵州','37/0',8,0,'2021-12-23 20:44:05'),(23485743,'记2021年国庆 二线穿线 之七穿黄龙扎尕那','http://t1-q.mafengwo.net/s19/M00/53/55/CoNEk2HCj5dxjY1_AArU0tsVp9s.jpg','序 每逢长假，总有一颗向外野的心，不是因为风景，单纯是我想出去了。 偶尔停下脚步回想：每场旅行都折腾到身心疲惫，值得吗？ 最后想想：自己开心就好管他呢。 2021年没有奇迹，疫情还在全...','成都','47/2',10,0,'2021-12-23 20:44:04'),(23485754,'在异国风情的西双版纳—度个蜜月❤','http://t1-q.mafengwo.net/s19/M00/68/EC/CoNK6WG68rYGbWGNAAq2eOZAtmA.JPG','让我们置身国外的蜜月之旅 在五月的最后一天我们结婚了！ 平凡的一天赋予了特殊意义 本来计划去蜜月圣地 三亚 ，不出国门也能看看大海吃吃海鲜 可是 三亚 旅游 大城 疫情变化太快了 把订好...','西双版纳','83/2',8,0,'2021-12-23 20:44:04'),(23485758,'11条路线奔走在杭州——行进于大运河、中山路、白塔公园','http://t1-q.mafengwo.net/s19/M00/80/4E/CoNJDmHCmpdoFLQrAAhG17r7i5A.jpg','11条路线奔走在 杭州 ——行进于大运河、 中山 路、白塔公园 杭州 ，简称“杭”，古称 临安 、钱塘。是国务院批复确定的 浙江 省经济、文化、科教中心，长江三角洲中心城市之一。其自秦朝设...','杭州','59/0',10,0,'2021-12-23 20:44:04'),(23485762,'非欧亚8国63天（十四）乌兹别克斯坦（下）~ 布哈拉&撒马尔罕','http://t1-q.mafengwo.net/s19/M00/03/E0/CoNK6WHCmMQG2G1lAApKr_UPK1k.JPG','乌兹别克斯坦 分为上下两篇，前一篇是： 非欧亚8国63天（十三） 乌兹别克斯坦 （上）~ 塔什干 & 希瓦 http://www.mafengwo.cn/i/23463163.html 本篇的内容是 布哈拉 和 撒马尔罕 ，这部分内...','乌兹别克斯坦','62/84',36,0,'2021-12-23 20:43:07'),(23485768,'丹霞山 2日游记    --长老峰--阳元山','http://t1-q.mafengwo.net/s19/M00/86/C4/CoNH2WHCgfgMxhMgAAp4j9rSLJY.jpg','一 写在最前 丹霞山 下午从 广州 ，高铁直达 韶关 站，1个小时左右到。 韶关 有2个火车站，高铁站是 韶关 站，普通火车上 韶关 东站，帮帮行约好的拼车50元，90分钟到丹霞山景区大门口。已...','韶关','52/1',5,0,'2021-12-23 20:43:07'),(23485784,'APP','http://t1-q.mafengwo.net/s19/M00/02/B3/CoND5WHB2WFzS7uiAAjjse_16-A.jpg','写在开始 江西 有一条江叫赣江，一路北上，勾勒出大半个 江西 的版图。 江西 有一座城叫 赣州 ，章贡两江汇流，厚积薄发构建了 江西 的根基。 赣州 有一座古城叫 赣州 老城，郁孤台下清江水...','赣州','16/0',4,0,'2021-12-23 20:43:07'),(23485877,'APP','http://t1-q.mafengwo.net/s19/M00/13/36/CoNKrmHBeNpt1UUpABBioEUpXd8.jpg','绪论—— 我是一名驴友，拥有浓厚的旅行兴致和无限的热情，为了踏遍 中国 的大好河山，在每一片土地上留下我的深深足迹，不断与自己的灵魂进行交流对话，使我更加远离世俗，更加接近自然和...','阿尔山','23/0',4,0,'2021-12-23 20:43:07'),(23485938,'APP','http://t1-q.mafengwo.net/s19/M00/D2/A7/CoNK6WHC9HY5XZtFAAOCzRD3d08.jpg','一、前言｜向着温暖出发 自从2017年1月中旬和sara结束45天 东南亚 背包行后，到2018年下半年，就一直没再出去玩儿，或许是时候计划一次出行，来告别2018，便和sara商量去哪儿。 因为年假是...','菲律宾','103/0',12,0,'2021-12-23 20:43:07'),(23485939,'畅游大小洞天，感受北纬18度的浪漫','http://t1-q.mafengwo.net/s19/M00/AD/ED/CoNHsWHC67cSiqSQAANmOUviPHE.jpg','前言 椰风漾起海韵，阳光铺满沙滩，重回盛夏的热烈。如你灿烂的笑容，绽放在天和海之间，抵过岁月的年轮，凝成隽永的风景。 实用信息 开放时间：07：30~18：30。 门票：90RMB。 交通：亚龙...','三亚','10108/2',13,0,'2021-12-23 20:43:07'),(23485954,'南澳-摩托一日游','http://t1-q.mafengwo.net/s19/M00/68/B5/CoNBKGHByPMydkk8AAo1dDgH6qM.jpg','南澳县 是 广东 唯一的海岛县，也是 中国 海岛县（区）中唯一的国家4A级旅游区，地理位置优越，自古今来南澳就是东南沿海一带通商洋的必经泊点和中转站，是海上贸易的重要 通道 ，有\"海上互...','南澳岛（南澳县）','34/0',8,0,'2021-12-23 20:43:06'),(23485956,'【自驾新疆】艰难时期的诗和远方','http://t1-q.mafengwo.net/s16/M00/22/3C/CoUBUmFfk--AEo8PACWAHqyKsuU389.jpg','我的浪漫历经沧桑 三年前，一个初冬的清晨。我翻着网上一张 白沙 湖的照片给夕阳说，要不要去这里？ 于是心血来潮在看似“不合时宜”的大冬天去了一趟 南疆 。 我承认，我是一个任性的人。...','北疆','733/11',20,1,'2021-12-23 17:25:09'),(23486044,'APP','http://t1-q.mafengwo.net/s19/M00/09/66/CoND5WHCfUN3CRMSAA2450oBZBg.jpg','文 / 温志大 图 / 温志大 徐志全 杨正律 廖汨章 序言 诗云：“黄河远上白云间，一片孤城万仞山。羌笛何须怨杨柳，春风不度 玉门 关（唐·王之涣）”。这诗中当年表现戍边士兵乡愁、暗生情愫...','额济纳旗','232/4',7,0,'2021-12-23 20:43:06'),(23486057,'APP','http://t1-q.mafengwo.net/s19/M00/50/16/CoNCk2G94lw0bUYJAA-fIVLKUQ0.jpg','四神云气图壁画西汉（公元前206----公元25年） 永城 市保安山梁共王陵出土 《四神云气图》创作于西汉早期，1987年出土于 河南 永城 芒 砀山 梁国王陵区柿园墓。壁画长5.14米，宽3.27米，面...','郑州','35/2',9,0,'2021-12-23 20:43:06'),(23486061,'完美避开人群，探秘惠安辋川私藏景点，每一处都令人留连','http://t1-q.mafengwo.net/s19/M00/6C/30/CoNItGHDPFIv1T8bAABdRVuO5P4.jpeg','隶属 泉州 的 惠安 县，有着扬名全国的 崇武 古城，网红打卡的小岞风车岛…… 惠安 历史悠久，不只自然风景引人入胜，还被誉为 中国 建筑之乡。这一次不走寻常路线，一起去邂逅那些传统古建...','惠安','60/0',9,0,'2021-12-23 20:43:06'),(23486067,'带你走进大美贵州，领略好山好水好风光。。。','http://t1-q.mafengwo.net/s16/M00/59/A8/CoUBUmE6DRmAEZAdAA3lv2xx8D8343.jpg','这篇游记的开头有点难写哦！ 贵州 ，西南边陲省份，其实去之前了解的比较少，最多的概念就是有一个大学同学是 贵州 的，仅此而已，而且他是56个民族之外的民族，所以那个时候就知道 贵州 肯...','贵州','117/2',11,0,'2021-12-23 20:43:06');

/*Table structure for table `t_traveller` */

DROP TABLE IF EXISTS `t_traveller`;

CREATE TABLE `t_traveller` (
  `id` int(11) NOT NULL AUTO_INCREMENT COMMENT '旅行家表id',
  `name` varchar(128) COLLATE utf8mb4_unicode_ci NOT NULL COMMENT '名字',
  `description` varchar(512) COLLATE utf8mb4_unicode_ci DEFAULT NULL COMMENT '描述',
  `avatar` varchar(256) COLLATE utf8mb4_unicode_ci DEFAULT NULL COMMENT '头像',
  `create_time` timestamp NULL DEFAULT CURRENT_TIMESTAMP COMMENT '创建时间',
  PRIMARY KEY (`id`)
) ENGINE=InnoDB AUTO_INCREMENT=357 DEFAULT CHARSET=utf8mb4 COLLATE=utf8mb4_unicode_ci;

/*Data for the table `t_traveller` */

insert  into `t_traveller`(`id`,`name`,`description`,`avatar`,`create_time`) values (30,'seamouse','已深度走访60国的新现实主义环球旅行者，战地（后）记者，近东和巴尔干音乐和文化采集者，国际电影节采访者及影评人，音乐节玩家，电影外景地收集人；在路上就是在上班，趁着旅行运和人品玩，抓紧深啃世界。','http://t1-q.mafengwo.net/s5/M00/B3/EB/wKgB3FGIlkOAMEn5AAFXnijDZeI17.jpeg','2021-12-29 16:22:35'),(68,'薛荣','宅男，前地理教师，作家，慢跑爱好者，景区梦游症患者，大龄书虫。TA的窝','https://dd-static.jd.com/ddimg/jfs/t1/139865/14/27167/538654/61e91ce6E1c27ca90/198c1ecc3cd0677a.png','2021-12-29 16:12:21'),(69,'王郢','10年行走藏区，曾在拉萨做过4年多小客栈，目前暂居大理；曾在报社和杂志任职编辑多年，因为想看更多的别人的生活而选择自由职业。TA的窝','http://t1-q.mafengwo.net/s5/M00/1D/78/wKgB3FILDIKAS5ytAAELzWAWShU18.jpeg','2021-12-29 16:21:33'),(89,'肖长春','自1983年利用寒暑假只身徒步近30年：走长城、走黄河、走独龙江、走怒江峡谷、走澜沧江峡谷、穿越雅鲁藏布大拐弯走墨脱（两次），间或漂流黄河，间或骑行黑龙江中俄边界、间或随马帮穿越玉曲大峡谷；也有冒死穿越川藏公路塌方区的经历，走帕隆藏布、走梅里雪山转经之路、走秦直道；目前大门不出二门不迈。TA的窝','http://t1-q.mafengwo.net/s7/M00/F4/8D/wKgB6lPGJTaAQgWuAACRDvzwjp050.jpeg','2021-12-29 16:31:36'),(96,'邵勉力','诗人、资深媒体人，中国作家协会会员。曾任《时尚财富》杂志总编辑兼出版人。2007年创办M画廊，落户北京798，迄今已代理超过50位当代艺术家的艺术作品。闲来爱旅游、爱玩耍、喜欢在沿途拍景色。','http://t1-q.mafengwo.net/s7/M00/14/5A/wKgB6lS_Y1KAQIOWAACrNLdcDSY07.jpeg','2021-12-29 16:33:00'),(99,'肖瑜','前媒体人，现公司人，专栏作者。别处生活的想象只是一种海市蜃楼，我只是想到处走走，看看这个世界。','http://t1-q.mafengwo.net/s6/M00/9B/49/wKgB4lKJg8iAWRKgAAFfQI-La7M25.jpeg','2021-12-29 15:25:38'),(101,'海尔森','业余游民，现居广州。飘忽不定，随性而活，但读书、行走、写字这三件事应该会一直坚持下去。经常被自己的好奇心折磨，尽量在生命租期截止前好好看看这个世界。','http://t1-q.mafengwo.net/s7/M00/23/4F/wKgB6lPzBOGADn8GAACZLJ_FzYI39.jpeg','2021-12-29 15:24:17'),(104,'余晨','在校研究生，蚂蜂窝蜂首作者，常驻广州。个子小，却想游遍整个大世界。会跟路上的汪喵打招呼，也会为了一朵小花停驻。世有喧嚣，心存诗情。我用自己的方式，去用心记录，用心体验，用心生活。这世界太美，岂可颓废？','http://t1-q.mafengwo.net/s6/M00/71/2C/wKgB4lKejUqAdhpFAADxG6Ig3Wo88.jpeg','2021-12-29 16:11:04'),(116,'喜喜','自由记者，神经大条、不可救药的乐观主义者，对任何事情都保持好奇，身体里永远充满冒险因子，那些看起来越神秘的国家越吸引我。我还喜欢和本地人交谈，用“沙发冲浪”的方式73次住进陌生人的家里，用独有的眼光去观察本地文化，写出和别人完全不同的旅行故事。微信公众号：喜喜见闻（Wanderlust_An）TA的窝','http://t1-q.mafengwo.net/s7/M00/4E/AB/wKgB6lOzvgaAXf6OAACLjfx1kNE37.jpeg','2021-12-29 16:24:09'),(140,'刘子超','旅行作家、资深媒体人、定制旅行策划师；1984年生于北京，2007年毕业于北京大学中文系；2012年中德媒体使者，2015-2016年牛津大学访问学者；先后任职于《南方人物周刊》、《GQ》中文版、《ACROSS穿越》；曾获2010年刘丽安诗歌奖、2014年“蚂蜂窝”年度旅行家；旅行文学作品《午夜降临前抵达》现已出版。','http://t1-q.mafengwo.net/s7/M00/4A/32/wKgB6lR2sUaAaCJoAADDC75gtgA57.jpeg','2021-12-29 15:20:23'),(143,'施坦丁','1976年生于新疆伊犁， 喜欢写作、旅行，2006年开始在中国云、贵、川、新疆、西藏地区及东南亚老挝、柬埔寨、越南、泰国等地收集少数民族传统音乐。TA的窝','http://t1-q.mafengwo.net/s7/M00/63/B5/wKgB6lSGZrOANUYbAAC3dGMwqNo31.jpeg','2021-12-29 16:25:39'),(144,'净源','不是旅行，只是一直在满世界换着地儿生活，亚非欧美都有过家；笃信该什么阶段做什么事情，十年从事项目融资得以周游天下，一朝隐退江湖养儿育女宜室宜家，现居美国西雅图，自由职业。TA的窝','http://t1-q.mafengwo.net/s7/M00/72/13/wKgB6lSGe7GAXlIMAADMc10BaaM68.jpeg','2021-12-29 16:13:56'),(154,'白宇','一个不浪会死的二货，一个热爱姑娘和远方的旅行者，一个拿不相信的事去说服自己的loser。Lofter ID：Rick\'s cafe   微信公众号：baiyu1984321   TA的窝','http://t1-q.mafengwo.net/s8/M00/A5/54/wKgBpVUd__SAEF3aAADy_BUll5Q34.jpeg','2021-12-29 16:39:39'),(165,'姜春苗','LonelyPlanet 广东作者，自由撰稿人和摄影师；爱好建筑、艺术、民俗与美食的慢旅行者；TA的微博','http://t1-q.mafengwo.net/s8/M00/C2/5B/wKgBpVV6fXiAH2w0AAF_7F-4Dts85.jpeg','2021-12-29 16:09:42'),(178,'狗子','本名贾新栩，生于北京，出版有长篇小说《一个啤酒主义者的独白》1、2，随笔集《一个寄生虫的愤怒》，《活去吧》，《散德行》。','http://t1-q.mafengwo.net/s8/M00/96/6C/wKgBpVXdjwOAc6LVAAEes-UnioU67.jpeg','2021-12-29 16:15:00'),(180,'孙助','山东人，暂住北京十余年，旅行作者；曾独自单车骑行中国海岸线8000公里、环骑塔克拉玛干沙漠3000公里、环骑台湾岛、海南岛、青海湖等；徒步穿越华北、华中的大部分山脉。《一路向南》编著者，在各类旅行类杂志发表游记数十篇。','http://t1-q.mafengwo.net/s8/M00/95/4E/wKgBpVXr2oSAF9hmAAC94jHBeMs13.jpeg','2021-12-29 16:19:03'),(187,'马大象','曾从事建筑设计，目前长期旅行，写身边发生的故事。\n微信公众号：badasstrip   微信：uglyelephant   微博：神经病马大象   TA的窝','http://t1-q.mafengwo.net/s9/M00/7F/B6/wKgBs1csElOASxv5AAF2F_ZLzo041.jpeg','2021-12-29 15:25:16'),(191,'邱晨晨','90后，不知道怎么定义作家与旅行家，但一直折腾着前进。从19岁开始实践旅行的梦想，已去过十几个国家，相信在一个国家找到一个房子住下来过一段柴米油盐的日子是最好的旅行方式。大学毕业开始间隔年，10个月去过6个国家，在约旦和毛里求斯工作生活。回国后在上海创业，从事VR相关内容。坚信经历越多越能讲好故事，看的风景越多越能明白人事。豆瓣专栏作家。TA的窝','http://t1-q.mafengwo.net/s9/M00/F7/53/wKgBs1hFQQuANy7nAAFgHeuJv6A60.jpeg','2021-12-29 16:24:36'),(209,'春树','作家、诗人，已出版《北京娃娃》《长达半天的欢乐》《光年之美国梦》等长篇小说，作品关注当下年轻人生活，喜欢摇滚乐，年轻一点的时候狂爱纽约，现在是巴黎脑残粉。亦出版个人诗集《激情万丈》及《春树的诗》，写诗是她的最爱。目前她和家人及一只叫Caesar的猫一起生活在北京及柏林。','http://t1-q.mafengwo.net/s12/M00/B6/F0/wKgED1v-omyATbLUAAFd-NKEJnw79.jpeg','2021-12-29 16:09:07'),(218,'Young','写文章，拍照片，做视频，游历世界，更在自己的第八大洲探险。博客：http://go2young.lofter.com。','http://t1-q.mafengwo.net/s2/M00/74/D2/wKgIDFt_dESAFblxAAC_l4Tre8w77.jpeg','2021-12-29 16:13:14'),(226,'喻添旧','1980年代生人。祖于关外，出于三晋，长于东海，擅远行。','http://t1-q.mafengwo.net/s10/M00/AC/DD/wKgBZ1pB6AWAIHx-AACxrRT0lUE53.jpeg','2021-12-29 16:11:59'),(234,'鸡狗乖图书馆','由两位馆员鸡＋犬组合而成，专职旅行。两人从自驾到骑行，从酒乡到遗迹，从大陆棚到基地营，从路边摊到星级美食……不设限旅途。鸡，韩裔美国人，挑夫、订票机器人、英文写作。犬，台湾人，中文写作。TA的窝','http://t1-q.mafengwo.net/s11/M00/3B/E6/wKgBEFpm2uKAMdk7AAGmS85GUP439.jpeg','2021-12-29 16:10:27'),(238,'穆丽德尔','穆丽德尔（哈萨克语：像幼驼眼睛一样清透），1991年出生，信仰爱、自由与朴素，崇尚自然、文学与公益，19岁开始远行，目前生活在新疆，融入当地原生态哈萨克族生活，以一个内地姑娘的眼光重新审视游牧文化，追求旅行中最极致的原生体验。','http://t1-q.mafengwo.net/s11/M00/96/80/wKgBEFpprkmAZz4KAAEITBNl9zo42.jpeg','2021-12-29 15:22:45'),(246,'何亦红','资深户外旅行者、媒体人，摄影师、旅行作者，马上走旅行文化工作室创始人。马背旅行、摩托车旅行爱好者、践行者、推广者。微信公众号：马上走（mashangz）；微博：@何土匪； ','http://t1-q.mafengwo.net/s11/M00/30/DA/wKgBEFql8iWACzbXAAFtaiButYM42.jpeg','2021-12-29 16:07:16'),(250,'沈寅','《Travel+Leisure》中文版新媒体总监，旅行vedio导演，前《外滩画报》主笔。曾经读万卷书，如今行万里路。','http://t1-q.mafengwo.net/s11/M00/5A/6E/wKgBEFqw2hSAYJcFAADzNXKMCWQ35.jpeg','2021-12-29 16:07:46'),(258,'佟琦','佟琦，生于北京，毕业于兰州大学。爱写作，爱顺其自然。十几年前以文学青年自居，现在依然以此自居。已发表《彼时春光》《游戏厅》《女朋友媛媛》《长河》等短篇小说，另著有长篇小说《就这么多》、电视剧本《出轨后遗症》等。','http://t1-q.mafengwo.net/s11/M00/B6/9E/wKgBEFqnZGSAPLInAADtOZfAWB465.jpeg','2021-12-29 15:22:14'),(262,'吉青子','自由撰稿人，WSET品酒师认证，铁道文化爱好者。致力于铁道文明的传达与保护，喜欢东风4、马莱4为首的内燃机与蒸汽机，老站房痴迷者。靠旅行、酒、火车、西域食物和游牧金属续命。微博：Hi栀紫；','http://t1-q.mafengwo.net/s11/M00/D6/81/wKgBEFqp4SyAR03SAAD7JCS-gv808.jpeg','2021-12-29 16:35:05'),(266,'斑马疆湖','斑马小姐与斑马先生，一行两人；独立撰稿、摄影纪实，专注南疆旅游文化。\n微信公众号：斑马疆湖；','http://t1-q.mafengwo.net/s11/M00/18/92/wKgBEFq5sj2AIslXAAHtQeN5Ar054.jpeg','2021-12-29 16:19:40'),(270,'西闪','独立作家、评论家，毕业于华西医科大学，著有《思想光谱》、《人的展开》、《书卷山城》、《普通读者》等书。文章常发表于《新京报》、《东方历史评论》、《南方都市报》、《南都周刊》等媒体，目前在《腾讯·大家》设有专栏。','http://t1-q.mafengwo.net/s11/M00/DF/75/wKgBEFq6JYyAVU3rAAFeX9co59012.jpeg','2021-12-29 15:21:21'),(274,'吴所不卉','海外汉教。做翻译，当记者，爱艺术，瞎捣鼓。户外运动狂热者，高加索进行时。微信公众号：lifeelsewhere；','http://t1-q.mafengwo.net/s11/M00/6C/4B/wKgBEFrMk8OAUxB4AADmDZTtMfk08.jpeg','2021-12-29 16:18:37'),(298,'Kiki','长途旅行者。我们到这个世界来，观察，学习，然后离开。学习所爱好的，瑜伽，按摩，画画，种植，花时间和自然在一起，在自然里野性生长。','http://t1-q.mafengwo.net/s11/M00/30/98/wKgBEFtEUe6Aa8VRAAH5-g5MHkI98.jpeg','2021-12-29 16:18:01'),(301,'曹企鹅','传媒业的小透明，生活中的旅行者，愿过上从书本中汲取、在旅途中经历、用文字去表达的日子。微信公众号：曹企鹅的小树洞   ','http://t1-q.mafengwo.net/s11/M00/B0/1C/wKgBEFts_IiAEf-zAAEYfcjeEJ864.jpeg','2021-12-29 16:08:38'),(305,'马鸽','出生于北京，本科毕业于意大利美术学院，旅居欧洲。发现单纯绘画救不了自己后，开始改行写作。','http://t1-q.mafengwo.net/s12/M00/D3/59/wKgED1usQ8CAYPfHAADfOIUp0kw50.jpeg','2021-12-29 16:34:27'),(321,'幸公拓','作家。旅行者。著有小说《子夜歌》《长眠不醒》等。2009年独自骑行新藏线，游记结集为《新藏行记》。','http://t1-q.mafengwo.net/s12/M00/B8/31/wKgED1vXBJ6AbnZQAAHKYsVheqo89.jpeg','2021-12-29 16:15:28'),(325,'leyton','喜欢用少量的旅行，配合奇怪的视角，以最实惠的方式制造胡思乱想。联合运营微信公众号：一人之家。小说《戏里佛》连载中。','http://t1-q.mafengwo.net/s12/M00/B6/3B/wKgED1vXA0-AGCBuAAHWqkDV5rg50.jpeg','2021-12-29 15:23:13'),(333,'续来来','文字工作者，资深媒体人。长期伏案，长期旅行，长期写作。\n','http://t1-q.mafengwo.net/s12/M00/68/35/wKgED1wHtyCABhcNAAFWjPrynM440.jpeg','2021-12-29 16:08:15'),(337,'沝令','前媒体人，旅居法国。闲时烹饪，写字。爱美食与旅行。不定期更新豆瓣专栏“巴黎谈吃”。','http://t1-q.mafengwo.net/s12/M00/51/96/wKgED1wIjHmAEUlMAAEpXJdbPDQ89.jpeg','2021-12-29 16:12:49'),(341,'Greg Miao','16岁当兵，83年留美，94年初成为华尔街顶级律所第一位华裔合伙人，纽约、香港、上海各住过10多年，喜爱旅行、野生动物、历史人文、地理、古典音乐芭蕾、摄影和写游记。17年初退休，去加拿大追寻少年时代的飞行梦。','http://t1-q.mafengwo.net/s12/M00/BA/B5/wKgED1wZqnSAKv_RAAGpdKSwb0U45.jpeg','2021-12-29 15:23:54'),(352,'然儿先生','95后，在法留学生，喜欢记录旅行中的小事；钟爱星空摄影，对群星璀璨的夜晚毫无抵抗力，梦想是去北欧看一次银河和极光；擅长在城市徒步，从南到北自西向东，总会有新的发现。','http://t1-q.mafengwo.net/s12/M00/16/E9/wKgED1wmKe-Aa1PSAAE-a0NJz5s33.jpeg','2021-12-29 15:24:42'),(356,'魏星','北京人，一九八一年生。二十岁左右曾留学日本。如今，偶著文章自娱。爱好小说、电影、运动、喝酒、旅行。近几年始，多次往返日本旅行，住一段日子，过一过生活，多为交通不甚发达地区。','http://t1-q.mafengwo.net/s13/M00/C8/5D/wKgEaVxuZ4SAH4oOAAG2JeacU6862.jpeg','2021-12-29 16:20:35');

/*Table structure for table `t_traveller_note` */

DROP TABLE IF EXISTS `t_traveller_note`;

CREATE TABLE `t_traveller_note` (
  `id` int(11) NOT NULL AUTO_INCREMENT COMMENT '旅行家专栏',
  `title` varchar(128) COLLATE utf8mb4_unicode_ci NOT NULL COMMENT '标题',
  `thumbnail` varchar(128) COLLATE utf8mb4_unicode_ci DEFAULT NULL COMMENT '缩略图',
  `description` varchar(512) COLLATE utf8mb4_unicode_ci DEFAULT NULL COMMENT '描述信息',
  `view` int(11) DEFAULT NULL COMMENT '阅读数',
  `writer_id` int(11) DEFAULT NULL COMMENT '作者id（即旅行家id）',
  `detail_content` varchar(128) COLLATE utf8mb4_unicode_ci DEFAULT NULL COMMENT '游记详细（游记html存储地址）',
  `publish_time` date DEFAULT NULL COMMENT '发布时间',
  PRIMARY KEY (`id`),
  KEY `writer_id` (`writer_id`),
  CONSTRAINT `t_traveller_note_ibfk_1` FOREIGN KEY (`writer_id`) REFERENCES `t_traveller` (`id`)
) ENGINE=InnoDB AUTO_INCREMENT=3845 DEFAULT CHARSET=utf8mb4 COLLATE=utf8mb4_unicode_ci;

/*Data for the table `t_traveller_note` */

insert  into `t_traveller_note`(`id`,`title`,`thumbnail`,`description`,`view`,`writer_id`,`detail_content`,`publish_time`) values (3564,'巴库少女塔','http://b1-q.mafengwo.net/s12/M00/2F/36/wKgED1w4XtGAZgpjAAPOU8XYZKU45.jpeg','作为阿塞拜疆首都巴库的象征，少女塔（Maiden Tower）位于巴库市中心，是巴库最古老的建筑之一，也是巴库古城（Icherisheher）的一部分。它位于古城东南角，和古城中的另一建筑希尔万沙皇宫（Shivanshah Palace）一...',3702,274,'files/2021-12-29\\3564.html','2019-01-11'),(3568,'贾什穆塔儿，1800年前美洲的CBD','http://t1-q.mafengwo.net/s12/M00/41/69/wKgED1w4bWaAVh3kAAaXlh-1wjU54.jpeg','在玛雅文明的鼎盛时期，这个名字像是在给外星人一些讯号：你们观测地球的时候，请留意中美洲地峡北边，那片绿色汪洋般的热带丛林中，你们会发现一些有着复杂几何形状的巨大石灰岩建筑，冲破参天密林直指苍穹，那就是我们文明辉煌灿烂的赫然之证。...',5630,154,'files/2021-12-29\\3568.html','2019-01-11'),(3572,'日本圣山行','http://b1-q.mafengwo.net/s12/M00/C8/46/wKgED1w9lz-AXeVZAAKFv6lyMXg34.jpeg','富士山不易见。据说曾经常年积雪的富士山如今只有一半时间积雪，就算是积雪，也要逢天气晴朗的日子，才能见到富士山顶白雪皑皑的真容，若遇冬季多云或凄风苦雨，富士山就躲入云层中难觅踪迹。...',6198,250,'files/2021-12-29\\3572.html','2019-01-15'),(3576,'我在雨季的尾巴来到路易港','http://t1-q.mafengwo.net/s12/M00/E9/63/wKgED1w9qzeABI4kAAL3jAjksWs28.jpeg','我来到路易港时正赶上雨季的尾巴，潮湿得喘不上气。我还带着初来毛里求斯的兴奋，计划着晚上去科当水门体验热闹的夜生活，怎么说这里也是旅游者的梦幻天堂。...',3745,191,'files/2021-12-29\\3576.html','2019-01-15'),(3580,'亚吉铁路','http://t1-q.mafengwo.net/s12/M00/79/1E/wKgED1xAHH2AKvYkAAKXpbmXLdE22.jpeg','我要去的勒布火车站位于埃塞俄比亚首都西郊，是一座全新的火车站，也是中国兴建的“亚吉铁路”的起点。“亚吉铁路”连接着埃塞俄比亚首都亚的斯亚贝巴和吉布提首都吉布提市，是非洲第一条跨国标准轨电气化铁路。资料显示，铁路2016年开通，2018年正式...',14270,140,'files/2021-12-29\\3580.html','2019-01-17'),(3584,'象牙塔和植物园','http://t1-q.mafengwo.net/s12/M00/02/3B/wKgED1xAQYiAEvmWAAUVZQftat485.jpeg','博物馆里拥有从雕像到画作的广泛的亚洲收藏品，还有来自非洲以及前哥伦比亚时期的美洲和大洋洲作品。在这透着浓郁艺术氛围的第5层空间，透过玻璃窗饱览360度全方位远景，秋溪峡谷和卡萨卡迪拉峡谷遥相呼应，卡尤加湖掩映在色彩多样的森林之间，仿佛整个伊...',3299,226,'files/2021-12-29\\3584.html','2019-01-17'),(3588,'告别贝尔格莱德','http://t1-q.mafengwo.net/s12/M00/CB/AC/wKgED1xBPrmAG7QYAATDAmklyDE87.jpeg','在圣马可，里面辉煌而圣洁。正面画着圣母的神像，作张开双臂状，似在拥抱世人。走在里面不禁“不敢高声语，恐惊天上人。”教堂两侧放着两具棺材，一具是位国王的木棺，另一具可能是某位圣徒的石棺。一个女人走过我，来到圣母像旁边的一个小木柜前，低声说着什...',23840,258,'files/2021-12-29\\3588.html','2019-01-18'),(3592,'入埃塞记','http://t1-q.mafengwo.net/s12/M00/6A/8C/wKgED1xFNHiASFZkAAM5gsby_ZQ69.jpeg','犹太、阿拉伯和埃塞俄比亚传说中，智慧之王所罗门从大胡子老头到色迷迷中年汉子到光脸没胡子的小青年长相五花八门，示巴女王的肤色也是黑白参半，年龄长相各异，这和耶酥在世界各地的长相不同是一个道理：北欧耶酥金发碧眼，中东耶酥白肤色黑头发，土耳其耶稣...',3079,341,'files/2021-12-29\\3592.html','2019-01-21'),(3596,'彼岸香港，江湖何去（上）','http://t1-q.mafengwo.net/s12/M00/A7/1D/wKgED1xFZEWAKzMMAAOghuzUpxc08.jpeg','如果时间不多，只够涉猎一个香港的景点，太平山是不错的选择。高552米、位于香港岛西部的太平山，是香港岛的最高峰，站在山腰或山顶，可以尽情欣赏维多利亚港两岸的美景。喜欢爬山的，可以徒步上山，强度不算大，但也需要一些耐力；赶时间的，可以坐山顶缆...',3159,101,'files/2021-12-29\\3596.html','2019-01-21'),(3600,'沙漠里的来客','http://t1-q.mafengwo.net/s12/M00/D5/3E/wKgED1xFgrKAEhloAAHuEUS5JGY52.jpeg','布柏是内蒙人，五官就像刀刻作品，太阳和沙漠一刀刀锉进他的皮肤，散发着巧克力的光泽和小麦的香气。我们在河滩驻足，他熄火下车，随手掐下盐碱地里一株植物种子在我眼前掰开来，告诉我这是什么植物结的什么果能做什么给什么牲口吃。那双手，又厚又粗，一看就...',5510,333,'files/2021-12-29\\3600.html','2019-01-21'),(3604,'我在道布呼都格火车站当“电工”','http://t1-q.mafengwo.net/s12/M00/40/58/wKgED1xIHwuASLaSAAMEvRKcxvk02.jpeg','位于锡林郭勒盟苏尼特左旗道布音呼都嘎苏木的道布音呼都格火车站是锡盟腹地戈壁上的一座铁路职工通勤车站，前不着村，后不着店，快递也无法到达，离得最近的城市是111公里开外的中蒙边境二连浩特。...',4522,262,'files/2021-12-29\\3604.html','2019-01-23'),(3608,'每个人都是都灵之马','http://t1-q.mafengwo.net/s12/M00/0C/81/wKgED1xJIYGAd7PRAAHpSpBQYX481.jpeg','伊塔洛·卡尔维诺在《异乡人在都灵》中写道：“都灵吸引我的，是与我的乡亲及我所偏好相去不远的某些精神：不编织无谓的浪漫情怀，对自己的工作全心投入、天性害羞的不信任、积极参与广阔世界游走其中不故步自封的坚定、嘲讽的人生观，清澄和理性的智慧。”...',3881,305,'files/2021-12-29\\3608.html','2019-01-24'),(3612,'伟大的低语者','http://t1-q.mafengwo.net/s12/M00/5C/9A/wKgED1xJYS2ADbA0AAMcjLPwLcw20.jpeg','傍晚的时候，坐在PhrathatKhaong寺大佛的脚下，俯瞰难府，它不是耀眼的，高亢的，也不是奇巧的，精致的，它看上去如此平淡，就像，低语者。我总是能够望见难河，热季的难河，水浅浅的，人们将桌椅插进水中，将脚浸入水中，满怀着天真的诗意，在...',4549,218,'files/2021-12-29\\3612.html','2019-01-24'),(3616,'博洛尼亚美丽的饺子Tortellini','http://t1-q.mafengwo.net/s12/M00/80/E6/wKgED1xJdPuAXoEoAATCsR5lG8M83.jpeg','慢吞吞的艾米利亚大区的人们吃面饺的诉求既不是为了减压，也不是为了吃饱，而是为了吃巧。尤其是Tortellini，包的时候完全只需靠手指指尖操作，拼的就是灵活性和耐心。而在博洛尼亚，能不能包好Tortellini，可是衡量一个女性是否足够优雅...',6828,116,'files/2021-12-29\\3616.html','2019-01-24'),(3620,'过去是存在的，邢台的几处古建','http://t1-q.mafengwo.net/s12/M00/CB/DF/wKgED1xOzbCAXIpmAAFyE_PH5_I88.jpeg','邢台是中国古代大城市，五朝古都，有600年国都史，分别当过商朝、邢国、赵国、常山国、后赵的首都，历史底蕴厚重。历史所关，此刻我们还能看到北朝的窑址，唐代的寺，元代的庙，明清的房屋，其实就是在看一路变迁到今天的时间，生活，和人世。还有这些过去...',3601,96,'files/2021-12-29\\3620.html','2019-01-29'),(3624,'天苍苍野茫茫脏兮兮冷冰冰','http://t1-q.mafengwo.net/s10/M00/50/4C/wKgBZ1xO0yOAAc43AAMRFft420A08.jpeg','调到网易云音乐，播放旺财乐队那首最初可能是上了2001年某期《我爱摇滚乐》杂志的《友善的狗》，疲惫的低保真声音哀怨着，“友善的狗，你叼走了我的骨头，让我连抽烟的力气都没有。”不过，如若打开窗子，一边是漫天大雪落在篝火豪宅花园和街边的道奇SU...',2142,30,'files/2021-12-29\\3624.html','2019-01-29'),(3628,'青春的保定，冬日的邯郸','http://t1-q.mafengwo.net/s10/M00/51/0E/wKgBZ1xO1eKADIqzAAJCTcJFPZI89.jpeg','天气预报员乐队成立于2016年3月，是一支石家庄摇滚乐队。这家名为魔符的live house，是当地有名的一家做现场音乐的酒吧。白天，做音乐的郭志明，又称郭较瘦，陪我们一起溜达。郭较瘦在石家庄上的大学，毕业后就回到了邯郸，目前在一家单位上班...',3023,209,'files/2021-12-29\\3628.html','2019-01-29'),(3632,'1983年，河北有人说你形迹可疑','http://t1-q.mafengwo.net/s1/M00/1C/A6/wKgIC1xO12iABF8fAAGqsJJQ7-067.jpeg','那时，我眼中的山民神态猥琐动作迟缓，村头窜过一头“嗷嗷”叫的黑猪才显出活力。而身后的长城高峻挺拔，很难想象，在冷兵器年代这样的族群怎么拥有如此辽阔的疆域，人种退化了吗？我困惑不已。当年遇见的人老了，或死了，山河依旧。活到这岁数，我只记得从前...',2306,89,'files/2021-12-29\\3632.html','2019-01-29'),(3640,'再见，兴隆','http://t1-q.mafengwo.net/s10/M00/56/AE/wKgBZ1xO63WATlX4AALCpH894cI26.jpeg','在兴隆，总有一种“天高皇帝远”的感觉，虽然按道理兴隆因为海拔高（平均海拔1000米，典型的山城）天应该更低才对，而且离“皇帝”一点也不远，它与北京就隔着一座山——雾灵山。...',2379,178,'files/2021-12-29\\3640.html','2019-01-29'),(3644,'魔笛与电车','http://t1-q.mafengwo.net/s1/M00/2B/E2/wKgIC1xiZxaAfj3tAAWV1dFvpcE31.jpeg','在清晨，是时候向布达佩斯告别。电车缓缓跨越多瑙河，咚隆、咚隆车子从此岸开往彼岸，河面闪烁金金灿灿阳光，没有风，水面平静如镜。放眼两边的城堡、国会大厦、皇宫、万神殿、犹太会堂，现在都安详地躺在刚刚升起的朝阳下，闪耀着鲜明与温和的橘色光泽。...',4378,234,'files/2021-12-29\\3644.html','2019-02-12'),(3648,'杜尚别，陪你转转','http://t1-q.mafengwo.net/s1/M00/33/1C/wKgIC1xigqKAFjUuAAK1FxxAdNo43.jpeg','意想不到的是，在杜尚别的年轻人圈子里，正在流行一种名为“陪你转转”的活动。“陪你转转”比其字面意义要严肃很多，大体相当于兼职导游，即由熟悉情况的当地人带你逛逛他们的城市。人们把自己的照片、简介放到网上，时间则按小时标价。在杜尚别，不少大学生...',5240,140,'files/2021-12-29\\3648.html','2019-02-12'),(3652,'贝尔加马的人们（中）','http://t1-q.mafengwo.net/s12/M00/09/41/wKgED1xijX6Aba96AAMdSjoP8wI56.jpeg','事实上，正是帕加马的国王欧迈尼斯二世发明了羊皮纸。由于在继业者战争中结下夙仇，埃及统治者禁止莎草纸向帕加马出口，才促使他的敌手不得不另辟蹊径，造出更加耐用更好保存的书写材料。不仅如此，帕加马还建起了堪与当时埃及亚历山大图书馆比肩的图书馆，藏...',2287,270,'files/2021-12-29\\3652.html','2019-02-12'),(3656,'风雪孜珠寺','http://t1-q.mafengwo.net/s10/M00/33/26/wKgBZ1xipMCAeOuVAALYuC8pPLo60.jpeg','藏传佛教的宗教辩对活佛制这一基本制度从来没有深入辩论过。活佛仍然在人与神之间游荡，作为宗教职位的人格化缺乏清晰有力的辨析过程，众生平等只是一句空话，活佛与信徒之间不可能平等。活佛制下，要求信徒对上师的绝对依从，在某种程度上是否认信徒自身的神...',4673,321,'files/2021-12-29\\3656.html','2019-02-12'),(3660,'魁北克的味道','http://t1-q.mafengwo.net/s1/M00/50/98/wKgIC1xjf32AFf0nAAWMDQjF8G492.jpeg','在所有的魁北克省车牌下方，都有一行法语文字写道：“Je me souviens我记得”，这句话截取自一首古老的法国诗歌“Jeme souviens que né sous le lys, jecros sous la rose 我记得自己，...',2699,226,'files/2021-12-29\\3660.html','2019-02-13'),(3664,'北纬80度——斯瓦尔巴','http://t1-q.mafengwo.net/s13/M00/D1/FB/wKgEaVxlJ_WAVeioAAO8UavBeTg07.jpeg','整个斯瓦尔巴地区有5000只北极熊，但只有1800口人，且集中在斯瓦尔巴的首府朗伊尔城。机场的行李传送带中间，设置了一个北极熊的等大模型，取行李的时候瞥一眼这个雪白的庞然大物感到有几分亲昵又有几分敬畏。...',7702,246,'files/2021-12-29\\3664.html','2019-02-14'),(3668,'小Y和他的加德满都生活','http://t1-q.mafengwo.net/s13/M00/40/BA/wKgEaVxmZFKAftIMAAONJfYRfNQ10.jpeg','论生活和学习的环境，吉桑的要比小Y的好太多了，可是相比之下，这里的孩子更快乐，或者说我跟小Y相处的这几天，觉得他心里有满满的爱和优越感，乐于帮助那些生活条件比他差的孩子。这也应了佛法的教导，心是唯一快乐的原因，和物质无关。这里的孩子更天真快...',4909,143,'files/2021-12-29\\3668.html','2019-02-15'),(3672,'渴望之书','http://t1-q.mafengwo.net/s13/M00/A2/48/wKgEaVxqK82AJ4WxAAKJbV5xbNU90.jpeg','我想起昨天去的唐人街，街上几乎所有的生鲜蔬菜、南北炒货店都在开门迎客。中国人不管到何时，不管在哪儿，烟火都在。一家裁缝店还贴着孙中山来温哥华那年的报纸。90岁的老裁缝熟练用着电动缝纫机，正在赶制一件婚礼四件套西装马甲的扣眼。老太太坐在门厅，...',6002,333,'files/2021-12-29\\3672.html','2019-02-18'),(3676,'开封有个宝珠寺','http://t1-q.mafengwo.net/s13/M00/99/90/wKgEaVxrZrSAJUkeAAKuO1OqkSU01.jpeg','不光是因着宝珠寺，整个开封城都在八朝古都的烘托下闪烁着灵光。开封位于运河与航运枢纽，因地利而迅速扩张，一时间独占了都城的光环。宋朝时的东京据说是当时世界第一大城市，文化、商业、娱乐盛极一时，风光无限。即便是今日，整个开封都逃离不了盛世的回忆...',5834,191,'files/2021-12-29\\3676.html','2019-02-19'),(3680,'在西班牙享受午睡','http://t1-q.mafengwo.net/s13/M00/A6/2C/wKgEaVxrbg6AKaCQAAUDLwrc5ks48.jpeg','西班牙政府还曾经把午睡上升到法律层面，严格规定商店等场所对外营业的时间：一周营业不超过72小时，一年之内周日营业天数不超过8天。商家为了不触犯法律，也“迫不得已”要在一天之中停止营业几个小时。...',6782,116,'files/2021-12-29\\3680.html','2019-02-19'),(3684,'黄背心','http://t1-q.mafengwo.net/s13/M00/6E/E7/wKgEaVxs0d2AGiEWAAhHx5jm57M235.png','人文主义的中心精神，便在自由与平等。自由在于，相信每个个体都神圣、不可被侵犯，所以每个人都有行使自己意志的权力。而平等则意味着，珍视身为人类的普遍本质，而不只是看重某项边际特质。...',5447,234,'files/2021-12-29\\3684.html','2019-02-20'),(3688,'弘前和青春期的太宰治','http://t1-q.mafengwo.net/s13/M00/D1/01/wKgEaVxtCg2AKh9TAARV-3nKxX413.jpeg','太宰治回忆高中时代一个春天的黄昏，他独自站在白墙雪壁的天守阁前的广场一隅眺望岩木山时，“徒然惊觉一座梦幻的城镇在我脚下悄悄地铺展开来……我领略到经常出现在《万叶集》里的‘隐沼’一词的意涵……我当下对弘前、对津轻，似乎有了顿悟。”隐沼——隐藏...',6072,178,'files/2021-12-29\\3688.html','2019-02-20'),(3692,'喀什少年','http://t1-q.mafengwo.net/s13/M00/80/9C/wKgEaVxzvdSAHs0CAAae62ktEN076.jpeg','喀什老城美死了，即便它如今的外围已被仿古旅游商品店面包围了起来。曾经，这儿叫做喀什噶尔，更早的2000多年前，是汉代西域三十六国的疏勒国之中心部分，古丝绸之路上鲜少还活着的古城。...',3797,30,'files/2021-12-29\\3692.html','2019-02-25'),(3696,'泰国宋干节：用水洗去罪恶','http://t1-q.mafengwo.net/s13/M00/89/9C/wKgEaVxzwuKAUdHMAAfn2D6hnaw81.jpeg','宋干节源自印度婆罗门教的一种仪式，教徒们每年都有一个宗教日要到河边沐浴，洗去罪恶，年老体迈或残疾病弱者，由其家人将河水挑回，泼水洗罪。水，可以驱灾辟邪，迎祥纳福。记得在一部泰国电影里，宋干节到来之时，人们沐浴净身，穿戴一新，用银钵盛水，浸入...',2306,218,'files/2021-12-29\\3696.html','2019-02-27'),(3700,'藏历年：一场取悦土地之神的仪式','http://t1-q.mafengwo.net/s13/M00/8F/CB/wKgEaVxzyF-ALtIPAASs5zpLn6I36.jpeg','藏历初一，拉萨人要去布达拉宫、大昭寺、哲蚌寺和色拉寺等处朝拜祈祷。这一天除了去朝圣，是不会外出欢聚、彼此访问的。从初二开始亲戚好友才开始互相拜年，持续三到五天。初二一大早，是人们回老家的日子，这一天很多人要赶回到自己出生的村庄，在那里煨桑祈...',1549,69,'files/2021-12-29\\3700.html','2019-02-27'),(3704,'阿塞拜疆诺鲁孜节：春风日假扮国王','http://t1-q.mafengwo.net/s13/M00/A1/DC/wKgEaVx0pLmADI7kAAYr6cUFmVg67.jpeg','诺鲁孜节即当地的新年。“Novruz”一词在波斯语中是“新的一天”的意思。西亚和中亚的诸多国家，例如阿塞拜疆、伊朗、塔吉克斯坦、乌兹别克斯坦等，甚至中国的新疆地区，都有庆祝诺鲁孜节的习俗。著名诗人尼扎米（NizamiGanjavi）就曾在他...',2258,274,'files/2021-12-29\\3704.html','2019-02-27'),(3708,'和歌山新年：风雅越千年','http://t1-q.mafengwo.net/s13/M00/A9/DB/wKgEaVx0qXGAI-WoAAPzTxh6Xyc59.jpeg','纪三井寺因“吉祥水”“杨柳水”“清净水”三口井而得名，乃唐朝僧人为光上人所创，可凭栏远眺“和歌浦”——纪三井寺对面，这也是其风雅的原因之一。它曾出现于古老的“万叶集”中，不少文人墨客喜好来此游玩，沿海岸坐落了许多历史悠久的建筑物，当天下午，...',1073,356,'files/2021-12-29\\3708.html','2019-02-27'),(3712,'爱尔兰绿帽子节：不再在世界的尽头沉默','http://t1-q.mafengwo.net/s13/M00/AF/76/wKgEaVx0rJ2AEmODAAgdIJI926c45.jpeg','爱尔兰人已经在世界的尽头沉默太久了，今天的他们绝不再要严肃和无聊。狂欢会以彻夜不眠的圣殿酒吧区的音乐结束，人们一杯一杯地将泡沫柔滑的健力士啤酒灌进喉咙。在都柏林半便士桥的璀璨灯光下，在圣帕特里克节狂欢的余温下，来自世界各地的游客或旅居者都在...',3205,226,'files/2021-12-29\\3712.html','2019-02-27'),(3716,'印度洒红节：让害羞的人大胆，让卑贱的人抬头，让怯懦的人勇敢，让忧郁的人欢乐','http://t1-q.mafengwo.net/s13/M00/C1/9E/wKgEaVx0tlWAU5_4AAdCPYk01Zs17.jpeg','在大多数印度人看来，他们来到这个世界上不仅仅是为了糊口谋生，也不希望成为物质的奴隶。他们很早就知道，在这个世俗和艰难的世界上，除了要放松肉体、满足感官外，也需要安歇灵魂，愉悦精神。洒红节的魅力正在于此，让害羞的人大胆，让卑贱的人抬头，让怯懦...',2739,266,'files/2021-12-29\\3716.html','2019-02-27'),(3720,'彝族火把节：在对火和太阳的崇拜中狂欢','http://t1-q.mafengwo.net/s13/M00/F2/F6/wKgEaVx02dmAUUAyAAa9rhxAZSg52.jpeg','关于火把节的起源，传说颇多，比如慈善夫人自焚殉国、贞烈夫人自焚以保清白、阿提拉巴燃火把驱害虫等，故事不尽相同，但本质都是彝族先民对火和太阳的崇拜。他们相信火能烧虫逐疫、占田祈丰，只有农作物获得可喜的丰产丰收，才能够保证人自身的生生不息。武定...',2299,99,'files/2021-12-29\\3720.html','2019-02-27'),(3724,'喀土穆开斋节：艳阳之下喝茶开斋','http://t1-q.mafengwo.net/s13/M00/FB/5F/wKgEaVx03pCAAyKJAASBoaALtao30.jpeg','即使是斋月，路边茶摊上的人们也在毫无避讳地喝茶。在这个炎热的地方，任何伊斯兰教允许不封斋的理由都被人们充分利用起来，比如在斋月里工作，出远门旅行等，只有这样才可以合理地不封斋并且不会受到良心上的自责。公司的司机很喜欢在斋月出差，每到出差时总...',3032,187,'files/2021-12-29\\3724.html','2019-02-27'),(3728,'汉族春节：迁徙只为团圆','http://t1-q.mafengwo.net/s13/M00/0B/D0/wKgEaVx05pCAdFE_AANMLidhdYE40.jpeg','“年食”是团圆的象征，茶炉里的味道是我童年关于“年”的开始。与传统秦淮以北吃“炖肉和饺子”，秦淮以南食“汤圆和年糕”不同，一次次的辗转迁徙，让外公外婆的“年夜饭”桌上融合了江浙的“味”，北方的“形”，以及川式的“拌”。辣油、香醋、葱花、蒜酱...',1498,352,'files/2021-12-29\\3728.html','2019-02-27'),(3732,'彼岸香港，江湖何去（下）','http://t1-q.mafengwo.net/s13/M00/2B/76/wKgEaVx-G7aAO8N_AARrvUlp8NE04.jpeg','香港人和内地人近年的关系，似乎比“香港到底是不是文化沙漠”这个话题更加微妙和不可言说。曾经，内地人是香港人口中土里土气的“阿灿”；后来，香港人被内地人称作“港灿”（以至于现在香港人也以此称呼自嘲）；曾经，港星是内地人疯狂追逐的偶像；当下，内...',3664,101,'files/2021-12-29\\3732.html','2019-03-05'),(3736,'地球上最难攀爬的石凿洞穴教堂','http://t1-q.mafengwo.net/s13/M00/5A/76/wKgEaVx-NhSAONxJAAY32jtulQs61.jpeg','当天是埃历圣诞节，但在这原始基督教修行者修行的岩石洞穴教堂中，1500多年来仿佛夜夜都是平安夜，圣经还写在羊皮上。石洞中，时光不流逝，岁月不荏苒，1500多年来一切都静止不动，流动的唯有羊皮圣经的翻页声与修道者诵经的喃喃声。...',3737,341,'files/2021-12-29\\3736.html','2019-03-05'),(3740,'隔世江之岛','http://t1-q.mafengwo.net/s13/M00/72/0D/wKgEaVx-Q6iAcpiFAAPaUaF_zrA79.jpeg','江之岛原本确实是个岛，有蛟龙护海，仙子巡山，偏安于大海一侧，自在逍遥。直到有一天在火山和地震的作用下，地壳上升，画蛇添足般的在大海上凭空架起通途，与本岛相连，外头的凡夫俗子便趁机修桥铺路，设立码头，推搡着打开了桃花源的大门。...',4817,325,'files/2021-12-29\\3740.html','2019-03-05'),(3744,'阿勒泰的“羊”村长','http://t1-q.mafengwo.net/s13/M00/26/55/wKgEaVx_NrKARQtDAANFjs4zDLI08.jpeg','“从一只羊开始？你确定能改变家乡现状？”“当然，现在我已经被聘为村长了，确切地说是贾克斯被聘为村长了，我只是藏在它背后的男人而已，贾克斯在抖音的粉丝已经突破3万了。”我张口结舌，让一只羊当村长……“只要想，一只羊也能做很多事。”佳哥把奶茶喝...',5942,238,'files/2021-12-29\\3744.html','2019-03-06'),(3748,'颐和园','http://t1-q.mafengwo.net/s13/M00/57/78/wKgEaVx_YVKAbgsbAAP5Pc23xuE93.jpeg','可能刚上学吧，颐和园非常荒，岸边的芦苇又高又密，它们是枯黄的，顶部的穗儿挺厚重。湖水烟波浩渺，一眼望不到对岸。据说有人在湖里捉到过大龟，还有蛇，后来这些人都离奇地出了事，没得到好下场。我不知道那次是谁带我去的，站在岸边还照了相——我一直紧张...',3562,258,'files/2021-12-29\\3748.html','2019-03-06'),(3752,'“兄弟，好好生活吧！”','http://t1-q.mafengwo.net/s13/M00/B5/69/wKgEaVyFzQ2AWP-xAAMn-qjWDQg91.jpeg','火车离开新义州车站后，窗外开始出现大片农田。黢黑的农民如芝麻粒一般，撒满田间地头。这里没有机械化，一切全靠人力。时光仿佛悄悄退去，又回到亘古不变的农业时代。田埂上挂着红色标语：“只有自力更生才能生存”、“金日成和金正日同志永远活在我们心中”...',4111,140,'files/2021-12-29\\3752.html','2019-03-11'),(3756,'贝尔加马的人们（下）','http://t1-q.mafengwo.net/s13/M00/1C/5D/wKgEaVyGEH6AFEe0AATxNgj-FOs90.jpeg','阿克罗波利斯酒店格局不大，与其说酒店，不如叫客栈。以前就是“Guest House”，后来新添了一个比浴缸大不了多少的露天泳池，便自我升级成了酒店。不过我倒是喜欢它的客栈风格，尤其是庭院里看似漫不经心却又层次分明的各色花草，以及两棵刚刚结出...',2565,270,'files/2021-12-29\\3756.html','2019-03-11'),(3760,'我在侗乡认了干闺女','http://t1-q.mafengwo.net/s13/M00/2D/44/wKgEaVyGGbSADdESAAKnMT1WKxM65.jpeg','一条小河绕村而过，这里曾是红军经过的地方。河边多竹，村中多枫。村居多干阑式吊脚楼，屋面覆盖小青瓦，四周安装木板壁，或者垒砌土坯墙；有些在正房前二楼下，横腰加建一披檐，增加了檐下使用空间，形成一条宽敞的前廊，便于小憩纳凉。...',5975,180,'files/2021-12-29\\3760.html','2019-03-11'),(3764,'巴库建筑之旅','http://t1-q.mafengwo.net/s13/M00/5C/C6/wKgEaVyGN6SAILv5AAQAuoK_tvw14.jpeg','对建筑感兴趣的朋友，不妨来阿塞拜疆首都巴库走一圈。这儿不仅有列入联合国教科文组织的古代建筑遗迹，也有石油热时期复古华丽的欧式建筑，还有苏联时期火柴盒式的朴素建筑，更有现代文明蓬勃发展之下的新式建筑。各种风格迥异的建筑物，将外高最大的首都城市...',5599,274,'files/2021-12-29\\3764.html','2019-03-11'),(3768,'Rasht乡间的共谋公社','http://t1-q.mafengwo.net/s13/M00/9A/6B/wKgEaVyKDsmAU5ZlAAZM1xakTeA49.jpeg','在伊朗，越来越多年轻人选择离开嘈杂的城市，搬到乡间和南部四季温暖的小岛上居住，过农耕或手工生活。中国也一样，很多人迁往村庄小镇山居，大理散居着选择如此生活的人们，但是共谋公社的形式似乎不多，听说一个朋友在丽江旁石鼓小镇建立了这样的共谋公社，...',2430,298,'files/2021-12-29\\3768.html','2019-03-14'),(3772,'那曲生于风雪','http://t1-q.mafengwo.net/s13/M00/B0/68/wKgEaVyPGgOABw_bAAThSGoLfwM06.jpeg','那曲旧称黑河，撤地设市之后，原那曲县改为色尼区，色尼就是黑河的藏语发音。那曲算是中国最有特色的城市之一，整个城市是灰色的，没有一棵树，街道坑洼不平，街旁堆满杂物，很多街道停满挖掘机和破烂的卡车。那曲宛如科幻电影中被外星人摧毁的城市，但是，在...',3463,321,'files/2021-12-29\\3772.html','2019-03-18'),(3780,'“白痴一念”金木町','http://t1-q.mafengwo.net/s13/M00/83/2B/wKgEaVyQp-CAcuABAAMKG128hwA97.jpeg','太宰治或许从他20岁第一次自杀开始便在“生无可恋”与“拼了命去活”之间挣扎，对写作则一生秉持他年轻时立下的信条“白痴一念”（日语这个词含义复杂，大意：笨蛋一样的执念，一意孤行，心无旁骛……），体现在他最后作品中的，则是一方面具有强烈的攻击性...',3841,178,'files/2021-12-29\\3780.html','2019-03-19'),(3784,'恰卡纳，请给我力量，请给我安宁','http://t1-q.mafengwo.net/s13/M00/72/53/wKgEaVyR7myAFnQeAAKgfO2wcLE28.jpeg','此刻还在山上的那群人，他们要等待的，是南十字星座，这是个只有在南半球可以看到的星座，也是88星宿中最小的一个，就像北半球的旅人通过北斗星判断方向一样，南十字就是南半球的指南针，最重要的星象。而今天，5月3号，正是印加民族的“the day ...',3637,144,'files/2021-12-29\\3784.html','2019-03-20'),(3788,'天蝎座最亮的星——心宿二','http://t1-q.mafengwo.net/s13/M00/88/82/wKgEaVyTRP6AKwsxAAPP0o1Rz-o58.jpeg','在此之前，我并不知道这两个英文单词的涵义，原来是“伏尼契手稿”——这是一本中世纪的神秘书籍，现存于耶鲁大学图书馆，全书用奇怪的语言文字写就，内容不明。这份手稿被发现以来，专业和业余的译解密码员，如第二次世界大战期间英美顶尖解码专家，都积极研...',5724,144,'files/2021-12-29\\3788.html','2019-03-20'),(3792,'泰国的流浪剧团','http://t1-q.mafengwo.net/s13/M00/86/D5/wKgEaVyTRAOANrZ2AAJl2mBEoco72.jpeg','湄公河沿岸，我最爱清刊，名字好听，住着舒服，居民有现代意识，又不失质朴。有时我跟主人家一起吃饭。屋里一只黑猫一只白猫，冷不丁蹿一下子，死去的几只猫做成了标本，还在屋子里陪伴着这家人。清晨六点，天已大亮，人们在家门口铺上草席，化缘的僧人到来时...',3780,218,'files/2021-12-29\\3792.html','2019-03-21'),(3796,'普罗旺斯的松露市场','http://t1-q.mafengwo.net/s13/M00/C2/0D/wKgEaVyTZ-iACTM1AARAoNETtR429.jpeg','法国女作家克莱特在《囚牢与天堂》（“PRISONS ET PARADIS”1932年）里提到：“我们花昂贵的价钱购买松露，却暴殄天物，将其加进鹅肝酱里、放进油腻的禽肉里、做成乱其八糟的酱汁……难道不知我们爱的原是松露的本味……将其当做生鲜之...',4655,337,'files/2021-12-29\\3796.html','2019-03-21'),(3800,'菩萨凝视的景区','http://t1-q.mafengwo.net/s13/M00/81/35/wKgEaVyYSkKAFt52AAUKJ1n6FPA15.jpeg','倾斜度很大的屋顶，高大挺拔的廊柱，繁复精美的装饰，令人不得不再三感叹宫庭建筑艺术的雄伟壮丽。历史就是这样，无可更改的金字塔型社会结构，让皇权在握的统治者可以集中举国上下的能工巧匠，把东南亚宫庭建筑风格发挥到极致，随着社会的发展转型，国家治理...',1975,68,'files/2021-12-29\\3800.html','2019-03-25'),(3804,'万物皆有裂痕，那是光进来的地方','http://t1-q.mafengwo.net/s13/M00/01/28/wKgEaVyYlCKAYUViAAZyAfb1RX067.jpeg','在收藏着达芬奇、毕加索、伦勃朗和雷诺阿的蒙特利尔美术馆对面，巨大的科恩画像占据了整面楼体墙壁，在2016年离世后，漂泊于城市之间的吟游诗人科恩终于不必再离开故土了，无需用嘶哑的嗓音唱着纽约的蓝雨衣。在《Anthem》这首赞美诗里他曾唱道：万...',9882,226,'files/2021-12-29\\3804.html','2019-03-25'),(3808,'香港气息','http://t1-q.mafengwo.net/s13/M00/36/FE/wKgEaVyYtImAFfL5AATHj-FOME060.jpeg','阿城先生说：“大陆人总讲香港是文化沙漠，我看不是，什么都有，端看你要什么。比如你可以订世界上任何地方的任何书，很快就来了，端看你订不订，这怎么是沙漠？香港又有大量四九年居留下来的大陆人，保持着自己带去的生活方式，于是在大陆已经消失的世俗精致...',41070,258,'files/2021-12-29\\3808.html','2019-03-25'),(3812,'每一个吃货都该去乐山','http://t1-q.mafengwo.net/s13/M00/32/61/wKgEaVya9_WAG2TSAA5SdOHoOII409.png','中国很多城市的名字都很好听。乐山，大概是要排进前十的。《醉翁亭记》里说，“山水之乐，得之心而寓之酒也。”仅简单两字，一种山水之美与闲适达观的生活态度就跃然纸上。乐山是中国唯一拥有三处不同类型世界遗产的城市，乐山大佛、峨眉山、东风堰，山水、人...',40908,104,'files/2021-12-29\\3812.html','2019-03-27'),(3816,'斯洛伐克一夜','http://t1-q.mafengwo.net/s13/M00/C0/3F/wKgEaVybKA6ADcrGAAMHN0dmZH005.jpeg','也许斯洛伐克人早已演化出一套方法，学会深藏內里的热烈，用淡漠面向世上的冷酷艰难，但在私心里，他们始终执意守护，从未让热忱的火种冷却。我总诧异，这些不苟言笑的扑克脸，却总能用一碗红通通、热呼呼的汤，温暖你最不济的冷天。那是灰白大地间，星点最明...',38571,234,'files/2021-12-29\\3816.html','2019-03-27'),(3820,'威尼斯会成为“看不见的城市”吗？','http://t1-q.mafengwo.net/s13/M00/3D/E4/wKgEaVybUS6ABQ3RAAUMDj6_8Fg68.jpeg','我走在不知名的小路上，遇见寂寞的教堂，和不知名的广场上踢球的男孩们；在伸手就能触摸到两边的窄巷里侧身躲避人潮；贡多拉来来往往，殷勤招呼着想要多做一桩买卖……水城的日常却突然让我有种莫名的伤感。所有的人都在说威尼斯会成为全球变暖的第一个牺牲品...',39383,165,'files/2021-12-29\\3820.html','2019-03-27'),(3824,'在柬埔寨开诗会','http://t1-q.mafengwo.net/s13/M00/11/0C/wKgEaVycQjaAEnIeAAN9jI73ESI55.jpeg','落日优美，我们一行人各自沉默，思忖万千。一方面是美丽的大自然景色，另一方面是越南难民残酷的生存状况，让每个人都深受震撼，这是混合着同情、惊吓、自省的心灵重击，拷问着每一位有良知的人，更何况是诗人。置身事外是容易的，离开以后我们也不会再来这里...',39806,209,'files/2021-12-29\\3824.html','2019-03-28'),(3828,'胡日尔镇的美术馆','http://t1-q.mafengwo.net/s13/M00/6C/1F/wKgEaVycbJeAYGviAALrRdtOF9w72.jpeg','我们未曾想过，胡日尔镇里令我们印象最深的会是它的小美术馆。与其说是美术馆，其实倒不如喊它小画廊更为贴切，几十平大小，大大小小的油画被悬挂在木制的墙壁上，有些未裱上画框的甚至叠放在入口处的长桌上，供人随意翻阅挑选，若是看上哪幅，除非挂得太高无...',152646,301,'files/2021-12-29\\3828.html','2019-03-28'),(3836,'西安：旧长安的画皮','http://t1-q.mafengwo.net/s13/M00/85/3E/wKgEaVyde_KAA6R1AAKRkpuT5YI19.jpeg','夜里，月亮更亮了，更高了，今日的西安更像长安了。当一个个城市愈来愈变成一堆水泥，西安这个曾经13个王朝的国都，在今天，更像一个旧长安的画皮，从钟楼到城墙，从曲江到芙蓉园。城墙完整绵延，护城河上吊桥板崭新如初建，烽火台放弃了防守只保留制高点的...',180672,333,'files/2021-12-29\\3836.html','2019-03-29'),(3840,'暹粒油淋鱼','http://b1-q.mafengwo.net/s13/M00/28/D0/wKgEaVydzKOAEDx3AAPWkfowMBE25.jpeg','进门前，我从远处往店里打量，老板娘坐在柜台玩电脑，应该不至于发现我。可服务员还是那几个，我从兜里掏出棒球帽戴在头上，掩耳盗铃地伪装了一下就往店里走，也不招呼会中文的店员，对着餐单指了几道预先盘算好的菜。其中当然有油淋鱼，只是这次我点了东星斑...',172688,250,'files/2021-12-29\\3840.html','2019-03-29'),(3844,'夏木尼，小王子的玫瑰城市','http://t1-q.mafengwo.net/s13/M00/66/22/wKgEaVyd58GAXhljAAQKrntxzro72.jpeg','夏木尼（Chamounix）是法国勃朗峰脚下最著名的小城，《小王子》里的玫瑰城市，世界登山运动的发源地。1786年，夏木尼的医生M.G.帕卡尔先生和水晶石采掘人巴尔玛首次登上了勃朗峰。自此以后，来自世界各地的登山爱好者们络绎不绝，这里成为了...',238480,246,'files/2021-12-29\\3844.html','2019-03-29');

/*Table structure for table `t_travelnote_detail` */

DROP TABLE IF EXISTS `t_travelnote_detail`;

CREATE TABLE `t_travelnote_detail` (
  `id` int(11) NOT NULL AUTO_INCREMENT,
  `tn_id` int(11) NOT NULL COMMENT 'travel_note_id',
  `publiser_avatar` varchar(256) DEFAULT NULL COMMENT '游记发布者头像',
  `publiser_name` varchar(128) DEFAULT NULL COMMENT '游记发布者名字',
  `publish_time` varchar(128) DEFAULT NULL COMMENT '游记发布时间',
  `start_time` varchar(128) DEFAULT NULL COMMENT '出发时间',
  `day` varchar(128) DEFAULT NULL COMMENT '天数',
  `cost` varchar(128) DEFAULT NULL COMMENT '费用',
  `content` varchar(128) DEFAULT NULL COMMENT '文章详情（html标签）',
  `create_time` timestamp NOT NULL DEFAULT CURRENT_TIMESTAMP COMMENT '创建时间',
  PRIMARY KEY (`id`),
  KEY `tn_id` (`tn_id`),
  CONSTRAINT `t_travelnote_detail_ibfk_1` FOREIGN KEY (`tn_id`) REFERENCES `t_travel_note` (`id`)
) ENGINE=InnoDB AUTO_INCREMENT=25 DEFAULT CHARSET=utf8mb4;

/*Data for the table `t_travelnote_detail` */

insert  into `t_travelnote_detail`(`id`,`tn_id`,`publiser_avatar`,`publiser_name`,`publish_time`,`start_time`,`day`,`cost`,`content`,`create_time`) values (4,23479471,'http://t1-q.mafengwo.net/s10/M00/30/EA/wKgBZ1jD7pyAAX8xAAC6SsEtMZA65.jpeg','一毁','2021-12-13 10:18','2021-10-01','6 天','1700RMB','files/2021-12-27\\23479471.html','2021-12-27 16:31:54'),(6,23448533,'http://t1-q.mafengwo.net/s11/M00/FE/73/wKgBEFrxd4SAZWdoABb1zYVMmhU62.jpeg','懒鱼','2021-10-25 19:48','2021-03-19','2 天','500RMB','files/2021-12-27\\23448533.html','2021-12-27 20:26:07'),(7,23448683,'http://t1-q.mafengwo.net/s11/M00/39/C9/wKgBEFsMNHSAP9B6AAB4pBBNabs11.jpeg','天硕Timothy','2021-10-26 06:56','2021-05-01','1 天','','files/2021-12-27\\23448683.html','2021-12-27 20:26:50'),(8,23449020,'http://t1-q.mafengwo.net/s10/M00/76/22/wKgBZ1lhyV-AegJSAABvhfcQTBs96.jpeg','小爱喵喵','2021-10-26 16:50','2021-09-30','13 天','','files/2021-12-27\\23449020.html','2021-12-27 20:27:44'),(9,23449646,'http://t1-q.mafengwo.net/s17/M00/28/F4/CoUBXl-NZV2AfaxuAAT42khi1zI46.jpeg','饭团karenchow','2021-10-27 17:59','2021-06-01','30 天','1200RMB','files/2021-12-27\\23449646.html','2021-12-27 20:30:26'),(10,23449874,'http://t1-q.mafengwo.net/s14/M00/04/EC/wKgE2l0lV4WAXAvUAAU8iemleXM95.jpeg','Fier斐儿','2021-10-28 10:22','2021-09-19','19 天','7000RMB','files/2021-12-27\\23449874.html','2021-12-27 20:31:08'),(11,23450371,'http://t1-q.mafengwo.net/s10/M00/15/B8/wKgBZ1nu6syASbjdAACnGcvj0MU10.jpeg','沈奕铭Chew_le','2021-10-29 03:14','2021-10-18','3 天','2000RMB','files/2021-12-27\\23450371.html','2021-12-27 20:31:48'),(12,23450510,'http://t1-q.mafengwo.net/s19/M00/24/CC/CoNElGGz7dNiigo8AACmWbmpJko.jpeg','gloomy','2021-10-29 13:06','2021-09-28','9 天','8000RMB','files/2021-12-27\\23450510.html','2021-12-27 20:38:51'),(13,23450805,'http://t1-q.mafengwo.net/s13/M00/EE/FF/wKgEaV2f8TmAAuhVAADbJg-1Fcg44.jpeg','曹老师SpongeMel','2021-10-29 22:17','2021-10-22','3 天','2000RMB','files/2021-12-27\\23450805.html','2021-12-27 20:42:51'),(14,23451287,'http://t1-q.mafengwo.net/s15/M00/D3/C0/CoUBGV5Os3-AS-10AACxlA_A_Hc33.jpeg','Joyce','2021-10-30 22:03','2021-09-30','6 天','10000RMB','files/2021-12-27\\23451287.html','2021-12-27 20:44:52'),(15,23451807,'http://t1-q.mafengwo.net/s10/M00/D3/BF/wKgBZ1jk4pOAXUnVABaktya6k2k12.jpeg','AKA阿佟木','2021-11-01 08:46','2021-09-27','4 天','5000RMB','files/2021-12-27\\23451807.html','2021-12-27 20:47:21'),(16,23451930,'http://t1-q.mafengwo.net/s10/M00/E5/B6/wKgBZ1ls072ARqyTAAX6xLHVMzA39.jpeg','小卢澄子','2021-11-01 13:06','2021-11-19','10 天','2000RMB','files/2021-12-27\\23451930.html','2021-12-27 20:47:55'),(17,23452555,'http://t1-q.mafengwo.net/s12/M00/23/3A/wKgED1xFwVeAWATjAADF-nyzyzE15.jpeg','烂烂的布头','2021-11-02 15:53','2021-09-27','10 天','6000RMB','files/2021-12-27\\23452555.html','2021-12-27 20:56:31'),(18,23452685,'http://t1-q.mafengwo.net/s16/M00/FF/7E/CoUBUmADoImASBNqACoAUmZylX841.jpeg','Kora','2021-11-02 19:38','2021-09-26','12 天','','files/2021-12-27\\23452685.html','2021-12-27 20:58:35'),(19,23452758,'http://t1-q.mafengwo.net/s17/M00/16/22/CoUBXl_B07OACC8pAAR2OHhhs2A41.jpeg','撄宁','2021-11-02 22:47','2021-10-01','9 天','6000RMB','files/2021-12-27\\23452758.html','2021-12-27 21:01:46'),(20,23452888,'http://t1-q.mafengwo.net/s16/M00/71/80/CoUBUl9GFnCANV98ADg58_hi0Ts78.jpeg','王缘雄壹','2021-11-03 11:20','2021-10-26','3 天','1600RMB','files/2021-12-27\\23452888.html','2021-12-27 21:08:51'),(21,23453056,'http://t1-q.mafengwo.net/s18/M00/CC/54/CoUBYGB8XqWAJGKUAAk_zrzlxiU08.jpeg','好神奇和小蚊子','2021-11-03 16:09','2021-10-04','12 天','6000RMB','files/2021-12-27\\23453056.html','2021-12-27 21:09:44'),(22,23453238,'http://t1-q.mafengwo.net/s12/M00/21/19/wKgED1vXtDCAG7Z4AAnH6j-jLaM83.jpeg','嚯嚯组组长','2021-11-03 21:51','2021-10-01','7 天','4000RMB','files/2021-12-27\\23453238.html','2021-12-27 21:11:58'),(23,23453428,'http://t1-q.mafengwo.net/s14/M00/B8/D7/wKgE2l0NejiAM5AaAAh7QF7pTq030.jpeg','云朵家的旅行日记','2021-11-04 11:43','2021-10-29','2 天','1500RMB','files/2021-12-27\\23453428.html','2021-12-27 21:13:59'),(24,23454772,'http://t1-q.mafengwo.net/s10/M00/77/33/wKgBZ1nThCyAIvXsADZMs5uM3x401.jpeg','晓阳Chosen','2021-11-06 20:52','2021-10-01','10 天','3000RMB','files/2021-12-28\\23454772.html','2021-12-28 14:37:48');

/*Table structure for table `t_user` */

DROP TABLE IF EXISTS `t_user`;

CREATE TABLE `t_user` (
  `user_id` int(11) NOT NULL AUTO_INCREMENT,
  `username` varchar(128) CHARACTER SET utf8 NOT NULL COMMENT '登录用户名',
  `password` varchar(128) CHARACTER SET utf8 NOT NULL COMMENT 'md5加密',
  `nickname` varchar(128) CHARACTER SET utf8 DEFAULT NULL COMMENT '昵称',
  `avatar` varchar(256) CHARACTER SET utf8 DEFAULT NULL COMMENT '用户头像',
  `birthday` date DEFAULT NULL COMMENT '生日',
  `sex` tinyint(1) DEFAULT '1' COMMENT '1-男，0-女',
  `telephone` varchar(18) CHARACTER SET utf8 DEFAULT NULL COMMENT '手机号',
  `email` varchar(128) CHARACTER SET utf8 DEFAULT NULL COMMENT '邮箱',
  `status` tinyint(1) DEFAULT '1' COMMENT '激活状态，1-邮件激活，0-未激活',
  `salt` varchar(256) CHARACTER SET utf8 DEFAULT NULL COMMENT '盐',
  PRIMARY KEY (`user_id`),
  UNIQUE KEY `username` (`username`)
) ENGINE=InnoDB AUTO_INCREMENT=11 DEFAULT CHARSET=utf8mb4 COLLATE=utf8mb4_unicode_ci;

/*Data for the table `t_user` */

insert  into `t_user`(`user_id`,`username`,`password`,`nickname`,`avatar`,`birthday`,`sex`,`telephone`,`email`,`status`,`salt`) values (1,'root','63a51e7c882654e6c2166ea1aac7f35e','站长','https://pics7.baidu.com/feed/f7246b600c33874425a8462cbc90eafed62aa09c.jpeg','2022-01-03',1,'15990076961','135166@qq.com',0,'3'),(2,'唐僧','925cbf40de823f1be80ddc9ef5a4f76c','用户管理员','http://img.netbian.com/file/2021/1120/small146330836ef7c4f756fa8930947314b71637341157.jpg','2004-02-10',1,'15990076961','xxoo@gmail.com',1,'8137'),(3,'孙悟空','925cbf40de823f1be80ddc9ef5a4f76c','路线管理员','https://dd-static.jd.com/ddimg/jfs/t1/160208/19/26450/799181/61e78526E99384bee/7f0bd06e714ea719.png','2021-07-06',1,'15800001111','sunwukong@qq.com',1,'8137'),(4,'张华','123456','小华子','https://dd-static.jd.com/ddimg/jfs/t1/103080/7/22247/421502/61e68b49E78463384/a4a062afdb3111bb.png','2010-01-11',1,'15866663210','',1,NULL),(5,'麦克丽','123456','mick','https://dd-static.jd.com/ddimg/jfs/t1/67409/19/18949/732645/61e68c24Eec697c12/1418a624d43a2552.png','2008-12-30',0,'15622541897','mickLI@gmail.com',1,NULL),(8,'猪八戒','123456','天蓬元帅','https://dd-static.jd.com/ddimg/jfs/t1/207576/27/16284/252132/61e7b6ecE30193a1f/8e6740d65c12c899.png','2019-03-14',1,'13200002222','zhubajie@qq.com',1,NULL),(9,'张歆艺','123c81fcacb9db8ede9783ee9ff1e85f','艺米米','https://dd-static.jd.com/ddimg/jfs/t1/171831/3/27119/69197/61f256ebEbb6fa965/6fe9b244b34190c5.png','2003-01-06',0,'15636552210','zhangxingyi@qq.com',1,'8757'),(10,'米雪儿','3329ecd01edddd69eac6577455987792','雪儿','https://dd-static.jd.com/ddimg/jfs/t1/219501/3/11675/47046/61f256bbEe4bdc7a6/367b79153510c633.png','2008-01-15',0,'15833601123','mixueer@163.com',1,'1355');

/*Table structure for table `t_user_role` */

DROP TABLE IF EXISTS `t_user_role`;

CREATE TABLE `t_user_role` (
  `id` int(11) NOT NULL AUTO_INCREMENT,
  `user_id` int(11) DEFAULT NULL,
  `role_id` int(11) DEFAULT NULL,
  PRIMARY KEY (`id`)
) ENGINE=InnoDB AUTO_INCREMENT=4 DEFAULT CHARSET=utf8mb4 COLLATE=utf8mb4_unicode_ci;

/*Data for the table `t_user_role` */

insert  into `t_user_role`(`id`,`user_id`,`role_id`) values (1,1,1),(2,2,7),(3,3,8);

/*!40101 SET SQL_MODE=@OLD_SQL_MODE */;
/*!40014 SET FOREIGN_KEY_CHECKS=@OLD_FOREIGN_KEY_CHECKS */;
/*!40014 SET UNIQUE_CHECKS=@OLD_UNIQUE_CHECKS */;
/*!40111 SET SQL_NOTES=@OLD_SQL_NOTES */;
